date;message_id;reply_to_msg_id;channel_name;channel_id;sender;sender_id;message;views;comments;reactions;channel_members_count;channel_url;reactions_total;forwarded;forwards;topic_title
2026-09-11 13:39:07+00:00;149735;149733;Боталка(Студенты) — Поступашки;1866807276;;1221977918;чо звал сларк;;;;12027;https://t.me/botalkaaa;0;0;;
2026-09-11 12:50:26+00:00;149733;;Боталка(Студенты) — Поступашки;1866807276;;7795951181;Руслан;;1;;12027;https://t.me/botalkaaa;0;0;;
2026-09-11 12:24:20+00:00;149730;149724;Боталка(Студенты) — Поступашки;1866807276;;6040373192;🤪;;;;12027;https://t.me/botalkaaa;0;0;;
2026-09-11 11:46:28+00:00;149728;;Боталка(Студенты) — Поступашки;1866807276;;628017167;Если за 20-30 часов вообще заплатят, то это уже праздник;;0;;12027;https://t.me/botalkaaa;0;0;;
2026-09-11 11:40:12+00:00;149727;149712;Боталка(Студенты) — Поступашки;1866807276;;1125960956;Кншн за 40, 80 за 20-30 часов это много;;;;12027;https://t.me/botalkaaa;0;0;;
2026-09-11 11:35:43+00:00;149725;149722;Боталка(Студенты) — Поступашки;1866807276;;474815603;В Сбер могу. Можешь в лс написать фио, номер телефона, резюме + ссылка с сайта сбера на интересующую вакансию;;;;12027;https://t.me/botalkaaa;0;0;;
2026-09-11 11:33:38+00:00;149724;149723;Боталка(Студенты) — Поступашки;1866807276;;654225291;насчет мобилки хз, а вот на мобку можно😎;;;;12027;https://t.me/botalkaaa;0;0;;
2026-09-11 11:32:50+00:00;149723;149722;Боталка(Студенты) — Поступашки;1866807276;;6040373192;Мне бы на мобилку, куда угодно хоть;;;;12027;https://t.me/botalkaaa;0;0;;
2026-09-11 11:12:48+00:00;149722;;Боталка(Студенты) — Поступашки;1866807276;;1086504696;Кто может порефить в сбер, втб, яндекс, авито, тбанк и прочие на стажировку?  Позиция: продукт аналитика, бизнес аналитика, системная аналитика, проектный менеджмент, продукт менеджмент и тд;;4;;12027;https://t.me/botalkaaa;0;0;;
2026-09-11 11:10:07+00:00;149721;;Боталка(Студенты) — Поступашки;1866807276;;1074575830;У кого недавно были финалы на мл в яндекс, расскажите, пж, что спрашивали;;0;;12027;https://t.me/botalkaaa;0;0;;
2026-09-11 10:52:19+00:00;149720;;Боталка(Студенты) — Поступашки;1866807276;;1450891648;Почему тут КД на соо минута;;0;;12027;https://t.me/botalkaaa;0;0;;
2026-09-11 10:50:28+00:00;149719;;Боталка(Студенты) — Поступашки;1866807276;;6739633820;Не на штурм, остальное не важно);;0;;12027;https://t.me/botalkaaa;0;0;;
2026-09-11 10:50:24+00:00;149718;;Боталка(Студенты) — Поступашки;1866807276;;1450891648;DevOps/DevSecOps/System. administration, в компанию любую в принципе, наверное кроме Яндекса, туда я точно не пройду алгособес;;0;;12027;https://t.me/botalkaaa;0;0;;
2026-09-11 10:49:14+00:00;149717;149716;Боталка(Студенты) — Поступашки;1866807276;;410368686;Ну, в какую компанию, на какой профиль;;;;12027;https://t.me/botalkaaa;0;0;;
2026-09-11 10:48:20+00:00;149716;;Боталка(Студенты) — Поступашки;1866807276;;1450891648;Ну желательно туда где будут платить деньги, иди ты про вакансию?;;1;;12027;https://t.me/botalkaaa;0;0;;
2026-09-11 10:47:26+00:00;149715;149714;Боталка(Студенты) — Поступашки;1866807276;;935597178;а куда;;;;12027;https://t.me/botalkaaa;0;0;;
2026-09-11 10:46:14+00:00;149714;;Боталка(Студенты) — Поступашки;1866807276;;1450891648;Кто-то может рефку на стажку или вакансию закинуть?);;1;;12027;https://t.me/botalkaaa;0;0;;
2026-09-11 10:44:54+00:00;149713;;Боталка(Студенты) — Поступашки;1866807276;;1450891648;К слову;;0;;12027;https://t.me/botalkaaa;0;0;;
2026-09-11 10:42:03+00:00;149712;149711;Боталка(Студенты) — Поступашки;1866807276;;1450891648;Явно не 40, думаю 20-30;;;;12027;https://t.me/botalkaaa;0;0;;
2026-09-11 10:41:34+00:00;149711;149707;Боталка(Студенты) — Поступашки;1866807276;;1081168275;Вилки скорее всего за 40ч в неделю, а не 20?;;;;12027;https://t.me/botalkaaa;0;0;;
2026-09-11 10:39:34+00:00;149710;149709;Боталка(Студенты) — Поступашки;1866807276;;1450891648;Где за 80 мтс;;;;12027;https://t.me/botalkaaa;0;0;;
2026-09-11 10:39:15+00:00;149709;149707;Боталка(Студенты) — Поступашки;1866807276;;1627316505;А в каких они компаниях и направление?;;;;12027;https://t.me/botalkaaa;0;0;;
2026-09-11 10:31:50+00:00;149708;;Боталка(Студенты) — Поступашки;1866807276;;6739633820;Понял, спасибо;;0;;12027;https://t.me/botalkaaa;0;0;;
2026-09-11 10:29:19+00:00;149707;;Боталка(Студенты) — Поступашки;1866807276;;1450891648;Знакомый один за 60 стажируются другой за 80;;5;;12027;https://t.me/botalkaaa;0;0;;
2026-09-11 10:28:06+00:00;149706;149705;Боталка(Студенты) — Поступашки;1866807276;;1450891648;От региона много зависит и компании;;;;12027;https://t.me/botalkaaa;0;0;;
2026-09-11 10:26:19+00:00;149705;;Боталка(Студенты) — Поступашки;1866807276;;6739633820;Привет всем, а какой сейчас рынок на стажировку на 20-24 часа, на какую сумму можно рассчитывать?;;1;;12027;https://t.me/botalkaaa;0;0;;
2026-09-11 10:03:29+00:00;149703;;Боталка(Студенты) — Поступашки;1866807276;;8512333032;Друзья, всем привет, 19 сентября будет проходить посвят в клубе анима. Кому интересно, пишите, про все расскажу и во всем помогу;;0;;12027;https://t.me/botalkaaa;0;0;;
2026-09-11 04:53:43+00:00;149693;149689;Боталка(Студенты) — Поступашки;1866807276;;1492088617;Хз я конечно не брал, но сам готовился по вебинарам БУ в том числе - мне зашло;;;;12027;https://t.me/botalkaaa;0;0;;
2026-09-11 04:53:26+00:00;149692;;Боталка(Студенты) — Поступашки;1866807276;;5670134162;понял, учту, спасибо;;0;;12027;https://t.me/botalkaaa;0;0;;
2026-09-11 04:52:08+00:00;149691;149687;Боталка(Студенты) — Поступашки;1866807276;;1492088617;Ну, если отбросить что мне просто лично 100б не нравится, то там человек вместо корректного объяснения обсуждает все на примере с бомжами, наркоманами и т д. Я понимаю шутки и прочее, но их по ощущениям слишком много у него, перегибает палку. Ну как будто математика это не то место где так нужно объяснять  Если как контрпример брать Трушина или МО, то там тоже есть мемчики и шутки, но они в тему и в нормальном количестве Да и в целом, я конечно не знаю как у Ильича, но я не верю что такой человек может объяснить прям полноценно тему, возможно немного залазя в вышмат даже для понимания. Напротив, того же Трушина студенты тоже смотрят с кайфом;;;;12027;https://t.me/botalkaaa;0;0;;
2026-09-11 04:52:07+00:00;149690;149689;Боталка(Студенты) — Поступашки;1866807276;;8032400502;У школково и русский на любителя если уж честно говорить...;;;;12027;https://t.me/botalkaaa;0;0;;
2026-09-11 04:51:31+00:00;149689;;Боталка(Студенты) — Поступашки;1866807276;;1731478556;Главное в школково информатику не берите, говорю как их бывший куратор и методист;;2;;12027;https://t.me/botalkaaa;0;0;;
2026-09-11 04:50:39+00:00;149688;149687;Боталка(Студенты) — Поступашки;1866807276;;8032400502;Да норм с ним все, просто подача многим не нравится;;;;12027;https://t.me/botalkaaa;0;0;;
2026-09-11 04:48:49+00:00;149687;149686;Боталка(Студенты) — Поступашки;1866807276;;5670134162;а чо с ильичом не так прост думал курс взять у него, вроде норм (по открытым вебам с ютуба знаю о нем тока);;;;12027;https://t.me/botalkaaa;0;0;;
2026-09-11 04:40:14+00:00;149686;149681;Боталка(Студенты) — Поступашки;1866807276;;1492088617;Не покупайте ильича пожалуйста Это издевательство, а не преподавание Со школково согласен, есть еще из крутых вариантов фоксфорд (Трушин) и профиматика.;;;;12027;https://t.me/botalkaaa;0;0;;
2026-09-11 03:56:22+00:00;149682;;Боталка(Студенты) — Поступашки;1866807276;;1731478556;Так же для людей с приграничья, школково бесплатно 4 курса дает, кому то точно поможет;;0;;12027;https://t.me/botalkaaa;0;0;;
2026-09-11 03:55:08+00:00;149681;149535;Боталка(Студенты) — Поступашки;1866807276;;1731478556;Математика - школково, самый лучший препод которого встречал, еще прикольный Ильич, но про него ничего кроме этого сказать не могу;;;;12027;https://t.me/botalkaaa;0;0;;
2026-09-11 01:24:30+00:00;149680;149535;Боталка(Студенты) — Поступашки;1866807276;;1171499139;по русскому языку рекомендую соточку по русскому,вебинары на ютубе плюс курсы на степике;;;;12027;https://t.me/botalkaaa;0;0;;
2026-09-11 01:00:09+00:00;149679;149648;Боталка(Студенты) — Поступашки;1866807276;;2082320257;собес ну хотя бы какой то ответ от т3;;;;12027;https://t.me/botalkaaa;0;0;;
2026-09-10 20:32:49+00:00;149677;;Боталка(Студенты) — Поступашки;1866807276;;693412296;те кто прошел на стажку ml-инжинера, вам резы намного раньше приходили, или к дате указанной на контесте? (в нашем случае 1 ноября);;0;;12027;https://t.me/botalkaaa;0;0;;
2026-09-10 19:47:26+00:00;149675;149674;Боталка(Студенты) — Поступашки;1866807276;;729244559;Где ты живёшь;;;;12027;https://t.me/botalkaaa;0;0;;
2026-09-10 19:47:16+00:00;149674;149662;Боталка(Студенты) — Поступашки;1866807276;;1663223505;Да просто как факт. Первым вопросом в чате спрашивать где я живу;;;;12027;https://t.me/botalkaaa;0;0;;
2026-09-10 19:44:18+00:00;149673;149672;Боталка(Студенты) — Поступашки;1866807276;;729244559;Ну это да. Но в Астане пизже;;;;12027;https://t.me/botalkaaa;0;0;;
2026-09-10 19:44:03+00:00;149672;149671;Боталка(Студенты) — Поступашки;1866807276;;1447893994;Лучше чем фдс/дас;;;;12027;https://t.me/botalkaaa;0;0;;
2026-09-10 19:43:17+00:00;149671;149669;Боталка(Студенты) — Поступашки;1866807276;;729244559;Хуйня полная, согласен;;;;12027;https://t.me/botalkaaa;0;0;;
2026-09-10 19:43:14+00:00;149670;149666;Боталка(Студенты) — Поступашки;1866807276;;706164601;Почти сосед;;;;12027;https://t.me/botalkaaa;0;0;;
2026-09-10 19:42:47+00:00;149669;149665;Боталка(Студенты) — Поступашки;1866807276;;1447893994;Ого я там жил;;;;12027;https://t.me/botalkaaa;0;0;;
2026-09-10 19:42:16+00:00;149668;;Боталка(Студенты) — Поступашки;1866807276;;729244559;Ахахаха;;0;;12027;https://t.me/botalkaaa;0;0;;
2026-09-10 19:42:11+00:00;149667;;Боталка(Студенты) — Поступашки;1866807276;;74216408;Что за флешмоб не пойму;;0;;12027;https://t.me/botalkaaa;0;0;;
2026-09-10 19:41:58+00:00;149666;;Боталка(Студенты) — Поступашки;1866807276;;6478257531;Первомайская 32 к2;;1;;12027;https://t.me/botalkaaa;0;0;;
2026-09-10 19:39:34+00:00;149665;149663;Боталка(Студенты) — Поступашки;1866807276;;729244559;Кравченко, дом 7;;;;12027;https://t.me/botalkaaa;0;0;;
2026-09-10 19:38:24+00:00;149663;;Боталка(Студенты) — Поступашки;1866807276;;1447893994;Улица Яблочкова дом 5;;5;;12027;https://t.me/botalkaaa;0;0;;
2026-09-10 19:38:06+00:00;149662;149659;Боталка(Студенты) — Поступашки;1866807276;;74216408;Мог бы просто наврать и всё;;;;12027;https://t.me/botalkaaa;0;0;;
2026-09-10 19:37:54+00:00;149661;149659;Боталка(Студенты) — Поступашки;1866807276;;1119732245;Нафиг не надо, правильно поступил;;;;12027;https://t.me/botalkaaa;0;0;;
2026-09-10 19:37:03+00:00;149660;149627;Боталка(Студенты) — Поступашки;1866807276;;1447893994;Так в цу полно дизайнерш теперь;;;;12027;https://t.me/botalkaaa;0;0;;
2026-09-10 19:36:11+00:00;149659;149657;Боталка(Студенты) — Поступашки;1866807276;;1663223505;Дак мне нафига деанонить рандом челу свое место жительства;;;;12027;https://t.me/botalkaaa;0;0;;
2026-09-10 19:33:32+00:00;149658;;Боталка(Студенты) — Поступашки;1866807276;;706164601;Ор;;0;;12027;https://t.me/botalkaaa;0;0;;
2026-09-10 19:32:37+00:00;149657;;Боталка(Студенты) — Поступашки;1866807276;;1119732245;Кому нужен адрес общаги, куда без твоего приглашения нельзя пройти;;5;;12027;https://t.me/botalkaaa;0;0;;
2026-09-10 19:30:15+00:00;149656;149655;Боталка(Студенты) — Поступашки;1866807276;;1663223505;Ты не ответил на вопрос зачем тебе мой адрес . Так не знакомятся;;;;12027;https://t.me/botalkaaa;0;0;;
2026-09-10 19:27:28+00:00;149655;149653;Боталка(Студенты) — Поступашки;1866807276;;1119732245;Если через полгорода от меня живешь, то смысла особого нет с тобой контачиться. У ВШЭ общагами по всему городу насрано;;;;12027;https://t.me/botalkaaa;0;0;;
2026-09-10 19:26:17+00:00;149654;149650;Боталка(Студенты) — Поступашки;1866807276;;6478257531;Я не помню у тебя ли еще машины на авах были;;;;12027;https://t.me/botalkaaa;0;0;;
2026-09-10 19:26:09+00:00;149653;149650;Боталка(Студенты) — Поступашки;1866807276;;1663223505;Так не знакомятся мне кажется;;;;12027;https://t.me/botalkaaa;0;0;;
2026-09-10 19:25:01+00:00;149651;149650;Боталка(Студенты) — Поступашки;1866807276;;6478257531;Бро ты меня помнишь? У меня раньше был ник Адольф, котик красивый ?;;;;12027;https://t.me/botalkaaa;0;0;;
2026-09-10 19:23:59+00:00;149650;149649;Боталка(Студенты) — Поступашки;1866807276;;1119732245;Хотел познакомиться с челом из одного города, а он побоялся чего то и наныл.... Ну окей;;;;12027;https://t.me/botalkaaa;0;0;;
2026-09-10 19:17:36+00:00;149649;149636;Боталка(Студенты) — Поступашки;1866807276;;1663223505;Не переходите в ЛС, чел просто отнимет ваше время.;;;;12027;https://t.me/botalkaaa;0;0;;
2026-09-10 18:59:46+00:00;149648;149646;Боталка(Студенты) — Поступашки;1866807276;;1627316505;Ты про ТЗ или собес?;;;;12027;https://t.me/botalkaaa;0;0;;
2026-09-10 18:50:30+00:00;149647;149638;Боталка(Студенты) — Поступашки;1866807276;;8605925405;Мой друг тоже подавал на эту волну, но ему пока ничего не писали, прошло уже почти 2 недели По их словам обычно отвечают в течение 1-3 месяцев, хотя часто отвечают раньше. У кого-то из знакомых в прошлом наборе ответ пришёл через полторы недели после дедлайна, у кого-то ближе к концу октября. Так что я бы пока не парился из-за этого;;;;12027;https://t.me/botalkaaa;0;0;;
2026-09-10 18:38:21+00:00;149646;;Боталка(Студенты) — Поступашки;1866807276;;2082320257;у кого нибудь уже получили ответ от отбора авито для разработчиков?;;2;;12027;https://t.me/botalkaaa;0;0;;
2026-09-10 16:48:16+00:00;149643;;Боталка(Студенты) — Поступашки;1866807276;;721191279;А как часто авито открывают набор на буткемп дс? После нынешнего когда примерно в следующий раз будет?;;0;;12027;https://t.me/botalkaaa;0;0;;
2026-09-10 16:46:37+00:00;149639;149638;Боталка(Студенты) — Поступашки;1866807276;;1095609304;от 2 недель до 1 ноября;;;;12027;https://t.me/botalkaaa;0;0;;
2026-09-10 16:45:51+00:00;149638;;Боталка(Студенты) — Поступашки;1866807276;;7980185389;всем привет! Такой вопрос, подавал на стажку в Тбанк, дедлайн которой был 6 сентября  В среднем сколько ответ ждать?;;2;;12027;https://t.me/botalkaaa;0;0;;
2026-09-10 16:18:02+00:00;149637;;Боталка(Студенты) — Поступашки;1866807276;;470262136;ребят у кого то есть тест по джаве, скиньте в лс, ty;;0;;12027;https://t.me/botalkaaa;0;0;;
2026-09-10 16:16:21+00:00;149636;149635;Боталка(Студенты) — Поступашки;1866807276;;1119732245;Лс напиши;;;;12027;https://t.me/botalkaaa;0;0;;
2026-09-10 16:15:21+00:00;149635;149634;Боталка(Студенты) — Поступашки;1866807276;;1663223505;Второкур;;;;12027;https://t.me/botalkaaa;0;0;;
2026-09-10 16:13:44+00:00;149634;149632;Боталка(Студенты) — Поступашки;1866807276;;1119732245;Ты первокур?;;;;12027;https://t.me/botalkaaa;0;0;;
2026-09-10 16:12:35+00:00;149633;149627;Боталка(Студенты) — Поступашки;1866807276;;1119732245;Лс;;;;12027;https://t.me/botalkaaa;0;0;;
2026-09-10 16:11:15+00:00;149632;149631;Боталка(Студенты) — Поступашки;1866807276;;1663223505;У нас в хсе в крови дизайн и управление бизнесом. Так что в итоге? Или нда;;;;12027;https://t.me/botalkaaa;0;0;;
2026-09-10 16:10:13+00:00;149631;149630;Боталка(Студенты) — Поступашки;1866807276;;836457916;ты не дизайрнерша хсе;;;;12027;https://t.me/botalkaaa;0;0;;
2026-09-10 16:09:47+00:00;149630;149627;Боталка(Студенты) — Поступашки;1866807276;;1663223505;Интереса ради что за хакатон и какой приз;;;;12027;https://t.me/botalkaaa;0;0;;
2026-09-10 16:04:17+00:00;149629;;Боталка(Студенты) — Поступашки;1866807276;;836457916;я все видел я не собираюсь никого похищать;;0;;12027;https://t.me/botalkaaa;0;0;;
2026-09-10 15:47:32+00:00;149627;;Боталка(Студенты) — Поступашки;1866807276;;836457916;Сильная команда (призер imc, kaggle master, 2 почти выпускника шада, яндексоид,  ex MIT) ищет дизайнершу на хакатон с большим призовым фондом. за подробностями в лс;;15;;12027;https://t.me/botalkaaa;0;0;;
2026-09-10 15:37:09+00:00;149626;;Боталка(Студенты) — Поступашки;1866807276;;619229681;Задачи по математике с собеседований в Яндекс, которые спрашивают сейчас аналитиков и мл специалистов и иногда даже по приколу разрабов. Эти задачи - базовый минимум, их должен уметь решать каждый закончивший 3 курса высшего учебного заведения вне зависимости от того идете вы в Яндекс или в другую контору. Поэтому сохраняем себе, делимся с друзьями такой годнотой!   Еще больше закрытых материалов и инсайдов на[ наших курсах ПРО](https://t.me/m/p94YcePXNjcy), на которых уже выложен разбор обновленного контеста в Яндекс.  ➡️[ Записаться](https://t.me/m/p94YcePXNjcy).   Также не забываем про наши банки задач с собесов:  —[ **Аналитика **](http://t.me/analytic_postypashki) —[ **ML & DS**](http://t.me/postypashki_ml) — [**Бэкенд **](http://t.me/backend_postypashki) — [**Фронтенд **](http://t.me/frontend_postypashki) — [**Алгоритмы**](http://t.me/algoses_postypashki) — [**Swift **](http://t.me/swift_postypashki)  **Подписаться: ****@matesha_shad**;3865.0;0;;12027;https://t.me/botalkaaa;0;1;218.0;
2026-09-10 14:06:21+00:00;149621;;Боталка(Студенты) — Поступашки;1866807276;;5534722468;кто-то проходил сб в сбере? напишите в лс плиз;;0;;12027;https://t.me/botalkaaa;0;0;;
2026-09-10 13:36:19+00:00;149618;149617;Боталка(Студенты) — Поступашки;1866807276;;666977779;Кста хз, мне дали скип контеста. Я думал нету, ну тип на летнюю школу прокторинга не было на контесте;;;;12027;https://t.me/botalkaaa;0;0;;
2026-09-10 13:34:41+00:00;149617;149616;Боталка(Студенты) — Поступашки;1866807276;;5243695054;прокторинг работает  ?;;;;12027;https://t.me/botalkaaa;0;0;;
2026-09-10 13:34:21+00:00;149616;149615;Боталка(Студенты) — Поступашки;1866807276;;666977779;У чата гпт);;;;12027;https://t.me/botalkaaa;0;0;;
2026-09-10 13:20:15+00:00;149615;;Боталка(Студенты) — Поступашки;1866807276;;5243695054;Добрый день! есть у кого решения контеста яндекса?;;3;;12027;https://t.me/botalkaaa;0;0;;
2026-09-10 10:49:21+00:00;149609;;Боталка(Студенты) — Поступашки;1866807276;;1892591263;Друзья, а кто-нибудь проходил отбор на буткемп от Авито по дс?;;0;;12027;https://t.me/botalkaaa;0;0;;
2026-09-09 17:05:53+00:00;149581;;Боталка(Студенты) — Поступашки;1866807276;;619229681;**Как попасть в HFT компанию**  HFT компании зарабатывают на небольших изменениях цен, осуществляя тысячи или даже миллионы транзакций в день. В этих компаниях работают не только разработчики, но и много других специалистов с разной квалификацией. Один из выпускников наших курсов не первый год работает в этой сфере на позициях **Quantitative Researcher** и **ML Researcher**, специально для вас, товарищи, попросил его поделиться своим опытом. Далее идет оригинальный текст.  Существует два вида HFT компаний. Одни зарабатывают много, а другие по меркам HFT достаточно мало, например это может быть компании, которые зарабатывают на крипте. В основном HFT компаний, которые находятся на территории РФ считаются не такими сильными, и платят там мало в рамках HFT, но сильно больше чем остальным на рынке it. Большинство топовых компаний находятся в штатах и Европе. В топовые компании отобраться конечно же сложнее. Также вам нужно помнить, что в большинстве HFT компаниях сильные переработки, сотрудники там надолго не задерживаются, отбор кандидатов может быть как и очень жестким, так и на уровне остальных IT компаний.   Перечислим парочку HFT компаниям, в которые весьма реально попасть гражданину РФ.  1. [Pinely](https://pinely.com/): Активно спонсирует разные олимпиады в духе ICPC. Очень много русскоговорящих сотрудников, по моим наблюдениям их большинство. Там работают такие легенды как Михаил Тихомиров, Михаил Ипатов (чемпионы мира по ICPC и не только). Компания определенно считается хорошей и скажу так, что весьма реально туда устроиться, например через стажировки. Кстати там много выпускников ШАДа, потому можно и рефералку пробить через знакомых. 2. [Teza](https://www.teza.com/careers/): Вообще компания американская, но есть филиал в Ереване, компания в целом неплохая, платят достойные деньги, переработок сильных нет, собесы адекватные. Но скорее всего вы там реально большие деньги зарабатывать не будете.   3. [Àlber Blanc](https://alberblanc.com/): Пожалуй самая успешная русскоговорящая компания, платят кстати достаточно хорошо, но отбор непростой и скорее всего придется переехать в Европу, но однозначно советую эту компанию.   С остальными компаниями, где много русскоговорящих вы можете ознакомиться [тут](https://t.me/matesha_shad/376).  Также есть [Fast Forward](https://www.fastforward.pro/) и [SPECTRAL](https://spectral.tech/) в эти компании относительно легче попасть (собесы на русском). Конечно, есть и всякие [акулы рынка](https://blog.grainstonelee.com/insight/top-50-hft-firms-and-their-history), куда тоже можно попробовать податься.    **Подготовка** Очень важно знать математику. Фундамент как всегда теор вер, статистика, линейная алгебра, матан, много задач на логику. Также к акулам понадобятся слупы, диффуры и вариационное исчисление. Поэтому для начала ботаем дисциплины в ВУЗе или на курсах. Потом, чтобы привыкнуть к формату, отдельно прорешиваем задачи с собесов, например, [отсюда](https://www.glassdoor.com/Interview/quantitative-researcher-interview-questions-SRCH_KO0,23_IP2.htm).  Простой поиск Quant Technical Interview Questions позволяет найти много задач по математике с разбором на форумах, которые попадались на собесах. Но лично мне не хватало структуры и терпения во всем этом капаться, поэтому я просто взял курсы Поступашек и на своем примере могу сказать, что мне более чем всего хватило)  Еще собесы могут быть на английском, нужно научиться решать на автопилоте.   Также необходимо знать алгоритмы. Обычно в HFT компаниях задачи по алгосам сложнее, чем в остальных компаниях. Здесь вам с легкостью может попасться задача на ДО, ДП и тд. В целом вы можете на литкоде купить подписку и посмотреть задачи от нескольких HFT компаний, чтобы сориентироваться в уровне. Немало таких задач с разбором выкладывается [здесь](http://t.me/algoses). Еще советую для подготовки [наш курс алгоритмы про](https://t.me/postypashki_old/1859). ➡[ Записаться](https://t.me/m/p94YcePXNjcy).   Дальше по классике, хорошо бы знать жесткие плюсы, разбираться в МЛ и распределенных системах. Ждем 500 огоньков и пишем разбор по подготовке математике, С++, МЛ в HFT.    Бонус для тех кто дочитал до конца.  Открываем [гит](https://github.com/SimplifyJobs/Summer2025-Internships?tab=readme-ov-filehttps://github.com/SimplifyJobs/Summer2025-Internships?tab=readme-ov-file) и вводим в поиск Quantitative и сможете увидеть потенциально большой список HFT компаний, которые как и нанимают сотрудников, так и проводят стажировка на 2027 год!  **Подписаться: ****@chad_protocol**;4095.0;0;;12027;https://t.me/botalkaaa;0;1;151.0;
2026-09-09 15:32:32+00:00;149574;149569;Боталка(Студенты) — Поступашки;1866807276;;6739633820;Главное чтобы взяли, а то тот еще подарочек будет;;;;12027;https://t.me/botalkaaa;0;0;;
2026-09-09 14:17:13+00:00;149569;149568;Боталка(Студенты) — Поступашки;1866807276;;5076847973;Подарочек на днюху мою;;;;12027;https://t.me/botalkaaa;0;0;;
2026-09-09 14:11:59+00:00;149568;149567;Боталка(Студенты) — Поступашки;1866807276;;5775360356;1 ноября просто реджект приходит всем, а на собесы раньше зовут;;;;12027;https://t.me/botalkaaa;0;0;;
2026-09-09 13:36:28+00:00;149567;;Боталка(Студенты) — Поступашки;1866807276;;1891726207;подскажите пж, это опять ошибка в датах или правда такой разрыв между резами и дедлайном?;;3;;12027;https://t.me/botalkaaa;0;0;;
2026-09-09 11:43:00+00:00;149559;;Боталка(Студенты) — Поступашки;1866807276;;588194295;Привет, есть у кого вопросы теста (30 вопросов который) на т банк стажу по направлению **SRE-инженер?**;;0;;12027;https://t.me/botalkaaa;0;0;;
2026-09-09 10:17:51+00:00;149558;;Боталка(Студенты) — Поступашки;1866807276;;568386052;Спасибо! Тогда буду брать Кабанова;;0;;12027;https://t.me/botalkaaa;0;0;;
2026-09-09 09:59:32+00:00;149557;149556;Боталка(Студенты) — Поступашки;1866807276;;6739633820;Поэтому и советую);;;;12027;https://t.me/botalkaaa;0;0;;
2026-09-09 09:58:20+00:00;149556;149555;Боталка(Студенты) — Поступашки;1866807276;;1115880745;Кабанов топ;;;;12027;https://t.me/botalkaaa;0;0;;
2026-09-09 09:56:30+00:00;149555;149535;Боталка(Студенты) — Поступашки;1866807276;;6739633820;Мое мнение: информатика Кабанов и Джобс, математика 100б/школково;;;;12027;https://t.me/botalkaaa;0;0;;
2026-09-09 09:54:51+00:00;149554;149553;Боталка(Студенты) — Поступашки;1866807276;;5024258229;Ого, спасибо!;;;;12027;https://t.me/botalkaaa;0;0;;
2026-09-09 09:53:38+00:00;149553;149552;Боталка(Студенты) — Поступашки;1866807276;;1294774551;баллы уже есть там;;;;12027;https://t.me/botalkaaa;0;0;;
2026-09-09 09:49:24+00:00;149552;149501;Боталка(Студенты) — Поступашки;1866807276;;5024258229;А разве не 1го ноября результаты?;;;;12027;https://t.me/botalkaaa;0;0;;
2026-09-09 08:33:51+00:00;149547;149545;Боталка(Студенты) — Поступашки;1866807276;;365748517;безы если возьмутся то ничего не скроешь, у тебя физ локация устройства может отслеживаться;;;;12027;https://t.me/botalkaaa;0;0;;
2026-09-09 08:31:56+00:00;149545;;Боталка(Студенты) — Поступашки;1866807276;;1261199930;Ну хз, можно же наверное как то сделать чтобы без подозрений);;1;;12027;https://t.me/botalkaaa;0;0;;
2026-09-09 08:31:14+00:00;149541;149540;Боталка(Студенты) — Поступашки;1866807276;;365748517;возможно) но очень-очень рисково и нежелательно, при малейшем подозрении вылетишь;;;;12027;https://t.me/botalkaaa;0;0;;
2026-09-09 08:30:17+00:00;149540;149538;Боталка(Студенты) — Поступашки;1866807276;;1261199930;Возможно ли это, с учетом того что запрещено, в этом вопрос;;;;12027;https://t.me/botalkaaa;0;0;;
2026-09-09 08:30:14+00:00;149539;;Боталка(Студенты) — Поступашки;1866807276;;365748517;наказать могут очень строго;;0;;12027;https://t.me/botalkaaa;0;0;;
2026-09-09 08:29:12+00:00;149538;149537;Боталка(Студенты) — Поступашки;1866807276;;365748517;в чем вопрос? можно где запрещено? а вообще есть люди которые только с впном российским выходят, но не факт, что не спалят;;;;12027;https://t.me/botalkaaa;0;0;;
2026-09-09 08:26:35+00:00;149537;;Боталка(Студенты) — Поступашки;1866807276;;1261199930;Привет, шарит кто-нибудь, можно ли работать заграницей в компаниях где это запрещено?;;3;;12027;https://t.me/botalkaaa;0;0;;
2026-09-09 08:19:03+00:00;149536;149534;Боталка(Студенты) — Поступашки;1866807276;;808403694;нифига;;;;12027;https://t.me/botalkaaa;0;0;;
2026-09-09 08:10:17+00:00;149535;;Боталка(Студенты) — Поступашки;1866807276;;568386052;Всем привет! Здесь есть кто недавно сдавал ЕГЭ или собирается сдавать, какие вы брали курсы для подготовки к информатике и математике? Возможно можете что то посоветовать?;;9;;12027;https://t.me/botalkaaa;0;0;;
2026-09-09 07:47:18+00:00;149534;149532;Боталка(Студенты) — Поступашки;1866807276;;5618290977;Да, там просто вопросы;;;;12027;https://t.me/botalkaaa;0;0;;
2026-09-09 07:31:02+00:00;149532;;Боталка(Студенты) — Поступашки;1866807276;;8652016305;Тинькоф тест на знание основ Java как обычно вопросы? Не изменили?;;2;;12027;https://t.me/botalkaaa;0;0;;
2026-09-09 05:47:21+00:00;149529;;Боталка(Студенты) — Поступашки;1866807276;;1007753783;Спасибо! Я всё на аналитику не дождусь, то ли уже был, то ли только будет :(;;0;;12027;https://t.me/botalkaaa;0;0;;
2026-09-09 05:46:34+00:00;149528;149527;Боталка(Студенты) — Поступашки;1866807276;;666977779;Ну я на гошку;;;;12027;https://t.me/botalkaaa;0;0;;
2026-09-09 05:46:09+00:00;149527;149521;Боталка(Студенты) — Поступашки;1866807276;;1007753783;Я немного проморгал, а это на какое направление у них сейчас?;;;;12027;https://t.me/botalkaaa;0;0;;
2026-09-09 05:22:03+00:00;149526;149501;Боталка(Студенты) — Поступашки;1866807276;;288103794;Да приходил;;;;12027;https://t.me/botalkaaa;0;0;;
2026-09-08 22:11:06+00:00;149523;;Боталка(Студенты) — Поступашки;1866807276;;1410351570;Собесят уже, там тайминги зависят от того когда подавал;;0;;12027;https://t.me/botalkaaa;0;0;;
2026-09-08 22:09:35+00:00;149522;149521;Боталка(Студенты) — Поступашки;1866807276;;841508649;До 18 сентября, не удивлюсь если чуть раньше начнут звать на собесы;;;;12027;https://t.me/botalkaaa;0;0;;
2026-09-08 21:31:17+00:00;149521;;Боталка(Студенты) — Поступашки;1866807276;;666977779;Скок примерно ждать резы по 2 этапу отбора в авито?;;3;;12027;https://t.me/botalkaaa;0;0;;
2026-09-08 20:15:04+00:00;149517;;Боталка(Студенты) — Поступашки;1866807276;;1489826664;plati ru;;0;;12027;https://t.me/botalkaaa;0;0;;
2026-09-08 20:14:17+00:00;149516;;Боталка(Студенты) — Поступашки;1866807276;;1010184698;друзья, подскажите проверенного продавца, чтоб подписку на клод купить;;0;;12027;https://t.me/botalkaaa;0;0;;
2026-09-08 19:54:55+00:00;149515;149465;Боталка(Студенты) — Поступашки;1866807276;;1196753649;Что за интенсив? Скок идет, какие бенефиты с него получаешь?;;;;12027;https://t.me/botalkaaa;0;0;;
2026-09-08 18:55:25+00:00;149511;149510;Боталка(Студенты) — Поступашки;1866807276;;1095609304;сяб за ответы  лучший;;;;12027;https://t.me/botalkaaa;0;0;;
2026-09-08 18:54:33+00:00;149510;149509;Боталка(Студенты) — Поступашки;1866807276;;7629930608;Да;;;;12027;https://t.me/botalkaaa;0;0;;
2026-09-08 18:54:24+00:00;149509;149508;Боталка(Студенты) — Поступашки;1866807276;;1095609304;а кому автореджект прилетает, им тест недоступен выходит?;;;;12027;https://t.me/botalkaaa;0;0;;
2026-09-08 18:51:05+00:00;149508;149507;Боталка(Студенты) — Поступашки;1866807276;;7629930608;"После первого прилетает либо автореджект, либо приглашение на тест на знание языка, после теста ""Результаты 1 ноября"". p.s на разработке так, наверное везде также";;;;12027;https://t.me/botalkaaa;0;0;;
2026-09-08 18:49:41+00:00;149507;149502;Боталка(Студенты) — Поступашки;1866807276;;1095609304;не, мне просто интересно, там в ЛК будет что-то отображаться в таком случае или не;;;;12027;https://t.me/botalkaaa;0;0;;
2026-09-08 18:48:25+00:00;149506;149501;Боталка(Студенты) — Поступашки;1866807276;;8525858154;Нет, всех взяли;;;;12027;https://t.me/botalkaaa;0;0;;
2026-09-08 18:45:02+00:00;149505;;Боталка(Студенты) — Поступашки;1866807276;;8181234430;Есть тут те кто на стажку аналитика будут подавать в декабре-январе?;;0;;12027;https://t.me/botalkaaa;0;0;;
2026-09-08 18:29:41+00:00;149502;149501;Боталка(Студенты) — Поступашки;1866807276;;7629930608;а тебе уже пришел?;;;;12027;https://t.me/botalkaaa;0;0;;
2026-09-08 18:27:08+00:00;149501;;Боталка(Студенты) — Поступашки;1866807276;;1095609304;кому-нибудь приходил отказ в тиньке?;;11;;12027;https://t.me/botalkaaa;0;0;;
2026-09-08 18:07:32+00:00;149499;;Боталка(Студенты) — Поступашки;1866807276;;924720362;ребята,какие курсы лучше купить по аналитики? у какой школы и какой именно?;;0;;12027;https://t.me/botalkaaa;0;0;;
2026-09-08 17:43:37+00:00;149496;;Боталка(Студенты) — Поступашки;1866807276;;808403694;если чтоб решать, то гпт в помощь;;0;;12027;https://t.me/botalkaaa;0;0;;
2026-09-08 17:41:08+00:00;149495;;Боталка(Студенты) — Поступашки;1866807276;;811603164;увидеть что там;;0;;12027;https://t.me/botalkaaa;0;0;;
2026-09-08 17:40:53+00:00;149494;149493;Боталка(Студенты) — Поступашки;1866807276;;808403694;зачем;;;;12027;https://t.me/botalkaaa;0;0;;
2026-09-08 17:39:55+00:00;149493;;Боталка(Студенты) — Поступашки;1866807276;;811603164;есть слив теста по питону в тинькоф? (не экз, а теста, 2ой этап);;1;;12027;https://t.me/botalkaaa;0;0;;
2026-09-08 17:34:25+00:00;149492;;Боталка(Студенты) — Поступашки;1866807276;;619229681;**Задача с собеседования в** **Zepto**  Есть автомобиль с определённым количеством посадочных мест (capacity). Автомобиль движется только на восток (т.е. он не может развернуться и поехать на запад). Даны целое число capacity и массив trips, где trips[i] = [numPassengersᵢ, fromᵢ, toᵢ] означает, что для i-ой поездки нужно забрать numPassengersᵢ пассажиров в точке fromᵢ и высадить их в точке toᵢ, соответственно. Координаты указаны в километрах к востоку от начального положения автомобиля.  **Верните true, если возможно забрать и высадить всех пассажиров для всех данных поездок, иначе верните false. **  __Пример 1: __ Input: trips = [ [2,1,5], [3,3,7] ], capacity = 4 Output: false  __Пример 2:__ Input: trips = [ [2,1,5], [3,3,7] ], capacity = 5 Output: true  __Ограничения:__ 1 <= trips.length <= 1000 trips[i].length == 3 1 <= numPassengersᵢ <= 100 0 <= fromᵢ < toᵢ <= 1000 1 <= capacity <= 10⁵  [НАШ ЧАТ АЛГОРИТМИСТОВ](https://t.me/algoses_chat)  **Решение**  С учётом ограничений (0 <= fromᵢ < toᵢ <= 1000) можем использовать **массив разностей и префиксную сумму** для оптимального решения за O(n + k), где n - кол-во поездок, а k - максимальная координата.  Нам не нужно хранить загрузку автомобиля на каждом километре, а только её изменения в точках посадки и высадки (так как между этими точками кол-во пассажиров не меняется) в массиве разностей. Затем пройдём по массиву, накапливая сумму изменений, которая и показывает текущую загрузку. Останется проверить, не превысила ли она вместимость автомобиля.  Находим самую дальнюю точку маршрута (max_location) и создаём массив passenger_changes, размер которого равен max_location + 1, где passenger_changes[i] - значение, на сколько изменится загрузка автомобиля на i-м километре от начальной точки.  Проходим по массиву trips, записывая изменения загрузки: - добавляем пассажиров при посадке в точке start, - уменьшаем численность пассажиров при высадке в точке end.  Теперь проверим, не стало ли пассажиров в какой-то момент больше, чем посадочных мест. Проходим по всем километрам, накапливая сумму: - если на каком-то километре загрузка (current_load) превысила capacity: возвращаем False. Если прошли все километры без превышения лимита: возвращаем True.  **Сложность**  O(n + k) - по времени (где n - кол-во поездок, а k - максимальная координата) O(k) - по памяти (создаём массив passenger_changes размером k+1)  **Код** class Solution:     def carPooling(self, trips: List[List[int]], capacity: int) -> bool:         max_location = 0         for _, _, end in trips:             max_location = max(max_location, end)          passenger_changes = [0] * (max_location + 1)          for passengers, start, end in trips:             passenger_changes[start] += passengers             passenger_changes[end] -= passengers          current_load = 0         for change in passenger_changes:             current_load += change             if current_load > capacity:                 return False         return True          @algoses;1984.0;0;;12027;https://t.me/botalkaaa;0;1;9.0;
2026-09-08 17:29:41+00:00;149491;;Боталка(Студенты) — Поступашки;1866807276;;5775360356;Есть какая-нибудь инфа про школу аналитиков hh?;;0;;12027;https://t.me/botalkaaa;0;0;;
2026-09-08 17:20:55+00:00;149490;;Боталка(Студенты) — Поступашки;1866807276;;1926444524;Это не подскажу, как hr заметит. Мне потом в донабор писали;;0;;12027;https://t.me/botalkaaa;0;0;;
2026-09-08 17:20:01+00:00;149489;149488;Боталка(Студенты) — Поступашки;1866807276;;6739633820;Как я понимаю ждать до 1 ноября не придется? Раньше свяжутся?;;;;12027;https://t.me/botalkaaa;0;0;;
2026-09-08 17:17:05+00:00;149488;;Боталка(Студенты) — Поступашки;1866807276;;1926444524;Мне кажется самое главное о себе норм рассказать о своих проектах, по ним много вопросов задают в начале.;;1;;12027;https://t.me/botalkaaa;0;0;;
2026-09-08 17:15:56+00:00;149487;149486;Боталка(Студенты) — Поступашки;1866807276;;6739633820;Ну про tf-idf и матрицу ошибок я могу долго базарить);;;;12027;https://t.me/botalkaaa;0;0;;
2026-09-08 17:15:10+00:00;149486;149485;Боталка(Студенты) — Поступашки;1866807276;;1926444524;Наверное немного расстрою, но вопросы сильно от команды зависят. В одной спрашивают tf-idf, матрицу ошибок, устройство трансформеров, в другой просто лайтово о себе рассказать и немного покорить . Лучше сразу узнать, в какую команду кинули собес.;;;;12027;https://t.me/botalkaaa;0;0;;
2026-09-08 17:12:19+00:00;149485;149484;Боталка(Студенты) — Поступашки;1866807276;;6739633820;Что именно?;;;;12027;https://t.me/botalkaaa;0;0;;
2026-09-08 17:11:37+00:00;149484;149481;Боталка(Студенты) — Поступашки;1866807276;;1926444524;На собесах совсем другое спрашивают);;;;12027;https://t.me/botalkaaa;0;0;;
2026-09-08 17:10:05+00:00;149483;149482;Боталка(Студенты) — Поступашки;1866807276;;470262136;от 2 недель до двух месяцев;;;;12027;https://t.me/botalkaaa;0;0;;
2026-09-08 17:07:40+00:00;149482;;Боталка(Студенты) — Поступашки;1866807276;;1095609304;а через сколько в тиньке, как правило, зовут на собес?;;1;;12027;https://t.me/botalkaaa;0;0;;
2026-09-08 17:02:43+00:00;149481;149474;Боталка(Студенты) — Поступашки;1866807276;;6739633820;А смысл жульничать? Потом же будет собес с командой вроде, там бобо будет;;;;12027;https://t.me/botalkaaa;0;0;;
2026-09-08 16:53:00+00:00;149480;149464;Боталка(Студенты) — Поступашки;1866807276;;1095609304;оценка;;;;12027;https://t.me/botalkaaa;0;0;;
2026-09-08 16:52:35+00:00;149479;;Боталка(Студенты) — Поступашки;1866807276;;1627316505;Ребята, есть кто собесился в Авито на QA или имеет +- какие задачи там на собесе будут?;;0;;12027;https://t.me/botalkaaa;0;0;;
2026-09-08 16:49:41+00:00;149478;;Боталка(Студенты) — Поступашки;1866807276;;753199513;Странно это, хотя вопросы там конечно очень базовые(база мл не так велика что бы постоянно придумывать новые вопросы), возможно стоит добавить базовые вопросы по nlp, cv и тд;;0;;12027;https://t.me/botalkaaa;0;0;;
2026-09-08 16:48:51+00:00;149477;;Боталка(Студенты) — Поступашки;1866807276;;1841974524;Ахахаххаа шутка, они каждый год только местами их меняют ну может что-то ещё добавили, но база таже;;0;;12027;https://t.me/botalkaaa;0;0;;
2026-09-08 16:48:34+00:00;149476;149475;Боталка(Студенты) — Поступашки;1866807276;;753199513;Ни в коем случае!;;;;12027;https://t.me/botalkaaa;0;0;;
2026-09-08 16:47:46+00:00;149475;149474;Боталка(Студенты) — Поступашки;1866807276;;1841974524;А если не поменялся то ты будешь жульничать? Ответь перед всеми hr тинька что в этом чате !!!;;;;12027;https://t.me/botalkaaa;0;0;;
2026-09-08 16:46:40+00:00;149474;139877;Боталка(Студенты) — Поступашки;1866807276;;753199513;Кто проходил тест по ml, там тест не поменялся никак?;;;;12027;https://t.me/botalkaaa;0;0;;
2026-09-08 16:35:48+00:00;149473;;Боталка(Студенты) — Поступашки;1866807276;;6196626041;Не собес, там в контесте 2 задачи по 100 баллов, вот пытаюсь понять, сколько по ним норм будет набрать, чтоб  на собес позвали;;0;;12027;https://t.me/botalkaaa;0;0;;
2026-09-08 16:33:06+00:00;149472;;Боталка(Студенты) — Поступашки;1866807276;;6196626041;Прям самый первый контест, который сразу после анкеты;;0;;12027;https://t.me/botalkaaa;0;0;;
2026-09-08 16:31:21+00:00;149471;149469;Боталка(Студенты) — Поступашки;1866807276;;6739633820;Ты имеешь в виду  2 этап?;;;;12027;https://t.me/botalkaaa;0;0;;
2026-09-08 16:29:54+00:00;149469;;Боталка(Студенты) — Поступашки;1866807276;;6196626041;Ребят, кто-то может подсказать, сколько баллов примерно надо набрать на контесте по задачам по направлению ml на стажку яндекса?;;1;;12027;https://t.me/botalkaaa;0;0;;
2026-09-08 16:16:45+00:00;149467;;Боталка(Студенты) — Поступашки;1866807276;;716063880;если все домашки проверили и не написали через 1-2 недели, то можно наверно не ждать;;0;;12027;https://t.me/botalkaaa;0;0;;
2026-09-08 16:13:57+00:00;149466;149465;Боталка(Студенты) — Поступашки;1866807276;;716063880;по разному, кому-то уже написали, кому-то нет;;;;12027;https://t.me/botalkaaa;0;0;;
2026-09-08 16:03:01+00:00;149465;;Боталка(Студенты) — Поступашки;1866807276;;1086504696;Когда могут из тбанка написать по поводу стажи, если я с их т-иньенсива?;;2;;12027;https://t.me/botalkaaa;0;0;;
2026-09-08 16:00:25+00:00;149464;149463;Боталка(Студенты) — Поступашки;1866807276;;49310475;СС?;;;;12027;https://t.me/botalkaaa;0;0;;
2026-09-08 15:50:37+00:00;149463;149458;Боталка(Студенты) — Поступашки;1866807276;;1095609304;CC и все пока;;;;12027;https://t.me/botalkaaa;0;0;;
2026-09-08 15:45:33+00:00;149462;149461;Боталка(Студенты) — Поступашки;1866807276;;7629930608;da;;;;12027;https://t.me/botalkaaa;0;0;;
2026-09-08 15:39:45+00:00;149461;;Боталка(Студенты) — Поступашки;1866807276;;470262136;кто-то уже писал тест по джаве в тиньку на стажку? после алгоса;;1;;12027;https://t.me/botalkaaa;0;0;;
2026-09-08 15:15:31+00:00;149460;149458;Боталка(Студенты) — Поступашки;1866807276;;1171499139;я думаю если опыта нет, то хоть куда, но тогда лучше с аспой быть (чтобы отсрочки были);;;;12027;https://t.me/botalkaaa;0;0;;
2026-09-08 15:06:32+00:00;149459;149458;Боталка(Студенты) — Поступашки;1866807276;;1389138630;Часто;;;;12027;https://t.me/botalkaaa;0;0;;
2026-09-08 14:43:45+00:00;149458;;Боталка(Студенты) — Поступашки;1866807276;;49310475;Как часто сейчас сокращения в Сбере происходят?;;5;;12027;https://t.me/botalkaaa;0;0;;
2026-09-08 14:22:10+00:00;149456;;Боталка(Студенты) — Поступашки;1866807276;;5872578111;Друзья, привет. Подскажите, пожалуйста, все вебинары по шад будут тольоюко в тг или на платформе поступашек?;;0;;12027;https://t.me/botalkaaa;0;0;;
2026-09-08 14:02:58+00:00;149454;;Боталка(Студенты) — Поступашки;1866807276;;1044695825;ребят, есть кто то кто брал курсы аналитика старт или  про? можете в лс отзыв написать какой то по поводу занятий/материалов либо сюда напишите коротенько: как вам и т.д.;;0;;12027;https://t.me/botalkaaa;0;0;;
2026-09-08 13:22:02+00:00;149447;149444;Боталка(Студенты) — Поступашки;1866807276;;8098696737;Монтаж систем безопасности , скс, видеонаблюдение;;;;12027;https://t.me/botalkaaa;0;0;;
2026-09-08 13:08:16+00:00;149446;149444;Боталка(Студенты) — Поступашки;1866807276;;6739633820;Дегустаторы майонеза;;;;12027;https://t.me/botalkaaa;0;0;;
2026-09-08 13:05:35+00:00;149444;149443;Боталка(Студенты) — Поступашки;1866807276;;1095609304;не штурм;;;;12027;https://t.me/botalkaaa;0;0;;
2026-09-08 13:04:59+00:00;149443;149436;Боталка(Студенты) — Поступашки;1866807276;;8098696737;Нам нужны желающие подработать в it сфере . работы на 2 недели;;;;12027;https://t.me/botalkaaa;0;0;;
2026-09-08 12:26:38+00:00;149438;;Боталка(Студенты) — Поступашки;1866807276;;8043427338;а кто-нибудь тут собесился в команду ранжирования товаров яндекс еды;;0;;12027;https://t.me/botalkaaa;0;0;;
2026-09-08 12:10:53+00:00;149437;;Боталка(Студенты) — Поступашки;1866807276;;619229681;Товарищи, Поступашкам нужны контент мейкеры в [основной канал](http://t.me/postypashki_old) по алгоритмам и другим дисциплинам. Если вы творческая личность, интересующейся алгоритмами (или другим), вам нравится писать посты/ придумывать идеи для контента, то обязательно пишите @vice22821. Оплата сдельная, ориентировочно за один пост от 2 тыс до 15 тыс рублей.  Обязательно делитесь с ребятами, которым это может быть интересно.;;0;;12027;https://t.me/botalkaaa;0;0;;
2026-09-08 12:08:32+00:00;149436;;Боталка(Студенты) — Поступашки;1866807276;;8098696737;Ребята есть тут кто шарит в слаботочки в связи в видеонаблюдение;;4;;12027;https://t.me/botalkaaa;0;0;;
2026-09-08 12:07:29+00:00;149435;;Боталка(Студенты) — Поступашки;1866807276;;2082320257;ребята вы получили ответ на следующий этап devops от тбанка?;;0;;12027;https://t.me/botalkaaa;0;0;;
2026-09-08 11:13:51+00:00;149433;149432;Боталка(Студенты) — Поступашки;1866807276;;1450891648;Это враньё;;;;12027;https://t.me/botalkaaa;0;0;;
2026-09-08 11:13:30+00:00;149432;;Боталка(Студенты) — Поступашки;1866807276;;433735317;"Всем привет  ""Разбирает X% откликов"" на hh это прочтение или отказ/приглашение?";;1;;12027;https://t.me/botalkaaa;0;0;;
2026-09-08 11:11:49+00:00;149431;;Боталка(Студенты) — Поступашки;1866807276;;811603164;Это одновременно, если что;;0;;12027;https://t.me/botalkaaa;0;0;;
2026-09-08 10:54:14+00:00;149430;149429;Боталка(Студенты) — Поступашки;1866807276;;1450891648;Ставлю ставку не все так просто и там будет ещё как минимум программирование на Фортран и игра на укулеле;;;;12027;https://t.me/botalkaaa;0;0;;
2026-09-08 10:52:00+00:00;149429;;Боталка(Студенты) — Поступашки;1866807276;;978858897;Ребят, я правильно понимаю, что на аналитику в яндекс сейчас только один технический собес, на котором сразу алгосы, матеша, бизнес кейс и sql?;;1;;12027;https://t.me/botalkaaa;0;0;;
2026-09-08 09:28:06+00:00;149426;149422;Боталка(Студенты) — Поступашки;1866807276;;811603164;ахахах;;;;12027;https://t.me/botalkaaa;0;0;;
2026-09-08 09:27:46+00:00;149425;149420;Боталка(Студенты) — Поступашки;1866807276;;787556047;за 700 это сделаю;;;;12027;https://t.me/botalkaaa;0;0;;
2026-09-08 09:25:42+00:00;149423;;Боталка(Студенты) — Поступашки;1866807276;;365748517;темщик 1 темщик 2;;0;;12027;https://t.me/botalkaaa;0;0;;
2026-09-08 09:25:21+00:00;149422;149421;Боталка(Студенты) — Поступашки;1866807276;;8629553944;Они нашли друг друга…;;;;12027;https://t.me/botalkaaa;0;0;;
2026-09-08 09:24:49+00:00;149421;149419;Боталка(Студенты) — Поступашки;1866807276;;811603164;А, окей В целом там +- тоже поидее, но да Если хочешь могу кинуть канал, где продавать можно напиши в лс;;;;12027;https://t.me/botalkaaa;0;0;;
2026-09-08 09:23:23+00:00;149418;149409;Боталка(Студенты) — Поступашки;1866807276;;365748517;написано же 1 рубль а ты 900 дерешь;;;;12027;https://t.me/botalkaaa;0;0;;
2026-09-08 09:15:51+00:00;149414;149412;Боталка(Студенты) — Поступашки;1866807276;;8629553944;Обломал так обломал);;;;12027;https://t.me/botalkaaa;0;0;;
2026-09-08 09:15:50+00:00;149413;149412;Боталка(Студенты) — Поступашки;1866807276;;1450891648;Каково это быть героем?;;;;12027;https://t.me/botalkaaa;0;0;;
2026-09-08 09:14:56+00:00;149412;149409;Боталка(Студенты) — Поступашки;1866807276;;811603164;Я тебе подруиню, тк это канал не по продажи  Это бесплатный промокод на скидку 77%  Вот он FSGBTJ72U А то чёт сильно уж нагло, чел;;;;12027;https://t.me/botalkaaa;0;0;;
2026-09-08 02:16:20+00:00;149400;149399;Боталка(Студенты) — Поступашки;1866807276;;1095609304;видимо да;;;;12027;https://t.me/botalkaaa;0;0;;
2026-09-08 02:10:16+00:00;149399;;Боталка(Студенты) — Поступашки;1866807276;;5254281190;Я так понимаю, всем тест по мл открылся?;;1;;12027;https://t.me/botalkaaa;0;0;;
2026-09-07 22:17:37+00:00;149398;149397;Боталка(Студенты) — Поступашки;1866807276;;1095609304;+ на почту пришло;;;;12027;https://t.me/botalkaaa;0;0;;
2026-09-07 21:57:08+00:00;149397;149396;Боталка(Студенты) — Поступашки;1866807276;;6739633820;Ну да, мне еще на почту пришло подтверждение;;;;12027;https://t.me/botalkaaa;0;0;;
2026-09-07 21:55:29+00:00;149396;149393;Боталка(Студенты) — Поступашки;1866807276;;1633666464;Если можно проходить тест по ml, то окей всё?;;;;12027;https://t.me/botalkaaa;0;0;;
2026-09-07 21:50:09+00:00;149395;;Боталка(Студенты) — Поступашки;1866807276;;1450891648;друзьяя, кто куда, может зарефить;;0;;12027;https://t.me/botalkaaa;0;0;;
2026-09-07 21:21:48+00:00;149394;149388;Боталка(Студенты) — Поступашки;1866807276;;808403694;у меня просто <5 просмотров написано;;;;12027;https://t.me/botalkaaa;0;0;;
2026-09-07 21:17:55+00:00;149393;149356;Боталка(Студенты) — Поступашки;1866807276;;6739633820;Ну чо, прошел?;;;;12027;https://t.me/botalkaaa;0;0;;
2026-09-07 20:38:46+00:00;149392;;Боталка(Студенты) — Поступашки;1866807276;;984895467;https://www.cian.ru/rent/flat/330834621/  Сдается квартира в кудрово, если что пишите;;0;;12027;https://t.me/botalkaaa;0;0;;
2026-09-07 19:54:37+00:00;149389;149386;Боталка(Студенты) — Поступашки;1866807276;;1196753649;same;;;;12027;https://t.me/botalkaaa;0;0;;
2026-09-07 19:34:18+00:00;149388;149387;Боталка(Студенты) — Поступашки;1866807276;;-1;По просмотрам в яндекс диске;;;;12027;https://t.me/botalkaaa;0;0;;
2026-09-07 19:33:56+00:00;149387;149386;Боталка(Студенты) — Поступашки;1866807276;;1115880745;Как ты понял что визитку смотрели?;;;;12027;https://t.me/botalkaaa;0;0;;
2026-09-07 19:26:23+00:00;149386;;Боталка(Студенты) — Поступашки;1866807276;;-1;Привет! У вас уже всё проверили по стажировке в Т-Банк на аналитику? У меня все на фулл, визитку и кейс вроде тоже уже смотрели и всё уже отмечено как проверенное. Просто дедлайн был только вчера, поэтому немного удивился. У всех так?;;4;;12027;https://t.me/botalkaaa;0;0;;
2026-09-07 19:22:04+00:00;149385;149383;Боталка(Студенты) — Поступашки;1866807276;;467095678;Звучит интересно по программе. Но уже до января теперь ждать (если те же даты будут);;;;12027;https://t.me/botalkaaa;0;0;;
2026-09-07 19:19:02+00:00;149384;149383;Боталка(Студенты) — Поступашки;1866807276;;467095678;Благодарю;;;;12027;https://t.me/botalkaaa;0;0;;
2026-09-07 19:17:37+00:00;149383;149375;Боталка(Студенты) — Поступашки;1866807276;;6056655275;Цифровой Марафон от Сбера раз в году проводится, побывал на очном финале в этом году, хорошая организация и сорева более менее интересная, для одиночек как раз;;;;12027;https://t.me/botalkaaa;0;0;;
2026-09-07 19:16:29+00:00;149382;149378;Боталка(Студенты) — Поступашки;1866807276;;467095678;Ну тогда я промах. Роботяга 25+;;;;12027;https://t.me/botalkaaa;0;0;;
2026-09-07 18:08:51+00:00;149378;149375;Боталка(Студенты) — Поступашки;1866807276;;1196753649;ai challenge можно глянуть, там рега до 15 сентября и можно в соло участвовать. Единственное что категория студенты до 25 лет включительно;;;;12027;https://t.me/botalkaaa;0;0;;
2026-09-07 17:38:40+00:00;149375;;Боталка(Студенты) — Поступашки;1866807276;;467095678;Доброго времени суток. Здесь есть люди, кто участвовал в хакатонах и собирается участвовать в ближайших? Просто хотелось бы испытать себя в бою а там в основном команды. Да и я далеко не middle какой-нибудь. Python изучаю около 6 месяцев. 3 месяца ML, немного знаю SQL. Напишите если есть опытные. Хочу в команду;;5;;12027;https://t.me/botalkaaa;0;0;;
2026-09-07 17:26:50+00:00;149374;149373;Боталка(Студенты) — Поступашки;1866807276;;1171499139;оказалось, что зависит от яп. на java есть, на питоне нет;;;;12027;https://t.me/botalkaaa;0;0;;
2026-09-07 17:25:08+00:00;149373;149372;Боталка(Студенты) — Поступашки;1866807276;;1196753649;на какую тему?;;;;12027;https://t.me/botalkaaa;0;0;;
2026-09-07 17:15:35+00:00;149372;149366;Боталка(Студенты) — Поступашки;1866807276;;1171499139;так на разработку тоже тест);;;;12027;https://t.me/botalkaaa;0;0;;
2026-09-07 17:01:15+00:00;149366;149356;Боталка(Студенты) — Поступашки;1866807276;;1196753649;хз, я на разработку;;;;12027;https://t.me/botalkaaa;0;0;;
2026-09-07 16:58:30+00:00;149365;149364;Боталка(Студенты) — Поступашки;1866807276;;6739633820;Ну это понятно, мы это знаем, просто это как-то неправильно, кажется, что письмо должно прийти хотя бы какое то;;;;12027;https://t.me/botalkaaa;0;0;;
2026-09-07 16:56:39+00:00;149364;;Боталка(Студенты) — Поступашки;1866807276;;1115880745;Я думаю можно понять прошел или нет по тому, откроется ли тест через 4 часа;;1;;12027;https://t.me/botalkaaa;0;0;;
2026-09-07 16:12:58+00:00;149356;149354;Боталка(Студенты) — Поступашки;1866807276;;998215438;Так просто на мл надо еще тест пройти,или автоматом этот тест дадут;;;;12027;https://t.me/botalkaaa;0;0;;
2026-09-07 15:53:49+00:00;149354;;Боталка(Студенты) — Поступашки;1866807276;;1196753649;Первые приглашения начнут рассылать лучшим участникам не раньше середины сентября, а до обычных работяг доберутся только в октябре. Где-то за неделю до интервью на почту пришлют календарь, где нужно забить удобное время, и ссылку на zoom. Иногда HR могут написать в телегу и поторопить, но лучше мониторить почту, чтобы забить для себя удобное время.;;9;;12027;https://t.me/botalkaaa;0;0;;
2026-09-07 15:52:31+00:00;149353;;Боталка(Студенты) — Поступашки;1866807276;;998215438;Ниче;;0;;12027;https://t.me/botalkaaa;0;0;;
2026-09-07 15:52:16+00:00;149352;149325;Боталка(Студенты) — Поступашки;1866807276;;6739633820;Пришло что-то? Я вот почту чекаю, вроде должно скоро прийти письмо наверное;;;;12027;https://t.me/botalkaaa;0;0;;
2026-09-07 12:29:01+00:00;149349;;Боталка(Студенты) — Поступашки;1866807276;;619229681;MediaMessage;16886.0;0;;12027;https://t.me/botalkaaa;0;1;240.0;
2026-09-07 12:29:01+00:00;149348;;Боталка(Студенты) — Поступашки;1866807276;;619229681;MediaMessage;17030.0;0;;12027;https://t.me/botalkaaa;0;1;241.0;
2026-09-07 12:29:01+00:00;149347;;Боталка(Студенты) — Поступашки;1866807276;;619229681;MediaMessage;16585.0;0;;12027;https://t.me/botalkaaa;0;1;240.0;
2026-09-07 12:29:01+00:00;149346;;Боталка(Студенты) — Поступашки;1866807276;;619229681;MediaMessage;16013.0;0;;12027;https://t.me/botalkaaa;0;1;240.0;
2026-09-07 12:29:01+00:00;149345;;Боталка(Студенты) — Поступашки;1866807276;;619229681;**Уметь считать ≠ уметь анализировать**  С **7 по 13 сентября** проводим бесплатную неделю **«Аналитика вне SQL»** — мини-симулятор реальной работы аналитика.  Можно нормально знать SQL, статистику, Python, строить дашборды — и всё равно теряться, когда на собеседовании или на работе тебя спрашивают:  **«У нас упала выручка. Разберись, почему».**  Потому что в реальной работе сначала нужно понять, **что происходит с бизнесом, какой вопрос мы решаем и какое решение должно появиться на выходе**.  **За 7 дней вы:**  ⏩решите **3 продуктовых кейса** — от бизнес-задачи до решения ⏩ встретитесь с HR, который работал в **X5 и Яндексе** и нанимал людей от стажёров до топ-менеджеров ⏩ поговорите с **senior-аналитиком Avito** о том, как меняется работа аналитика по мере роста ⏩ поучаствуете в **первом аналитическом хакатоне Поступашек**  На хакатоне вы соберётесь в команды, получите реальный продуктовый кейс и за выходные пройдёте весь путь аналитика: разберётесь в проблеме, поработаете с данными, предложите решение и защитите его.  💰 **Приз — 30 000 ₽**  Курс подойдёт и новичкам, и действующим аналитикам, которые хотят лучше понимать продукт и бизнес, увереннее решать неструктурированные задачи и расти дальше.  Все кейсы, встречи, записи и материалы будут в отдельном закрытом канале.  **Участие бесплатное. Первое занятие уже сегодня в 19:00 **  📌 **Присоединиться на курс по ссылке ****https://t.me/+j_RdPEr7JudjNWM0**;15382.0;0;;12027;https://t.me/botalkaaa;0;1;240.0;
2026-09-07 12:12:38+00:00;149344;149342;Боталка(Студенты) — Поступашки;1866807276;;7629930608;Так уж и быть;;;;12027;https://t.me/botalkaaa;0;0;;
2026-09-07 12:10:39+00:00;149343;149342;Боталка(Студенты) — Поступашки;1866807276;;365748517;✋;;;;12027;https://t.me/botalkaaa;0;0;;
2026-09-07 12:09:49+00:00;149342;;Боталка(Студенты) — Поступашки;1866807276;;6739633820;Прости братан за опечатку и что ее не заметил;;2;;12027;https://t.me/botalkaaa;0;0;;
2026-09-07 12:09:25+00:00;149341;149340;Боталка(Студенты) — Поступашки;1866807276;;365748517;live coding;;;;12027;https://t.me/botalkaaa;0;0;;
2026-09-07 12:08:46+00:00;149340;149339;Боталка(Студенты) — Поступашки;1866807276;;6739633820;А что не так?;;;;12027;https://t.me/botalkaaa;0;0;;
2026-09-07 12:07:43+00:00;149339;149337;Боталка(Студенты) — Поступашки;1866807276;;365748517;life coding;;;;12027;https://t.me/botalkaaa;0;0;;
2026-09-07 12:05:55+00:00;149338;149337;Боталка(Студенты) — Поступашки;1866807276;;1095609304;так я с сайта буквально)) кучу раз перечитал 😅  не до конца понял, выше же написал и выше же буквально кидали скрин );;;;12027;https://t.me/botalkaaa;0;0;;
2026-09-07 12:03:13+00:00;149337;;Боталка(Студенты) — Поступашки;1866807276;;6739633820;Бля, вы вообще на рандом заявки кидали, даже не читали?я без негатива конечно, но все есть на сайте. Еще будет тест по основам ml и собес с командой, как я понимаю будет life coding;;4;;12027;https://t.me/botalkaaa;0;0;;
2026-09-07 12:02:13+00:00;149336;149335;Боталка(Студенты) — Поступашки;1866807276;;1095609304;2 этапа это, как выше написали, тест и собес?;;;;12027;https://t.me/botalkaaa;0;0;;
2026-09-07 12:01:33+00:00;149335;149332;Боталка(Студенты) — Поступашки;1866807276;;6739633820;Я уверен был в остальных задачах, в этой знал, что не все тесты пройдет, поэтому 34 балла. По ml будет еще 2 этапа;;;;12027;https://t.me/botalkaaa;0;0;;
2026-09-07 11:57:20+00:00;149334;149333;Боталка(Студенты) — Поступашки;1866807276;;365748517;тест и потом собес;;;;12027;https://t.me/botalkaaa;0;0;;
2026-09-07 11:56:34+00:00;149333;149315;Боталка(Студенты) — Поступашки;1866807276;;1095609304;я тут не до конца выкупил. на ml будет просто еще один тест и всё? или как?   или еще что-то?;;;;12027;https://t.me/botalkaaa;0;0;;
2026-09-07 11:54:53+00:00;149332;149329;Боталка(Студенты) — Поступашки;1866807276;;1095609304;а где и как ты увидел разбаловку ? у меня не дает посмотреть, только общий балл;;;;12027;https://t.me/botalkaaa;0;0;;
2026-09-07 10:47:04+00:00;149331;149328;Боталка(Студенты) — Поступашки;1866807276;;998215438;В яшке да вроде,по крайне у меня спросили какой язык;;;;12027;https://t.me/botalkaaa;0;0;;
2026-09-07 10:47:03+00:00;149330;149311;Боталка(Студенты) — Поступашки;1866807276;;1171499139;Два беседы же есть;;;;12027;https://t.me/botalkaaa;0;0;;
2026-09-07 10:46:40+00:00;149329;149326;Боталка(Студенты) — Поступашки;1866807276;;6739633820;Я решил 5 через решение в лоб, через O(n^2), 34 балла дали));;;;12027;https://t.me/botalkaaa;0;0;;
2026-09-07 10:46:23+00:00;149328;;Боталка(Студенты) — Поступашки;1866807276;;5994895163;чуваки, я могу пройти алгоритмическую секцию на питоне если я прохожу по вакансии на го;;1;;12027;https://t.me/botalkaaa;0;0;;
2026-09-07 10:46:03+00:00;149327;149326;Боталка(Студенты) — Поступашки;1866807276;;998215438;У меня все 7 задач прошли;;;;12027;https://t.me/botalkaaa;0;0;;
2026-09-07 10:45:36+00:00;149326;149325;Боталка(Студенты) — Поступашки;1866807276;;7629930608;Ты пятое тоже решал?;;;;12027;https://t.me/botalkaaa;0;0;;
2026-09-07 10:20:45+00:00;149325;149323;Боталка(Студенты) — Поступашки;1866807276;;998215438;610 баллов на контесте,мб сегодня разошлют;;;;12027;https://t.me/botalkaaa;0;0;;
2026-09-07 10:19:44+00:00;149323;149320;Боталка(Студенты) — Поступашки;1866807276;;6739633820;У тебя проверили, баллы сказали? Я получил уже, просто логически мы же не должны узнавать о том, прошли мы или нет по тому открылся ли у нас следующий этап или нет, должны наверное сообщение прислать какое-то;;;;12027;https://t.me/botalkaaa;0;0;;
2026-09-07 10:18:21+00:00;149320;149319;Боталка(Студенты) — Поступашки;1866807276;;998215438;Я тож не понял что дальше,мне пока ничего не присылали;;;;12027;https://t.me/botalkaaa;0;0;;
2026-09-07 10:14:07+00:00;149319;149293;Боталка(Студенты) — Поступашки;1866807276;;6739633820;А вот у меня проверили работу, что то же должны написать, прошел я или не? Тебе что-то написали?;;;;12027;https://t.me/botalkaaa;0;0;;
2026-09-07 09:18:02+00:00;149316;149315;Боталка(Студенты) — Поступашки;1866807276;;693412296;понял, спасибо!;;;;12027;https://t.me/botalkaaa;0;0;;
2026-09-07 09:15:38+00:00;149315;;Боталка(Студенты) — Поступашки;1866807276;;6739633820;MediaMessage;;3;;12027;https://t.me/botalkaaa;0;0;;
2026-09-07 09:13:37+00:00;149314;149313;Боталка(Студенты) — Поступашки;1866807276;;693412296;где? в личном кабинете у меня только три фрейма (анкета, пробный экзамен, экзамен) может я просто что то не понял;;;;12027;https://t.me/botalkaaa;0;0;;
2026-09-07 09:11:55+00:00;149313;149303;Боталка(Студенты) — Поступашки;1866807276;;6739633820;Там же все написано братан;;;;12027;https://t.me/botalkaaa;0;0;;
2026-09-07 09:11:32+00:00;149312;149310;Боталка(Студенты) — Поступашки;1866807276;;6478257531;Че? Кто меня тегнул и зачем;;;;12027;https://t.me/botalkaaa;0;0;;
2026-09-07 09:11:13+00:00;149311;;Боталка(Студенты) — Поступашки;1866807276;;693412296;жесть, давно не сидел в боталке, тут и стикеры запретили, и куллдаун по сообщениям;;1;;12027;https://t.me/botalkaaa;0;0;;
2026-09-07 09:10:25+00:00;149309;149305;Боталка(Студенты) — Поступашки;1866807276;;482737620;Да, вуз тоже решает;;;;12027;https://t.me/botalkaaa;0;0;;
2026-09-07 09:09:47+00:00;149307;149303;Боталка(Студенты) — Поступашки;1866807276;;998215438;8 вроде;;;;12027;https://t.me/botalkaaa;0;0;;
2026-09-07 09:09:45+00:00;149305;149298;Боталка(Студенты) — Поступашки;1866807276;;8499118790;В анкете я как понимаю решает какой уник s-тир или а?!;;;;12027;https://t.me/botalkaaa;0;0;;
2026-09-07 09:09:24+00:00;149304;149299;Боталка(Студенты) — Поступашки;1866807276;;482737620;Если на направлении есть второй тест, то прийдёт оповещение что надо его пройти Потом если и прийдёт что то на почту - то отказ (тк они в тг пишут если зовут);;;;12027;https://t.me/botalkaaa;0;0;;
2026-09-07 09:09:12+00:00;149303;;Боталка(Студенты) — Поступашки;1866807276;;693412296;а ну да, он сегодня откроется?;;3;;12027;https://t.me/botalkaaa;0;0;;
2026-09-07 09:08:47+00:00;149302;149300;Боталка(Студенты) — Поступашки;1866807276;;998215438;Там вроде ML-тест;;;;12027;https://t.me/botalkaaa;0;0;;
2026-09-07 09:08:20+00:00;149301;149299;Боталка(Студенты) — Поступашки;1866807276;;6739633820;Я думаю придет на почту, что ты красавчик и прошел дальше;;;;12027;https://t.me/botalkaaa;0;0;;
2026-09-07 09:08:04+00:00;149300;;Боталка(Студенты) — Поступашки;1866807276;;693412296;а на ML-инжинера будет мат контест?;;1;;12027;https://t.me/botalkaaa;0;0;;
2026-09-07 09:07:13+00:00;149299;;Боталка(Студенты) — Поступашки;1866807276;;998215438;А на почту придет то что я прошел дальше или надо в личном кабинете чекать?;;2;;12027;https://t.me/botalkaaa;0;0;;
2026-09-07 09:06:13+00:00;149298;149295;Боталка(Студенты) — Поступашки;1866807276;;482737620;Там анкета решает, можно и с 350 пройти;;;;12027;https://t.me/botalkaaa;0;0;;
2026-09-07 09:06:12+00:00;149297;149294;Боталка(Студенты) — Поступашки;1866807276;;998215438;Ну контест+- роляет,ну да резюме скорее решает;;;;12027;https://t.me/botalkaaa;0;0;;
2026-09-07 09:06:07+00:00;149296;;Боталка(Студенты) — Поступашки;1866807276;;787556047;да там нет порога, просто рассылка об отказе);;0;;12027;https://t.me/botalkaaa;0;0;;
2026-09-07 09:05:41+00:00;149295;149293;Боталка(Студенты) — Поступашки;1866807276;;6739633820;Я думаю там стоит какой-то порог прохода, выше которого уже без разницы сколько ты сделал, типо прошел или нет;;;;12027;https://t.me/botalkaaa;0;0;;
2026-09-07 09:05:34+00:00;149294;149290;Боталка(Студенты) — Поступашки;1866807276;;8026728590;там по большей части решает резюме же, не?;;;;12027;https://t.me/botalkaaa;0;0;;
2026-09-07 09:05:12+00:00;149293;149292;Боталка(Студенты) — Поступашки;1866807276;;998215438;Ааааа ,я думал нужно лутать 700 чтобы пройти дальше;;;;12027;https://t.me/botalkaaa;0;0;;
2026-09-07 09:04:40+00:00;149292;149290;Боталка(Студенты) — Поступашки;1866807276;;6739633820;Это очень много, я осилил только +-500;;;;12027;https://t.me/botalkaaa;0;0;;
2026-09-07 09:03:20+00:00;149291;149290;Боталка(Студенты) — Поступашки;1866807276;;787556047;кто ты воин;;;;12027;https://t.me/botalkaaa;0;0;;
2026-09-07 08:59:14+00:00;149290;;Боталка(Студенты) — Поступашки;1866807276;;998215438;С 610 баллами возможно пройти на собес в т-банк на ML-разработчика?;;20;;12027;https://t.me/botalkaaa;0;0;;
2026-09-07 08:14:46+00:00;149285;;Боталка(Студенты) — Поступашки;1866807276;;5775360356;они фиксили это вроде, поэтому не работает ща;;0;;12027;https://t.me/botalkaaa;0;0;;
2026-09-07 08:04:15+00:00;149284;149260;Боталка(Студенты) — Поступашки;1866807276;;8026728590;Я пробовал, у меня не получилось. Наверное поэтому и не прошёл;;;;12027;https://t.me/botalkaaa;0;0;;
2026-09-07 07:43:32+00:00;149281;;Боталка(Студенты) — Поступашки;1866807276;;481869353;Привет! Кто проходил собеседование на фронтенд стажировку от Авито в этом или прошлом потоке - напишите мне пожалуйста! Есть пара вопросов :);;0;;12027;https://t.me/botalkaaa;0;0;;
2026-09-07 00:36:46+00:00;149274;149272;Боталка(Студенты) — Поступашки;1866807276;;427507782;Нет денег, я свою компанию депнул;;;;12027;https://t.me/botalkaaa;0;0;;
2026-09-07 00:33:35+00:00;149273;149271;Боталка(Студенты) — Поступашки;1866807276;;427507782;В ближайшем будущем планируем поставить банкомат в Люберцах, возле магнита;;;;12027;https://t.me/botalkaaa;0;0;;
2026-09-07 00:30:12+00:00;149272;149269;Боталка(Студенты) — Поступашки;1866807276;;1776022296;Верни деньги;;;;12027;https://t.me/botalkaaa;0;0;;
2026-09-07 00:29:02+00:00;149271;149269;Боталка(Студенты) — Поступашки;1866807276;;761933817;Когда филиал платы в Европе будет?;;;;12027;https://t.me/botalkaaa;0;0;;
2026-09-07 00:12:03+00:00;149269;149263;Боталка(Студенты) — Поступашки;1866807276;;427507782;Привет, я сео т банка, задавайте вопросы;;;;12027;https://t.me/botalkaaa;0;0;;
2026-09-06 22:09:30+00:00;149268;149267;Боталка(Студенты) — Поступашки;1866807276;;74216408;Просто подайся и сам расскажи;;;;12027;https://t.me/botalkaaa;0;0;;
2026-09-06 22:08:27+00:00;149267;;Боталка(Студенты) — Поступашки;1866807276;;1633666464;"Ну было бы интересно найти, потому что описание такое пространное и облачное, что ничего не понятно и не внушает доверия, вроде: ""будете ai агентов клепать""";;1;;12027;https://t.me/botalkaaa;0;0;;
2026-09-06 22:05:51+00:00;149266;149263;Боталка(Студенты) — Поступашки;1866807276;;74216408;Если без рофлов, тут был 1 чел заряженный, кто попал на финал вроде как. Тг не помню его, он тут редко и метко пишет;;;;12027;https://t.me/botalkaaa;0;0;;
2026-09-06 22:05:00+00:00;149265;149264;Боталка(Студенты) — Поступашки;1866807276;;1633666464;О, круто, напиши в ЛС плиз расскажи 🗿;;;;12027;https://t.me/botalkaaa;0;0;;
2026-09-06 22:04:12+00:00;149264;149263;Боталка(Студенты) — Поступашки;1866807276;;6478257531;привет, я был на программе Макси сео;;;;12027;https://t.me/botalkaaa;0;0;;
2026-09-06 21:17:02+00:00;149263;;Боталка(Студенты) — Поступашки;1866807276;;1633666464;Мб есть у кого-то знакомые, которые уже были на программе т банка Mини ceo?;;8;;12027;https://t.me/botalkaaa;0;0;;
2026-09-06 20:55:11+00:00;149262;149260;Боталка(Студенты) — Поступашки;1866807276;;1171499139;Так резы завтра будут, че парится;;;;12027;https://t.me/botalkaaa;0;0;;
2026-09-06 20:51:29+00:00;149261;149257;Боталка(Студенты) — Поступашки;1866807276;;6739633820;Я видел мемы про то, что 100 собес будет по картам таро, подходишь или нет;;;;12027;https://t.me/botalkaaa;0;0;;
2026-09-06 20:48:32+00:00;149260;;Боталка(Студенты) — Поступашки;1866807276;;1196753649;А вот эта тема рабочая после завершения контеста?  Проверка резов экза для Т-банк  ➡**Как посмотреть свои баллы после окончания отбора?** 1. Заходим в историю своего браузера 2. Ищем по preview 3. Переходим на страницу 4. Копируем айди экзамена 5. Вставляем в готовую ссылку 6. Ищем по student_score api/v1/practice-progress/сюдаВвестиАйди/info?isSelection=true;;2;;12027;https://t.me/botalkaaa;0;0;;
2026-09-06 20:46:51+00:00;149259;149258;Боталка(Студенты) — Поступашки;1866807276;;410368686;В этот раз нет, но до того (на летнем отборе например) такой трюк работал Ну хотя бы pending не выводило, а сразу OK;;;;12027;https://t.me/botalkaaa;0;0;;
2026-09-06 20:46:08+00:00;149258;149223;Боталка(Студенты) — Поступашки;1866807276;;1196753649;Да ну нафиг, его можно было сразу проверить?!;;;;12027;https://t.me/botalkaaa;0;0;;
2026-09-06 20:07:48+00:00;149257;149256;Боталка(Студенты) — Поступашки;1866807276;;666977779;я видел видео: 67 собес в Шмяндекс:  - вы не проходите у  нас не метч по цвету того матча латте который вы пьете, вы можете пройти еще раз 67 собесов...  я думал это рофл пока не узнал то как у них там все работает;;;;12027;https://t.me/botalkaaa;0;0;;
2026-09-06 20:00:00+00:00;149256;149250;Боталка(Студенты) — Поступашки;1866807276;;1171499139;Я думаю алгосы это еще норм, у Яндекса проблема в том, что нет понятных финалов   Вот пример   Т банк Написал контест - позвали на собес - позвали на стажку  Яндекс  Написал контест - позвали на собес - позвали на собес - позвали на собес - позвали на собес - позвали на собес - ....... (слили через год собесов, просто заигнорив);;;;12027;https://t.me/botalkaaa;0;0;;
2026-09-06 19:53:51+00:00;149255;149254;Боталка(Студенты) — Поступашки;1866807276;;666977779;Ну там собесы в команды разные, то есть несколько собесов пока на возьмут или команды не кончатся, ну там как раз про опыт, че знаешь и тп;;;;12027;https://t.me/botalkaaa;0;0;;
2026-09-06 19:52:34+00:00;149254;;Боталка(Студенты) — Поступашки;1866807276;;808403694;а что из себя финалы представляют;;1;;12027;https://t.me/botalkaaa;0;0;;
2026-09-06 19:48:51+00:00;149253;149252;Боталка(Студенты) — Поступашки;1866807276;;74216408;В целом, да   Потому что на работе все равно нужен будет не алгосы, а сам язык;;;;12027;https://t.me/botalkaaa;0;0;;
2026-09-06 19:44:30+00:00;149252;149251;Боталка(Студенты) — Поступашки;1866807276;;666977779;ну я понимаю в пределах одного собеса спросить там какой нибудь алгосик, но когда у тебя 3 этапа это тупо алгоритмы это кринж, типа задротан литкодовский аж до финала доходит зная только алгосы и все) странно;;;;12027;https://t.me/botalkaaa;0;0;;
2026-09-06 19:43:10+00:00;149251;149250;Боталка(Студенты) — Поступашки;1866807276;;74216408;В озон также. Крч я считаю, что надо как у Авито наверное:  1. Тестовое  2. Проверка на самой секции навыков 3 финал   Алгоритмы уж на мидла просить;;;;12027;https://t.me/botalkaaa;0;0;;
2026-09-06 19:40:53+00:00;149250;149248;Боталка(Студенты) — Поступашки;1866807276;;666977779;я щас пишу тестовое в авито как по мне самое адекватное что может быть из контестов, хоть и заеб;;;;12027;https://t.me/botalkaaa;0;0;;
2026-09-06 19:40:09+00:00;149249;149247;Боталка(Студенты) — Поступашки;1866807276;;1627316505;ну кст вот по тестированию мне предлагали собес, где надо писать автотесты с поомщью ИИ, и после него финал сразу;;;;12027;https://t.me/botalkaaa;0;0;;
2026-09-06 19:29:09+00:00;149248;149247;Боталка(Студенты) — Поступашки;1866807276;;74216408;Бля, отчасти согласен, но как есть   Я даже хз что хуже когда гоняют только по алгосам или когда еще язык чекают;;;;12027;https://t.me/botalkaaa;0;0;;
2026-09-06 19:28:38+00:00;149247;149244;Боталка(Студенты) — Поступашки;1866807276;;666977779;ну яндекс если честно вообще фу глупый отбор только по алгосам, хотя не мне говорить безработному;;;;12027;https://t.me/botalkaaa;0;0;;
2026-09-06 19:27:57+00:00;149246;;Боталка(Студенты) — Поступашки;1866807276;;808403694;во вторник второе будет, скажу что да как;;0;;12027;https://t.me/botalkaaa;0;0;;
2026-09-06 19:27:38+00:00;149244;149241;Боталка(Студенты) — Поступашки;1866807276;;74216408;В яшку бывает иногда дают. Но это анлак;;;;12027;https://t.me/botalkaaa;0;0;;
2026-09-06 19:27:31+00:00;149243;149242;Боталка(Студенты) — Поступашки;1866807276;;666977779;я конечно тоже говорю со слов знакомых ибо тоже ток на первом был)))) индивидумальный опыт;;;;12027;https://t.me/botalkaaa;0;0;;
2026-09-06 19:26:32+00:00;149242;149241;Боталка(Студенты) — Поступашки;1866807276;;808403694;мб я путаю конечно, но там же 2 этапа, где лайвкодинг каких-то алгозадач с интервьюером? если да, то я точно не ошибаюсь, и на первом изи-медиум, а на 2 медиум-хард (сам только первый прощел, на втором еще не был, но про второй со слов знакомых говорю);;;;12027;https://t.me/botalkaaa;0;0;;
2026-09-06 19:24:45+00:00;149241;149238;Боталка(Студенты) — Поступашки;1866807276;;666977779;ну я если честно ни от кого не слышал чтобы давали хард;;;;12027;https://t.me/botalkaaa;0;0;;
2026-09-06 19:23:44+00:00;149240;;Боталка(Студенты) — Поступашки;1866807276;;1633666464;А есть у кого-то знакомые, которые уже были на программе т банка Mини ceo, дайте контакт плиз в лс;;0;;12027;https://t.me/botalkaaa;0;0;;
2026-09-06 19:13:40+00:00;149239;;Боталка(Студенты) — Поступашки;1866807276;;396454420;привет! Есть кто в этом году проходил финалы в ШАД? Хочу задать пару вопросов;;0;;12027;https://t.me/botalkaaa;0;0;;
2026-09-06 18:34:14+00:00;149238;;Боталка(Студенты) — Поступашки;1866807276;;808403694;мб от интервьюера зависит;;14;;12027;https://t.me/botalkaaa;0;0;;
2026-09-06 18:33:33+00:00;149237;;Боталка(Студенты) — Поступашки;1866807276;;1643438247;Да, ладно, я вообще вспомнил, что на ML подавался. Может у вас сложнее, не знаю;;0;;12027;https://t.me/botalkaaa;0;0;;
2026-09-06 18:33:02+00:00;149236;;Боталка(Студенты) — Поступашки;1866807276;;808403694;ну у меня изи-медиум на первом этапе было;;0;;12027;https://t.me/botalkaaa;0;0;;
2026-09-06 18:32:05+00:00;149235;;Боталка(Студенты) — Поступашки;1866807276;;1643438247;"Да, изи медиум. Вообще сборник ""топ популярных задач"" от поступашек весьма полезен: как минимум задачи были у меня точно уж не сложнее, с чем сталкивался";;0;;12027;https://t.me/botalkaaa;0;0;;
2026-09-06 18:28:01+00:00;149234;;Боталка(Студенты) — Поступашки;1866807276;;666977779;ибо за час 2-3 задачи решаешь, 2 хард задачи анреал. Я может конечно мало ходил на собесы яндекса ну лан;;0;;12027;https://t.me/botalkaaa;0;0;;
2026-09-06 18:27:00+00:00;149233;149231;Боталка(Студенты) — Поступашки;1866807276;;666977779;хз, по вайбу изи-медиум;;;;12027;https://t.me/botalkaaa;0;0;;
2026-09-06 18:24:06+00:00;149231;149225;Боталка(Студенты) — Поступашки;1866807276;;808403694;литкод медиум-хард;;;;12027;https://t.me/botalkaaa;0;0;;
2026-09-06 18:21:04+00:00;149230;149066;Боталка(Студенты) — Поступашки;1866807276;;950300114;ребята, привет! кто может подсказать, есть еще задачи на мат секцию в т-банк?  реально ли такое спрашивают?;;;;12027;https://t.me/botalkaaa;0;0;;
2026-09-06 18:16:50+00:00;149229;;Боталка(Студенты) — Поступашки;1866807276;;6739633820;У меня тоже было pending, я доделал и отправил, не дожидаясь OK, по факту там эта штука просто проверяет, что ты правильно забираешь данные и возвращаешь;;0;;12027;https://t.me/botalkaaa;0;0;;
2026-09-06 18:13:31+00:00;149226;149219;Боталка(Студенты) — Поступашки;1866807276;;1095609304;а у кого не pending было? 😁;;;;12027;https://t.me/botalkaaa;0;0;;
2026-09-06 17:49:18+00:00;149225;;Боталка(Студенты) — Поступашки;1866807276;;1001567295;Всем привет. Подскажите, есть ли у кого-то список задач, которые могут попасться на собесе на стажировку в Яндекс? 2 этап на бэкенд. Может, за прошлые годы;;2;;12027;https://t.me/botalkaaa;0;0;;
2026-09-06 17:38:24+00:00;149224;149223;Боталка(Студенты) — Поступашки;1866807276;;482737620;хз, не помогло;;;;12027;https://t.me/botalkaaa;0;0;;
2026-09-06 17:37:06+00:00;149223;149219;Боталка(Студенты) — Поступашки;1866807276;;410368686;Отправь ещё одно решение, на предпоследнее сразу вылезет;;;;12027;https://t.me/botalkaaa;0;0;;
2026-09-06 17:29:09+00:00;149222;;Боталка(Студенты) — Поступашки;1866807276;;619229681;"**Стажировки для разработчиков **  В посте обсудим, куда можно податься начинающему разработчику, а также как выглядят этапы отборов. Весь процесс в целом един: Тетс/Тестовое + Анкета ➡️ Финалы. Финальных собесов может быть несколько: с рекрутером, с ментором, с руководителем, с мамой руководителя и тд. И спросить могут все, что угодно, даже тюремные загадки (математические задачи на логику). Но о том, какой базовый минимум для подачи ниже.   Можно смело подаваться на начальные позиции, когда знаете базу по языку, базу по сетям и алгоритмы. Алгоритмы отдельный интересный момент. Они есть в тестах, на технических собесах и их могут спокойно спросить на финальных собесах. Нередко ребятам-олимпиадникам или ребятам с высоким рейтингом на codeforces пишут в личку сами рекрутеры и зовут на собесы, иногда скипая несколько этапов отбора.   На стажировки можно податься тремя путями:  1. Массовые наборы  2. Единичные вакансии на сайте компании 3. Школы от компаний, где по итогу зовут в штат/на стажировку. Например, Т-банк академия, Летняя школа Яндекса, Vk education, Ozon Route и так далее тому подобное, их реально куча-куча.   Основные компании, которые высасывают начинающих кандидатов, приведу ниже. Но есть и так называемые галеры. Вообще галера-галере рознь. Кроме бигтехов приведенных ниже есть еще и Газпром, ВТБ, Альфа-банк, всякие заводы, где программируют чипы, да и вообще всякие аутстафы. Нередко туда идут отчаявшиеся ребята заниматься каким-то кринжом в  духе ""мобильный разработчик С++ на IOS"" в надежде получить какой-то опыт и уже с ним подаваться в более привлекательные проекты. Мое же мнение: да, встречаются интересные вакансии и такие истории успеха, но по моему опыту **на разработчика **они встречаются очень редко и такой опыт никакого ощутимого импакта в вашу карьеру не вносит. Я бы советовал в такой ситуации приглядеться на худой конец к школам дополнительное образования (ШАД, АА, курсы от компаний) и лабораториям, где учебный опыт можно кое-как попробовать оформить как ""рабочий"".   **1. Т-банк** 0. Контест на алгосы ([сегодня дедлайн](https://t.me/postypashki_old/1875)), чей разбор уже выложен на [наших курсах про](https://t.me/postypashki_old/1859), на которые идут последние 6 часов скидки.  ➡[️ Записаться](https://t.me/m/p94YcePXNjcy).  1. Финальный собес  ЗП 80-100 тыс.   **2. Яндекс** 0. Контест на алгосы, разбор будет только на [наших курсах ПРО](https://t.me/postypashki_old/1859).  1. Собесы на алгосы + вопросы по языку и самой базе по сетям ([чекайте в программе бэкенд старт](https://old.postypashki.ru/%d0%ba%d0%b0%d1%80%d1%8c%d0%b5%d1%80%d0%bd%d1%8b%d0%b5-%d0%ba%d1%83%d1%80%d1%81%d1%8b/backend-%d1%81%d1%82%d0%b0%d1%80%d1%82/)).  2. Финалы с командами  ЗП 80-100 тыс.  **3. VK ** Сразу подаешься в команду. 0. Тестовое (написать какой-нибудь сервис)  1. Финал  ЗП 70 тыс.   **4. Авито ** 0. Тест  1. Тестовое (написать сервис) 2. Финал ЗП 90-120 тыс.  **5. Сбер ** 0. Задание в виде теста. Потом резюме попадает в общий пул, из которого выбирают команды и hr.  1. Финальный собес  ЗП 40-60 тыс.  **6. Ozon** 0. Тестовое в духе написать HTTP сервис  1. Финал   **7. Касперский** 0. Тесты • Если направление «Безопасность сетей», то нужно пройти тестовое на ""Windows, Linux, C, C++"" • Если направление «Администратор систем», то нужно пройти тестовое «Windows, Linux, …”  и все в таком духе  1. Тестовое (написать сервис). 2. Финал с тюремными загадками.   **Как к такому подготовиться - кратко** 0. Решать литкод. Задач 150 на основные темы хватит ([темы чекайте в программе алгосы старт](https://old.postypashki.ru/%D0%BA%D0%B0%D1%80%D1%8C%D0%B5%D1%80%D0%BD%D1%8B%D0%B5-%D0%BA%D1%83%D1%80%D1%81%D1%8B/%D0%B0%D0%BB%D0%B3%D0%BE%D1%80%D0%B8%D1%82%D0%BC%D1%8B-%D1%81%D1%82%D0%B0%D1%80%D1%82/)) 1. Выучить язык (не только русский): синтаксис, чуть-чуть что под компотом, многопоточку)  2. Знать базу про сети (HTTP и тд).   В целом уже с этим можно ходить по собесам. Параллельно с этим качаем свой профессиональный рейтинг по советам [отсюда](https://t.me/postypashki_old/1830).    **Подписаться: ****@postypashki_old**";11584.0;0;;12027;https://t.me/botalkaaa;0;1;238.0;
2026-09-06 17:28:57+00:00;149221;149219;Боталка(Студенты) — Поступашки;1866807276;;6450222323;Там таких умных как мф полчата вот оно и сдохло;;;;12027;https://t.me/botalkaaa;0;0;;
2026-09-06 17:28:27+00:00;149220;;Боталка(Студенты) — Поступашки;1866807276;;987569542;уже два);;0;;12027;https://t.me/botalkaaa;0;0;;
2026-09-06 17:27:35+00:00;149219;;Боталка(Студенты) — Поступашки;1866807276;;482737620;эт норм что в тиньке pending уже почти час висит? я понимаю что народу много решает, но никогда настолько долго не висело;;6;;12027;https://t.me/botalkaaa;0;0;;
2026-09-06 17:27:26+00:00;149218;149211;Боталка(Студенты) — Поступашки;1866807276;;1119732245;Опасался за итмо;;;;12027;https://t.me/botalkaaa;0;0;;
2026-09-06 17:25:02+00:00;149217;149216;Боталка(Студенты) — Поступашки;1866807276;;808403694;привет ты кто;;;;12027;https://t.me/botalkaaa;0;0;;
2026-09-06 17:22:42+00:00;149216;149210;Боталка(Студенты) — Поступашки;1866807276;;2064803574;Даров, Игорь;;;;12027;https://t.me/botalkaaa;0;0;;
2026-09-06 17:20:32+00:00;149215;149214;Боталка(Студенты) — Поступашки;1866807276;;808403694;о привет;;;;12027;https://t.me/botalkaaa;0;0;;
2026-09-06 17:19:41+00:00;149214;149210;Боталка(Студенты) — Поступашки;1866807276;;836730128;Даров, Игорь;;;;12027;https://t.me/botalkaaa;0;0;;
2026-09-06 17:19:30+00:00;149213;149212;Боталка(Студенты) — Поступашки;1866807276;;808403694;привет ты кто;;;;12027;https://t.me/botalkaaa;0;0;;
2026-09-06 17:18:57+00:00;149212;149210;Боталка(Студенты) — Поступашки;1866807276;;1119732245;Даров, Игорь;;;;12027;https://t.me/botalkaaa;0;0;;
2026-09-06 17:18:53+00:00;149211;149208;Боталка(Студенты) — Поступашки;1866807276;;7250258476;а что такое;;;;12027;https://t.me/botalkaaa;0;0;;
2026-09-06 17:18:31+00:00;149210;149164;Боталка(Студенты) — Поступашки;1866807276;;808403694;гпт решает если уж так надо;;;;12027;https://t.me/botalkaaa;0;0;;
2026-09-06 17:16:32+00:00;149209;149200;Боталка(Студенты) — Поступашки;1866807276;;6739633820;У тебя n чисел, нужно раскидать по n-1 множеств, по принципу Дирихле должно хоть в 1 множестве быть 2 числа, сначала тебе нужно проверить, делится ли вообще сумма всех чисел нацело на n-1 множеств, потом нужно найти сколько должно быть в каждом множестве сумма, она равная у всех и по первому тесту смотри, у тебя в 1 множество влетает 2, во второе множество тоже влетает 2 и осталось 2 числа на 3 множество, твоя задача проверить, чтобы эти два числа давали в сумме ту же сумму, что и в остальных множествах(1+1) как в примере;;;;12027;https://t.me/botalkaaa;0;0;;
2026-09-06 17:15:25+00:00;149208;149207;Боталка(Студенты) — Поступашки;1866807276;;1119732245;Ну тогда норм;;;;12027;https://t.me/botalkaaa;0;0;;
2026-09-06 17:13:37+00:00;149207;149205;Боталка(Студенты) — Поступашки;1866807276;;7250258476;нет;;;;12027;https://t.me/botalkaaa;0;0;;
2026-09-06 17:13:22+00:00;149206;149203;Боталка(Студенты) — Поступашки;1866807276;;836457916;спасибо, хорошо;;;;12027;https://t.me/botalkaaa;0;0;;
2026-09-06 17:12:46+00:00;149205;149204;Боталка(Студенты) — Поступашки;1866807276;;1119732245;Ты из итмо?;;;;12027;https://t.me/botalkaaa;0;0;;
2026-09-06 17:12:08+00:00;149204;149173;Боталка(Студенты) — Поступашки;1866807276;;7250258476;а какие на ашки ограничения;;;;12027;https://t.me/botalkaaa;0;0;;
2026-09-06 17:10:33+00:00;149203;149202;Боталка(Студенты) — Поступашки;1866807276;;1119732245;Ты норм типочек;;;;12027;https://t.me/botalkaaa;0;0;;
2026-09-06 17:09:39+00:00;149202;149180;Боталка(Студенты) — Поступашки;1866807276;;836457916;здравствуйте;;;;12027;https://t.me/botalkaaa;0;0;;
2026-09-06 17:06:28+00:00;149200;149182;Боталка(Студенты) — Поступашки;1866807276;;6450222323;Голову помой;;;;12027;https://t.me/botalkaaa;0;0;;
2026-09-06 17:05:28+00:00;149199;149194;Боталка(Студенты) — Поступашки;1866807276;;1171499139;Донабор вроде в ноябре;;;;12027;https://t.me/botalkaaa;0;0;;
2026-09-06 17:02:32+00:00;149197;;Боталка(Студенты) — Поступашки;1866807276;;1731478556;А в вк не знаете когда будет стажа? У них осенью обычно набор?;;0;;12027;https://t.me/botalkaaa;0;0;;
2026-09-06 17:00:32+00:00;149196;149194;Боталка(Студенты) — Поступашки;1866807276;;1086504696;зимой вроде бы  в феврале;;;;12027;https://t.me/botalkaaa;0;0;;
2026-09-06 17:00:04+00:00;149195;;Боталка(Студенты) — Поступашки;1866807276;;1119732245;да похуй что в Татарстане говорят, это вообще земля булгар;;0;;12027;https://t.me/botalkaaa;0;0;;
2026-09-06 16:57:54+00:00;149194;;Боталка(Студенты) — Поступашки;1866807276;;1978219863;Есть инфа когда следующий набор на стажку в т-банк ?;;2;;12027;https://t.me/botalkaaa;0;0;;
2026-09-06 16:56:14+00:00;149193;149192;Боталка(Студенты) — Поступашки;1866807276;;74216408;Да;;;;12027;https://t.me/botalkaaa;0;0;;
2026-09-06 16:55:32+00:00;149192;149183;Боталка(Студенты) — Поступашки;1866807276;;5058608908;даже рыжий пёс?;;;;12027;https://t.me/botalkaaa;0;0;;
2026-09-06 16:54:49+00:00;149191;149189;Боталка(Студенты) — Поступашки;1866807276;;7250258476;ещё и 300к наносек;;;;12027;https://t.me/botalkaaa;0;0;;
2026-09-06 16:50:54+00:00;149190;;Боталка(Студенты) — Поступашки;1866807276;;8456918425;Всем привет.Я с другом сделал бота @para_na_pary, чтобы проще находить людей из своего вуза — для списывания, прогулок или отношений. Всё бесплатно, ничего не продаем. Сейчас нас немного, но в ближайшие недели добавится больше анкет. Если нужно — присоединяйтесь) Надеюсь вы не засчитаете за рекламу, а если да то к кому обращаться;;0;;12027;https://t.me/botalkaaa;0;0;;
2026-09-06 16:48:36+00:00;149189;149183;Боталка(Студенты) — Поступашки;1866807276;;6256439531;артем ты тоже милашка, самый красивый в чате;;;;12027;https://t.me/botalkaaa;0;0;;
2026-09-06 16:46:50+00:00;149187;149173;Боталка(Студенты) — Поступашки;1866807276;;6739633820;За тебя делать не буду ничего, могу только дать подсказку. Прочитай что такое принцип Дирихле, может натолкнет на решение;;;;12027;https://t.me/botalkaaa;0;0;;
2026-09-06 16:45:44+00:00;149186;149165;Боталка(Студенты) — Поступашки;1866807276;;1713673636;Согласна, вы очень красивая;;;;12027;https://t.me/botalkaaa;0;0;;
2026-09-06 16:45:29+00:00;149183;;Боталка(Студенты) — Поступашки;1866807276;;74216408;Боже, какие все тут красивые, особенно парни;;4;;12027;https://t.me/botalkaaa;0;0;;
2026-09-06 16:45:22+00:00;149182;149173;Боталка(Студенты) — Поступашки;1866807276;;6739633820;Братан, уж прости, но такое не уметь решать это надо постараться;;;;12027;https://t.me/botalkaaa;0;0;;
2026-09-06 16:45:01+00:00;149181;149179;Боталка(Студенты) — Поступашки;1866807276;;6256439531;и ты краш соня;;;;12027;https://t.me/botalkaaa;0;0;;
2026-09-06 16:44:47+00:00;149180;149155;Боталка(Студенты) — Поступашки;1866807276;;1447893994;Привет милочка;;;;12027;https://t.me/botalkaaa;0;0;;
2026-09-06 16:44:43+00:00;149179;149170;Боталка(Студенты) — Поступашки;1866807276;;1713673636;Согласна, Алина краш;;;;12027;https://t.me/botalkaaa;0;0;;
2026-09-06 16:44:31+00:00;149178;149177;Боталка(Студенты) — Поступашки;1866807276;;1622992942;дикпик фу;;;;12027;https://t.me/botalkaaa;0;0;;
2026-09-06 16:43:46+00:00;149177;149173;Боталка(Студенты) — Поступашки;1866807276;;1095609304;ало дипсик привет да да ?;;;;12027;https://t.me/botalkaaa;0;0;;
2026-09-06 16:43:22+00:00;149176;149175;Боталка(Студенты) — Поступашки;1866807276;;1119732245;Я в его категориях ответил;;;;12027;https://t.me/botalkaaa;0;0;;
2026-09-06 16:42:26+00:00;149175;149172;Боталка(Студенты) — Поступашки;1866807276;;7250258476;ты же только что сказал что красивых не существует;;;;12027;https://t.me/botalkaaa;0;0;;
2026-09-06 16:42:22+00:00;149174;149168;Боталка(Студенты) — Поступашки;1866807276;;1119732245;Есть просто девушки и мужчины;;;;12027;https://t.me/botalkaaa;0;0;;
2026-09-06 16:42:00+00:00;149173;;Боталка(Студенты) — Поступашки;1866807276;;6450222323;кенты у кого мб будут ети решения скиньте пж с меня магарыч;;12;;12027;https://t.me/botalkaaa;0;0;;
2026-09-06 16:39:52+00:00;149172;149170;Боталка(Студенты) — Поступашки;1866807276;;1119732245;По моему скорее следит за собой, чем красивая;;;;12027;https://t.me/botalkaaa;0;0;;
2026-09-06 16:39:43+00:00;149171;149165;Боталка(Студенты) — Поступашки;1866807276;;6450222323;о краснодар;;;;12027;https://t.me/botalkaaa;0;0;;
2026-09-06 16:38:16+00:00;149170;149166;Боталка(Студенты) — Поступашки;1866807276;;6256439531;ну не знаю алина красивая;;;;12027;https://t.me/botalkaaa;0;0;;
2026-09-06 16:38:14+00:00;149169;149166;Боталка(Студенты) — Поступашки;1866807276;;1622992942;есть красивые и очень красивые 🤗;;;;12027;https://t.me/botalkaaa;0;0;;
2026-09-06 16:38:13+00:00;149168;149166;Боталка(Студенты) — Поступашки;1866807276;;7250258476;а какие есть;;;;12027;https://t.me/botalkaaa;0;0;;
2026-09-06 16:37:59+00:00;149167;149165;Боталка(Студенты) — Поступашки;1866807276;;987569542;знаете, вы тоже;;;;12027;https://t.me/botalkaaa;0;0;;
2026-09-06 16:37:45+00:00;149166;149165;Боталка(Студенты) — Поступашки;1866807276;;1119732245;Нет красивых и некрасивых;;;;12027;https://t.me/botalkaaa;0;0;;
2026-09-06 16:36:54+00:00;149165;149158;Боталка(Студенты) — Поступашки;1866807276;;7250258476;вы очень красивая Катенька;;;;12027;https://t.me/botalkaaa;0;0;;
2026-09-06 16:35:38+00:00;149164;149161;Боталка(Студенты) — Поступашки;1866807276;;6450222323;ну 7 задач бекендерские;;;;12027;https://t.me/botalkaaa;0;0;;
2026-09-06 16:31:30+00:00;149161;149157;Боталка(Студенты) — Поступашки;1866807276;;6739633820;Какое направление;;;;12027;https://t.me/botalkaaa;0;0;;
2026-09-06 16:31:05+00:00;149160;149157;Боталка(Студенты) — Поступашки;1866807276;;6256439531;фрик;;;;12027;https://t.me/botalkaaa;0;0;;
2026-09-06 16:31:02+00:00;149159;149129;Боталка(Студенты) — Поступашки;1866807276;;74216408;Факты без шуток;;;;12027;https://t.me/botalkaaa;0;0;;
2026-09-06 15:52:18+00:00;149156;;Боталка(Студенты) — Поступашки;1866807276;;1282283196;спасибо!;;0;;12027;https://t.me/botalkaaa;0;0;;
2026-09-06 15:51:15+00:00;149155;149154;Боталка(Студенты) — Поступашки;1866807276;;836457916;привет напиши @m_perminov;;;;12027;https://t.me/botalkaaa;0;0;;
2026-09-06 15:46:46+00:00;149153;149152;Боталка(Студенты) — Поступашки;1866807276;;836457916;ладно простите;;;;12027;https://t.me/botalkaaa;0;0;;
2026-09-06 15:46:17+00:00;149152;149151;Боталка(Студенты) — Поступашки;1866807276;;773798619;за чтоо тетерев;;;;12027;https://t.me/botalkaaa;0;0;;
2026-09-06 15:45:43+00:00;149151;149150;Боталка(Студенты) — Поступашки;1866807276;;836457916;хуйня;;;;12027;https://t.me/botalkaaa;0;0;;
2026-09-06 15:44:42+00:00;149150;149147;Боталка(Студенты) — Поступашки;1866807276;;1637165030;Бауманка;;;;12027;https://t.me/botalkaaa;0;0;;
2026-09-06 15:39:19+00:00;149149;;Боталка(Студенты) — Поступашки;1866807276;;6739633820;Кто-то проходил стажировку в т банк на ml? Контест по алгосам? Как задачи, сколько решили?;;0;;12027;https://t.me/botalkaaa;0;0;;
2026-09-06 15:36:23+00:00;149148;;Боталка(Студенты) — Поступашки;1866807276;;619229681;**Ищем алгоритмистов!**  Товарищи, Поступашкам нужны контент мейкеры в [основной канал](http://t.me/postypashki_old) по алгоритмам. Если вы творческая личность, интересующейся алгоритмами (или другим), вам нравится писать посты/ придумывать идеи для контента, то обязательно пишите @vice22821. Оплата сдельная, ориентировочно за один пост от 2 тыс до 15 тыс рублей.  Обязательно делитесь с ребятами, которым это может быть интересно.;;0;;12027;https://t.me/botalkaaa;0;0;;
2026-09-06 15:35:11+00:00;149147;149139;Боталка(Студенты) — Поступашки;1866807276;;6393788691;чё за вуз;;;;12027;https://t.me/botalkaaa;0;0;;
2026-09-06 15:34:40+00:00;149146;;Боталка(Студенты) — Поступашки;1866807276;;8763894822;Привет! Кто нибудь уже решал обновленный ML контест в яндекс или кто бы хотел вместе решить?;;0;;12027;https://t.me/botalkaaa;0;0;;
2026-09-06 15:31:33+00:00;149145;149142;Боталка(Студенты) — Поступашки;1866807276;;1627316505;Как симбиркалл крч);;;;12027;https://t.me/botalkaaa;0;0;;
2026-09-06 14:57:22+00:00;149143;149142;Боталка(Студенты) — Поступашки;1866807276;;467022788;Не трать силы на думы, это реджект;;;;12027;https://t.me/botalkaaa;0;0;;
2026-09-06 14:55:48+00:00;149142;;Боталка(Студенты) — Поступашки;1866807276;;1095936718;странно. я откликался в тот же день, что появлялись вакансии (27 августа), даже не просмотрели отклик (смотрю через ЛК на их сайте);;2;;12027;https://t.me/botalkaaa;0;0;;
2026-09-06 14:54:43+00:00;149140;149127;Боталка(Студенты) — Поступашки;1866807276;;1086504696;Мне не стажу написали на след день с приглашением на интервью;;;;12027;https://t.me/botalkaaa;0;0;;
2026-09-06 14:49:56+00:00;149139;;Боталка(Студенты) — Поступашки;1866807276;;1637165030;В группе в вузе, правда на стажировки;;5;;12027;https://t.me/botalkaaa;0;0;;
2026-09-06 14:49:21+00:00;149138;149136;Боталка(Студенты) — Поступашки;1866807276;;7629930608;У нас это у кого?;;;;12027;https://t.me/botalkaaa;0;0;;
2026-09-06 14:49:12+00:00;149137;;Боталка(Студенты) — Поступашки;1866807276;;1095936718;Я откликался на MidSprint, вакансии убрали, а мне ничего не ответили;;0;;12027;https://t.me/botalkaaa;0;0;;
2026-09-06 14:48:54+00:00;149136;;Боталка(Студенты) — Поступашки;1866807276;;1637165030;У нас двое в августе откликнулись и уже работают;;1;;12027;https://t.me/botalkaaa;0;0;;
2026-09-06 14:48:39+00:00;149135;149127;Боталка(Студенты) — Поступашки;1866807276;;467022788;Слышал что если мэтч, то отвечают в рамках нескольких дней;;;;12027;https://t.me/botalkaaa;0;0;;
2026-09-06 14:48:02+00:00;149134;149133;Боталка(Студенты) — Поступашки;1866807276;;7629930608;Это не спрашивать надо, а прочувствовать, попробуй 🥲;;;;12027;https://t.me/botalkaaa;0;0;;
2026-09-06 14:47:23+00:00;149133;149129;Боталка(Студенты) — Поступашки;1866807276;;1637165030;Почему?;;;;12027;https://t.me/botalkaaa;0;0;;
2026-09-06 14:44:22+00:00;149131;149130;Боталка(Студенты) — Поступашки;1866807276;;7629930608;Почти;;;;12027;https://t.me/botalkaaa;0;0;;
2026-09-06 14:42:40+00:00;149130;149129;Боталка(Студенты) — Поступашки;1866807276;;1055412157;суффиксным?;;;;12027;https://t.me/botalkaaa;0;0;;
2026-09-06 14:41:47+00:00;149129;149127;Боталка(Студенты) — Поступашки;1866807276;;7629930608;Реджект автоматом;;;;12027;https://t.me/botalkaaa;0;0;;
2026-09-06 14:39:37+00:00;149127;;Боталка(Студенты) — Поступашки;1866807276;;1095936718;можете подсказать, сколько по времени рассматривают отклики в VK на вакансии MidSprint и Junior Вакансии?;;8;;12027;https://t.me/botalkaaa;0;0;;
2026-09-06 13:03:20+00:00;149125;;Боталка(Студенты) — Поступашки;1866807276;;619229681;[**Разбор экзамена на стажировку в Т-банк за подписку! **](https://education.tbank.ru/start/?ysclid=mtpqf1hzhb158092526)  Чтобы получить разбор: ➡️Подпишитесь на нас в запрещенной странице** **[**тут**](https://www.instagram.com/offer.berry/) ➡️Поставьте «+» в комментариях под последней каруселью[ **тут**](https://www.instagram.com/p/Dc6AgigDJL6/?utm_source=ig_web_copy_link&stkn=MzRlODBiNWFlZA==) ➡️После этого бот пришлёт вам материал в директ  Внутри будет разбор экзамена и теста SQL на стажировку Т-банк;14233.0;0;;12027;https://t.me/botalkaaa;0;1;93.0;
2026-09-06 12:57:36+00:00;149124;;Боталка(Студенты) — Поступашки;1866807276;;2117704353;Ребят, решил 2 задачи с яндекс контеста, насколько вообще гуд? Смотрел видео шада, но оно выходило 3 года назад Дополнительно есть контакт рекрутера с YoungCon'а, я ей завтра скину резы;;0;;12027;https://t.me/botalkaaa;0;0;;
2026-09-06 10:10:23+00:00;149122;149112;Боталка(Студенты) — Поступашки;1866807276;;706164601;Чё-то не вижу;;;;12027;https://t.me/botalkaaa;0;0;;
2026-09-06 09:19:54+00:00;149121;;Боталка(Студенты) — Поступашки;1866807276;;5093960993;ребят, привет. Может есть кто проходил вступительные на магу МФТИ по направлению программная инженерия (https://pk.mipt.ru/perevodvoss/ПРОГРАММНАЯ%20ИНЖЕНЕРИЯ.pdf)? Можете пожалуйста отписаться, хотел посоветоваться;;0;;12027;https://t.me/botalkaaa;0;0;;
2026-09-06 07:09:20+00:00;149116;;Боталка(Студенты) — Поступашки;1866807276;;1386982939;Всем привет! Можно с кем-нибудь свериться ответами по эку в тинёк по математике?;;0;;12027;https://t.me/botalkaaa;0;0;;
2026-09-06 06:42:58+00:00;149115;149114;Боталка(Студенты) — Поступашки;1866807276;;666977779;Я скидывал позавчера;;;;12027;https://t.me/botalkaaa;0;0;;
2026-09-06 06:41:45+00:00;149114;;Боталка(Студенты) — Поступашки;1866807276;;7065984820;Привет, есть у кого-нибудь вопросы с видео интервью?;;1;;12027;https://t.me/botalkaaa;0;0;;
2026-09-06 06:40:10+00:00;149113;149100;Боталка(Студенты) — Поступашки;1866807276;;6256439531;в авито есть;;;;12027;https://t.me/botalkaaa;0;0;;
2026-09-06 06:37:28+00:00;149112;149084;Боталка(Студенты) — Поступашки;1866807276;;6256439531;йохан жесткий альфа сигма гигачад теперь;;;;12027;https://t.me/botalkaaa;0;0;;
2026-09-06 05:35:57+00:00;149111;149101;Боталка(Студенты) — Поступашки;1866807276;;1841974524;Есть 2 типа людей;;;;12027;https://t.me/botalkaaa;0;0;;
2026-09-06 02:17:47+00:00;149109;149108;Боталка(Студенты) — Поступашки;1866807276;;1626233314;Привет;;;;12027;https://t.me/botalkaaa;0;0;;
2026-09-06 01:59:28+00:00;149108;;Боталка(Студенты) — Поступашки;1866807276;;852344624;Привет;;1;;12027;https://t.me/botalkaaa;0;0;;
2026-09-05 23:25:23+00:00;149106;149080;Боталка(Студенты) — Поступашки;1866807276;;791449795;О привет;;;;12027;https://t.me/botalkaaa;0;0;;
2026-09-05 21:08:13+00:00;149105;;Боталка(Студенты) — Поступашки;1866807276;;1450891648;а нету какого-то чата, где все целенаправленно рефками меняются?;;0;;12027;https://t.me/botalkaaa;0;0;;
2026-09-05 21:07:04+00:00;149104;;Боталка(Студенты) — Поступашки;1866807276;;1450891648;имеется;;0;;12027;https://t.me/botalkaaa;0;0;;
2026-09-05 21:06:29+00:00;149103;149102;Боталка(Студенты) — Поступашки;1866807276;;474815603;Тут проблемка тогда…;;;;12027;https://t.me/botalkaaa;0;0;;
2026-09-05 21:05:56+00:00;149102;149101;Боталка(Студенты) — Поступашки;1866807276;;1450891648;там нету удаленки, а на первом курсе вуза как-то не вайб гонять в офис((  Да и я буквально сегодня смотрел вакансии, единственная подходящая на удаленку - техлид девопс(;;;;12027;https://t.me/botalkaaa;0;0;;
2026-09-05 21:05:21+00:00;149101;149100;Боталка(Студенты) — Поступашки;1866807276;;474815603;У меня сбер есть;;;;12027;https://t.me/botalkaaa;0;0;;
2026-09-05 21:04:44+00:00;149100;;Боталка(Студенты) — Поступашки;1866807276;;1450891648;друзья, есть у кого рефки любые ?;;5;;12027;https://t.me/botalkaaa;0;0;;
2026-09-05 21:03:38+00:00;149099;149096;Боталка(Студенты) — Поступашки;1866807276;;5039815796;Привет, а че ты в айти чате делаешь?;;;;12027;https://t.me/botalkaaa;0;0;;
2026-09-05 21:02:58+00:00;149098;;Боталка(Студенты) — Поступашки;1866807276;;2046329890;200/300, аналитика янд это скип сразу? Анрил коммитнуть на второй задаче ( вылаетет гитлаб, у кого было мб?;;0;;12027;https://t.me/botalkaaa;0;0;;
2026-09-05 20:58:52+00:00;149097;;Боталка(Студенты) — Поступашки;1866807276;;1450891648;MediaMessage;;0;;12027;https://t.me/botalkaaa;0;0;;
2026-09-05 20:38:37+00:00;149096;149095;Боталка(Студенты) — Поступашки;1866807276;;1119732245;Слово инцел используют в основном те же самые люди;;;;12027;https://t.me/botalkaaa;0;0;;
2026-09-05 20:37:46+00:00;149095;;Боталка(Студенты) — Поступашки;1866807276;;6478257531;Тут чат инцелят бро);;2;;12027;https://t.me/botalkaaa;0;0;;
2026-09-05 20:35:46+00:00;149094;149093;Боталка(Студенты) — Поступашки;1866807276;;666977779;Хз, мне норм, я и писал про авито мне отвечали и в яндекс с озоном меня рефали;;;;12027;https://t.me/botalkaaa;0;0;;
2026-09-05 20:32:06+00:00;149093;;Боталка(Студенты) — Поступашки;1866807276;;1119732245;Стало просто чатом с вопросами и угаром на и плюс рекламки;;1;;12027;https://t.me/botalkaaa;0;0;;
2026-09-05 20:31:14+00:00;149092;149091;Боталка(Студенты) — Поступашки;1866807276;;74216408;А чем стало?;;;;12027;https://t.me/botalkaaa;0;0;;
2026-09-05 20:31:01+00:00;149091;;Боталка(Студенты) — Поступашки;1866807276;;1119732245;Бля, поступашки в последнее время как будто перестали быть местом, где могут подсказать по вступительным, контестам и т.д. Все таки изменения какие то происходят здесь;;1;;12027;https://t.me/botalkaaa;0;0;;
2026-09-05 20:29:22+00:00;149090;;Боталка(Студенты) — Поступашки;1866807276;;1841974524;Там практикую унижение, не ведись на извращения;;0;;12027;https://t.me/botalkaaa;0;0;;
2026-09-05 20:25:27+00:00;149088;149087;Боталка(Студенты) — Поступашки;1866807276;;6478257531;Я тоже);;;;12027;https://t.me/botalkaaa;0;0;;
2026-09-05 20:25:12+00:00;149087;149085;Боталка(Студенты) — Поступашки;1866807276;;706164601;Я помню твой старый тег;;;;12027;https://t.me/botalkaaa;0;0;;
2026-09-05 20:25:06+00:00;149086;149083;Боталка(Студенты) — Поступашки;1866807276;;2046329890;Согл;;;;12027;https://t.me/botalkaaa;0;0;;
2026-09-05 20:24:21+00:00;149085;149084;Боталка(Студенты) — Поступашки;1866807276;;6478257531;?;;;;12027;https://t.me/botalkaaa;0;0;;
2026-09-05 20:24:10+00:00;149084;149083;Боталка(Студенты) — Поступашки;1866807276;;706164601;Бро 💀;;;;12027;https://t.me/botalkaaa;0;0;;
2026-09-05 20:09:39+00:00;149083;149080;Боталка(Студенты) — Поступашки;1866807276;;6478257531;Вау какая красавица;;;;12027;https://t.me/botalkaaa;0;0;;
2026-09-05 19:41:33+00:00;149082;;Боталка(Студенты) — Поступашки;1866807276;;6256439531;ужас какой;;0;;12027;https://t.me/botalkaaa;0;0;;
2026-09-05 19:25:23+00:00;149080;;Боталка(Студенты) — Поступашки;1866807276;;344898755;кто-нибудь знает ограничения на a[i] в 5й задаче контеста в тинькофф? возможно из поддержки кому-то отвечали, там в условии не указаны;;9;;12027;https://t.me/botalkaaa;0;0;;
2026-09-05 17:18:36+00:00;149072;149070;Боталка(Студенты) — Поступашки;1866807276;;8390340324;Типа ты считаешь, что тут может возникнуть проблема ratio метрик?;;;;12027;https://t.me/botalkaaa;0;0;;
2026-09-05 15:53:06+00:00;149070;;Боталка(Студенты) — Поступашки;1866807276;;5661624761;кто решал кейс на продуктового аналитика, вы считали конверсию по юзерам или по попыткам оплаты жкх  у одного юзера просто может быть несколько попыток;;1;;12027;https://t.me/botalkaaa;0;0;;
2026-09-05 15:08:48+00:00;149066;;Боталка(Студенты) — Поступашки;1866807276;;619229681;Задачи с собеседования в Т-банк, которые спрашивают на математической секции и в тестовых заданиях. Эти задачи или их аналоги выпадают постоянно не только в Тиньке, но и в Яндексе, Авито и других биг техах. В общем прорешать эти несчастные 30 задач необходимо! Поэтому сохраняем себе, делимся с друзьями такой годнотой!   Кстати[ разбор экзаменов Т-банка уже выложен на наших курсах ПРО](https://t.me/postypashki_old/1879), на которые уже завтра заканчивается финальная скидка.  ➡️[ Записаться](https://t.me/m/p94YcePXNjcy).   Также не забываем про наши банки задач с собесов:  —[ **Аналитика **](http://t.me/analytic_postypashki) —[ **ML & DS**](http://t.me/postypashki_ml) — [**Бэкенд **](http://t.me/backend_postypashki) — [**Фронтенд **](http://t.me/frontend_postypashki) — [**Алгоритмы**](http://t.me/algoses_postypashki) — [**Swift **](http://t.me/swift_postypashki)  Подписаться: @matesha_shad;3870.0;1;;12027;https://t.me/botalkaaa;0;1;237.0;
2026-09-05 13:00:28+00:00;149058;149049;Боталка(Студенты) — Поступашки;1866807276;;1731478556;Странно что дети дешевле, хотя с ними больше возиться приходится;;;;12027;https://t.me/botalkaaa;0;0;;
2026-09-05 12:38:39+00:00;149055;149054;Боталка(Студенты) — Поступашки;1866807276;;482737620;Тот самый руководитель дипломной работы;;;;12027;https://t.me/botalkaaa;0;0;;
2026-09-05 12:36:49+00:00;149054;149049;Боталка(Студенты) — Поступашки;1866807276;;6256439531;а как эффективность замерялась? откуда цифра 3;;;;12027;https://t.me/botalkaaa;0;0;;
2026-09-05 12:35:16+00:00;149053;149049;Боталка(Студенты) — Поступашки;1866807276;;6337016151;Использовать ИИ в обучении☠;;;;12027;https://t.me/botalkaaa;0;0;;
2026-09-05 12:16:39+00:00;149051;149050;Боталка(Студенты) — Поступашки;1866807276;;8499118790;только visual basic;;;;12027;https://t.me/botalkaaa;0;0;;
2026-09-05 12:03:51+00:00;149050;149049;Боталка(Студенты) — Поступашки;1866807276;;6478257531;А с++ мне сможете преподать?;;;;12027;https://t.me/botalkaaa;0;0;;
2026-09-05 11:05:54+00:00;149047;149011;Боталка(Студенты) — Поступашки;1866807276;;482737620;Ребят есть у кого все вопросы?;;;;12027;https://t.me/botalkaaa;0;0;;
2026-09-05 10:49:12+00:00;149044;;Боталка(Студенты) — Поступашки;1866807276;;619229681;[**Последняя возможность присоединиться к курсам ПРО и забрать оффер в Т-банк**](https://t.me/postypashki_old/1859)  Товарищи, уже в этот понедельник стартуют [**наши курсы**](https://t.me/postypashki_old/1859). Для вопросов и записи на курс [**пишите менеджеру**](https://t.me/m/p94YcePXNjcy)   [**Только до 06.09 цена за один курс**](https://t.me/m/p94YcePXNjcy) **~~14 795 ~~**[**~~ ~~**](https://t.me/m/p94YcePXNjcy)**~~₽~~** ➡️ **8 950 ₽**  Можно выбрать направление: ⏩ [**Backend ПРО**](https://old.postypashki.ru/%D0%BA%D0%B0%D1%80%D1%8C%D0%B5%D1%80%D0%BD%D1%8B%D0%B5-%D0%BA%D1%83%D1%80%D1%81%D1%8B/backend-%D1%85%D0%B0%D1%80%D0%B4/) ⏩ [**Алгоритмы ПРО**](https://old.postypashki.ru/%D0%BA%D0%B0%D1%80%D1%8C%D0%B5%D1%80%D0%BD%D1%8B%D0%B5-%D0%BA%D1%83%D1%80%D1%81%D1%8B/%D0%B0%D0%BB%D0%B3%D0%BE%D1%80%D0%B8%D1%82%D0%BC%D1%8B-%D1%85%D0%B0%D1%80%D0%B4/) ⏩ [**Аналитика ПРО**](https://old.postypashki.ru/%D0%BA%D0%B0%D1%80%D1%8C%D0%B5%D1%80%D0%BD%D1%8B%D0%B5-%D0%BA%D1%83%D1%80%D1%81%D1%8B/%D0%B0%D0%BD%D0%B0%D0%BB%D0%B8%D1%82%D0%B8%D0%BA%D0%B0-%D1%85%D0%B0%D1%80%D0%B4/) ⏩ [**ML ПРО**](https://old.postypashki.ru/%D0%BA%D0%B0%D1%80%D1%8C%D0%B5%D1%80%D0%BD%D1%8B%D0%B5-%D0%BA%D1%83%D1%80%D1%81%D1%8B/ml-%D1%85%D0%B0%D1%80%D0%B4/) ⏩ [**ИИ-агенты ПРО **](https://old.postypashki.ru/%D0%BA%D0%B0%D1%80%D1%8C%D0%B5%D1%80%D0%BD%D1%8B%D0%B5-%D0%BA%D1%83%D1%80%D1%81%D1%8B/ai-%D0%B0%D0%B3%D0%B5%D0%BD%D1%82%D1%8B-%D0%BF%D1%80%D0%BE/)  ❗️**Действует гарантия: **прошел курс, выполнил все рекомендации, но не получил оффер — вернем деньги ❗️**Курс длится** **6 недель**: теория, практика, домашние задания и пет-проект. Всё это время рядом преподаватель и куратор. ❗️**Разбор Т-банка**: уже выложен для участников наших курсов! Подробная инфа по прохождению и заполнению анкеты прилагается  На выходе ты будешь владеть более продвинутыми инструментами, стеком и сможешь претендовать на большее количество вакансий. Ты в разы увеличишь свои шансы на топовый оффер ([**полная программа на сайте**](https://old.postypashki.ru/%D0%BA%D0%B0%D1%80%D1%8C%D0%B5%D1%80%D0%BD%D1%8B%D0%B5-%D0%BA%D1%83%D1%80%D1%81%D1%8B/)).;0.0;0;;12027;https://t.me/botalkaaa;0;1;0.0;
2026-09-04 20:48:53+00:00;149024;149023;Боталка(Студенты) — Поступашки;1866807276;;1939540033;просто хотела понять там реально будут задачи в основном на ассинхронность более сложную чем на первом или все же алгосы как на бэк;;;;12027;https://t.me/botalkaaa;0;0;;
2026-09-04 20:47:59+00:00;149023;149015;Боталка(Студенты) — Поступашки;1866807276;;1277517387;Должны были скинуть сайт для подготовки, там по идее есть вся инфа;;;;12027;https://t.me/botalkaaa;0;0;;
2026-09-04 20:43:24+00:00;149022;149019;Боталка(Студенты) — Поступашки;1866807276;;6478257531;Ай тигр;;;;12027;https://t.me/botalkaaa;0;0;;
2026-09-04 20:43:20+00:00;149021;;Боталка(Студенты) — Поступашки;1866807276;;773798619;бл... она самое неприятное в освоении;;0;;12027;https://t.me/botalkaaa;0;0;;
2026-09-04 20:42:32+00:00;149020;149016;Боталка(Студенты) — Поступашки;1866807276;;829596336;шутки шутками, смех смехом, но все веселье заканчивается, когда сова на скакалке попадается;;;;12027;https://t.me/botalkaaa;0;0;;
2026-09-04 20:42:21+00:00;149019;149018;Боталка(Студенты) — Поступашки;1866807276;;74216408;Я хожу только по алкособесам;;;;12027;https://t.me/botalkaaa;0;0;;
2026-09-04 20:41:37+00:00;149018;149017;Боталка(Студенты) — Поступашки;1866807276;;6478257531;Артем а когда с тобой пойдём на алкособес?;;;;12027;https://t.me/botalkaaa;0;0;;
2026-09-04 20:41:04+00:00;149017;149015;Боталка(Студенты) — Поступашки;1866807276;;74216408;Алгосы вроде;;;;12027;https://t.me/botalkaaa;0;0;;
2026-09-04 20:40:09+00:00;149016;;Боталка(Студенты) — Поступашки;1866807276;;773798619;да, главное про пантер/чок братан/67 шарить, так возьмут безусловно;;1;;12027;https://t.me/botalkaaa;0;0;;
2026-09-04 20:40:05+00:00;149015;;Боталка(Студенты) — Поступашки;1866807276;;1939540033;А кто-нибудь знает чего ожидать от второго тех собеса в Яндекс на фронтенд стажера? 🙏🏻;;6;;12027;https://t.me/botalkaaa;0;0;;
2026-09-04 20:39:41+00:00;149014;149013;Боталка(Студенты) — Поступашки;1866807276;;666977779;надеюсь им понравился мой вайб;;;;12027;https://t.me/botalkaaa;0;0;;
2026-09-04 20:39:06+00:00;149013;149012;Боталка(Студенты) — Поступашки;1866807276;;829596336;по вайбу;;;;12027;https://t.me/botalkaaa;0;0;;
2026-09-04 20:35:47+00:00;149012;;Боталка(Студенты) — Поступашки;1866807276;;666977779;мне кста интересно как это оценивается;;2;;12027;https://t.me/botalkaaa;0;0;;
2026-09-04 20:34:43+00:00;149011;;Боталка(Студенты) — Поступашки;1866807276;;666977779;блин я переоценил себя, проще сюда написать  кароче спросили: - кто я - 3 вещи которые важны в работадателе - почему именно авито - какие ваши зп ожидания - почему именно такое направление - расскажите про опыт работы в команде  9 вопросов всего было больше не помню че там спрашивали;;1;;12027;https://t.me/botalkaaa;0;0;;
2026-09-04 20:30:26+00:00;149010;;Боталка(Студенты) — Поступашки;1866807276;;666977779;я только что прошел видеоинтервью в авито, пока чет помню пишите в лс немного расскажу;;0;;12027;https://t.me/botalkaaa;0;0;;
2026-09-04 20:29:44+00:00;149009;148951;Боталка(Студенты) — Поступашки;1866807276;;333244487;А присылают какую-то отбивку, если не прошел? А то чет за сегодня не написали ничего и как-то грустно. Хотя мб сейчас завал, тк 28 как раз контест обновляли;;;;12027;https://t.me/botalkaaa;0;0;;
2026-09-04 19:17:56+00:00;149008;;Боталка(Студенты) — Поступашки;1866807276;;8968108779;Мужики кто со сбера, можно ли оставаясь внутри команды перевестись с Вавилова в сбер Сити?;;0;;12027;https://t.me/botalkaaa;0;0;;
2026-09-04 19:11:45+00:00;149007;149004;Боталка(Студенты) — Поступашки;1866807276;;1627316505;Опыт, работа в команде типа того;;;;12027;https://t.me/botalkaaa;0;0;;
2026-09-04 19:06:19+00:00;149006;149004;Боталка(Студенты) — Поступашки;1866807276;;2064803574;Про опыт и софтскиллы. Это интервью что-то вроде аналога hr скрининга;;;;12027;https://t.me/botalkaaa;0;0;;
2026-09-04 18:34:13+00:00;149004;149003;Боталка(Студенты) — Поступашки;1866807276;;666977779;там по разработке есть вопросы или только про то чем занимался и тп;;;;12027;https://t.me/botalkaaa;0;0;;
2026-09-04 18:28:17+00:00;149003;149002;Боталка(Студенты) — Поступашки;1866807276;;2064803574;Да, вопросы с лимитом на время;;;;12027;https://t.me/botalkaaa;0;0;;
2026-09-04 18:27:34+00:00;149002;;Боталка(Студенты) — Поступашки;1866807276;;482737620;А что там за видео интервью в Авито? Типо записываешь видос отвечая на вопросы на экране?;;4;;12027;https://t.me/botalkaaa;0;0;;
2026-09-04 18:23:33+00:00;149001;149000;Боталка(Студенты) — Поступашки;1866807276;;1627316505;Дааааа;;;;12027;https://t.me/botalkaaa;0;0;;
2026-09-04 18:23:22+00:00;149000;148999;Боталка(Студенты) — Поступашки;1866807276;;1978219863;Пол ляма));;;;12027;https://t.me/botalkaaa;0;0;;
2026-09-04 18:21:46+00:00;148999;148997;Боталка(Студенты) — Поступашки;1866807276;;1627316505;Ещё маст пройти стажку год или полтора года, либо плати деньги;;;;12027;https://t.me/botalkaaa;0;0;;
2026-09-04 18:21:45+00:00;148998;148997;Боталка(Студенты) — Поступашки;1866807276;;1978219863;Края поел, а самое вкусное упустил;;;;12027;https://t.me/botalkaaa;0;0;;
2026-09-04 18:20:55+00:00;148997;148996;Боталка(Студенты) — Поступашки;1866807276;;1115880745;О, это там где стажировка 4 месяца с зп 4к?;;;;12027;https://t.me/botalkaaa;0;0;;
2026-09-04 18:07:45+00:00;148996;;Боталка(Студенты) — Поступашки;1866807276;;1841974524;О могу, слышал про Aston?;;5;;12027;https://t.me/botalkaaa;0;0;;
2026-09-04 18:06:58+00:00;148995;;Боталка(Студенты) — Поступашки;1866807276;;1450891648;друзья, кто-то может кинуть рефку куда-нибудь на дистант DevOps/DevSecOps/Sys. Admin?  upd, лучше в лс пишите, я тут могу не заметитть(;;0;;12027;https://t.me/botalkaaa;0;0;;
2026-09-04 18:06:36+00:00;148994;;Боталка(Студенты) — Поступашки;1866807276;;1841974524;моп;;0;;12027;https://t.me/botalkaaa;0;0;;
2026-09-04 18:05:36+00:00;148993;;Боталка(Студенты) — Поступашки;1866807276;;1841974524;А зачем тебе кто-то кроме яндекса?;;0;;12027;https://t.me/botalkaaa;0;0;;
2026-09-04 17:39:33+00:00;148992;;Боталка(Студенты) — Поступашки;1866807276;;7661431606;кто может кинуть рефку на ml стажера куда-нибудь? рефка в яндекс есть;;0;;12027;https://t.me/botalkaaa;0;0;;
2026-09-04 17:18:21+00:00;148991;148990;Боталка(Студенты) — Поступашки;1866807276;;666977779;да, пришло;;;;12027;https://t.me/botalkaaa;0;0;;
2026-09-04 17:15:28+00:00;148990;;Боталка(Студенты) — Поступашки;1866807276;;449324117;Резы по авито начали приходить на почту;;1;;12027;https://t.me/botalkaaa;0;0;;
2026-09-04 17:15:23+00:00;148989;;Боталка(Студенты) — Поступашки;1866807276;;841508649;Чего ждать на видеоинтервью в авито? Там только по мотивации/опыту вопросы или технические тоже?;;0;;12027;https://t.me/botalkaaa;0;0;;
2026-09-04 15:09:46+00:00;148981;148980;Боталка(Студенты) — Поступашки;1866807276;;1622992942;а ну да. там прост волнами, мне с собесом вчера писали;;;;12027;https://t.me/botalkaaa;0;0;;
2026-09-04 15:08:32+00:00;148980;148979;Боталка(Студенты) — Поступашки;1866807276;;998215438;Там вроде тестовое?;;;;12027;https://t.me/botalkaaa;0;0;;
2026-09-04 15:08:06+00:00;148979;148978;Боталка(Студенты) — Поступашки;1866807276;;1622992942;собес?;;;;12027;https://t.me/botalkaaa;0;0;;
2026-09-04 14:58:36+00:00;148978;;Боталка(Студенты) — Поступашки;1866807276;;998215438;Кому то пришел следующий этап на авито?;;3;;12027;https://t.me/botalkaaa;0;0;;
2026-09-04 14:38:37+00:00;148977;;Боталка(Студенты) — Поступашки;1866807276;;8968108779;Мужики кто со сбера, можно ли оставаясь внутри команды перевестись с Вавилова в сбер Сити?;;0;;12027;https://t.me/botalkaaa;0;0;;
2026-09-04 13:55:52+00:00;148976;148975;Боталка(Студенты) — Поступашки;1866807276;;8629553944;Ну если так то еще ладно, иначе странно на такое идти;;;;12027;https://t.me/botalkaaa;0;0;;
2026-09-04 13:55:13+00:00;148975;148973;Боталка(Студенты) — Поступашки;1866807276;;693368214;фасттрекают как мне кажется;;;;12027;https://t.me/botalkaaa;0;0;;
2026-09-04 13:54:41+00:00;148974;148973;Боталка(Студенты) — Поступашки;1866807276;;619229681;Именно;;;;12027;https://t.me/botalkaaa;0;0;;
2026-09-04 13:50:38+00:00;148973;148930;Боталка(Студенты) — Поступашки;1866807276;;8629553944;А в чем смысл курсов? Они тебя учат проходить к ним собес / зовут сразу на стажку? Иначе имхо не вижу смысла;;;;12027;https://t.me/botalkaaa;0;0;;
2026-09-04 13:35:48+00:00;148971;148954;Боталка(Студенты) — Поступашки;1866807276;;5775360356;Домен сравни просто, плюс если тебе предлагали сразу в тг перейти для обсуждения аренды, то это 90 проц, что наеб;;;;12027;https://t.me/botalkaaa;0;0;;
2026-09-04 12:37:44+00:00;148962;;Боталка(Студенты) — Поступашки;1866807276;;619229681;**Ищем алгоритмистов!**  Товарищи, Поступашкам нужны контент мейкеры в [основной канал](http://t.me/postypashki_old) по алгоритмам. Если вы творческая личность, интересующейся алгоритмами (или другим), вам нравится писать посты/ придумывать идеи для контента, то обязательно пишите @vice22821. Оплата сдельная, ориентировочно за один пост от 2 тыс до 15 тыс рублей.  Обязательно делитесь с ребятами, которым это может быть интересно.;;0;;12027;https://t.me/botalkaaa;0;0;;
2026-09-04 09:18:02+00:00;148955;148954;Боталка(Студенты) — Поступашки;1866807276;;1622992942;чат гпт;;;;12027;https://t.me/botalkaaa;0;0;;
2026-09-04 09:12:38+00:00;148954;;Боталка(Студенты) — Поступашки;1866807276;;1676815170;Может ли кто-нибудь помочь определить ссылка от Яндекс аренды фишинговая или нет?;;2;;12027;https://t.me/botalkaaa;0;0;;
2026-09-04 08:06:50+00:00;148952;148951;Боталка(Студенты) — Поступашки;1866807276;;288103794;анкета важно, но и от hr который ведет тебя зависит у него может не быть времени и напишет позже, мне написали через 2 дня после того как сдал контест;;;;12027;https://t.me/botalkaaa;0;0;;
2026-09-04 08:04:33+00:00;148951;;Боталка(Студенты) — Поступашки;1866807276;;333244487;Через сколько Яндекс пишет после контеста обычно? Вроде хорошо написала (4/5) в прошлую пятницу, но пока ничего;;2;;12027;https://t.me/botalkaaa;0;0;;
2026-09-03 22:36:15+00:00;148939;148938;Боталка(Студенты) — Поступашки;1866807276;;1731478556;Да знаний достаточно, в основном на финальных собесах валился. Вот только возможность более легкого прохода на стажу заманивает;;;;12027;https://t.me/botalkaaa;0;0;;
2026-09-03 22:35:16+00:00;148938;148937;Боталка(Студенты) — Поступашки;1866807276;;74216408;Давай так: если прям вообще 0, то будет полезло и местами тяжеловато   Если что-то знаешь: то может показаться местами скучно   Но рекомендую траить в любом случае. Вдруг, позовут на стажку или поможет при устройстве и тд;;;;12027;https://t.me/botalkaaa;0;0;;
2026-09-03 22:33:44+00:00;148937;148936;Боталка(Студенты) — Поступашки;1866807276;;1731478556;Благодарю, и как тебе курсы их? Что то интересного есть?;;;;12027;https://t.me/botalkaaa;0;0;;
2026-09-03 22:22:14+00:00;148936;148935;Боталка(Студенты) — Поступашки;1866807276;;74216408;Слушай, тк это курсы то там как правило теорию просят и всё  Я просто год назад подавался на проджекта и разраба питон вроде. Решал все через дипсик и гпт, дабы сравнить;;;;12027;https://t.me/botalkaaa;0;0;;
2026-09-03 22:20:56+00:00;148935;148931;Боталка(Студенты) — Поступашки;1866807276;;1731478556;андроид, надеюсь что про более легкий проход на стажу это так и есть;;;;12027;https://t.me/botalkaaa;0;0;;
2026-09-03 21:56:08+00:00;148934;148924;Боталка(Студенты) — Поступашки;1866807276;;6478257531;Я помню тебя ещё из чата мифи вроде, я твой ник навсегда запомнил;;;;12027;https://t.me/botalkaaa;0;0;;
2026-09-03 21:55:06+00:00;148933;148924;Боталка(Студенты) — Поступашки;1866807276;;6478257531;БРО ПРИВЕТТТ;;;;12027;https://t.me/botalkaaa;0;0;;
2026-09-03 21:22:49+00:00;148931;148930;Боталка(Студенты) — Поступашки;1866807276;;74216408;Куда подаешь?;;;;12027;https://t.me/botalkaaa;0;0;;
2026-09-03 21:10:16+00:00;148930;;Боталка(Студенты) — Поступашки;1866807276;;1731478556;Всем доброй ночи, можете подсказать что за отборное тестирование на курсы от VK education? Что там будет, алгосы?;;10;;12027;https://t.me/botalkaaa;0;0;;
2026-09-03 21:03:38+00:00;148929;148927;Боталка(Студенты) — Поступашки;1866807276;;74216408;Мама чата;;;;12027;https://t.me/botalkaaa;0;0;;
2026-09-03 20:41:59+00:00;148927;148926;Боталка(Студенты) — Поступашки;1866807276;;-1;она тут главная?;;;;12027;https://t.me/botalkaaa;0;0;;
2026-09-03 20:36:44+00:00;148926;148925;Боталка(Студенты) — Поступашки;1866807276;;1119732245;Пообщаться насчет чата;;;;12027;https://t.me/botalkaaa;0;0;;
2026-09-03 20:36:02+00:00;148925;148924;Боталка(Студенты) — Поступашки;1866807276;;7250258476;зачем?;;;;12027;https://t.me/botalkaaa;0;0;;
2026-09-03 20:34:04+00:00;148924;148923;Боталка(Студенты) — Поступашки;1866807276;;1119732245;Напиши в лс;;;;12027;https://t.me/botalkaaa;0;0;;
2026-09-03 20:32:48+00:00;148923;148912;Боталка(Студенты) — Поступашки;1866807276;;7250258476;high iq message;;;;12027;https://t.me/botalkaaa;0;0;;
2026-09-03 20:24:41+00:00;148922;148912;Боталка(Студенты) — Поступашки;1866807276;;862612764;Ура, здравые мысли;;;;12027;https://t.me/botalkaaa;0;0;;
2026-09-03 19:52:27+00:00;148921;;Боталка(Студенты) — Поступашки;1866807276;;8763894822;Привет! Кто нибудь уже решал обновленный ML контест в яндекс или кто бы хотел вместе решить?;;0;;12027;https://t.me/botalkaaa;0;0;;
2026-09-03 18:35:18+00:00;148915;;Боталка(Студенты) — Поступашки;1866807276;;1450891648;друзья, кто-то может кинуть рефку куда-нибудь на дистант DevOps/DevSecOps/Sys. Admin?;;0;;12027;https://t.me/botalkaaa;0;0;;
2026-09-03 18:35:18+00:00;148914;148913;Боталка(Студенты) — Поступашки;1866807276;;6070773557;В целом, что происходит это неблагодарное дело, за которое вы ничего не получаете, но убиваете кого-то. Да не понравилось вам что-то, кто-то в чем-то неправ, но выходить за рамки диалога (унижать и рыться в чем-то шкафу, ища чего-то противоречивого) это уже через чур. Задумайте об этом, пожалуйста;;;;12027;https://t.me/botalkaaa;0;0;;
2026-09-03 18:27:59+00:00;148913;148912;Боталка(Студенты) — Поступашки;1866807276;;6577913679;про внешность согласен;;;;12027;https://t.me/botalkaaa;0;0;;
2026-09-03 18:27:40+00:00;148912;;Боталка(Студенты) — Поступашки;1866807276;;6070773557;Парни, а зачем вообще это все продолжается. Вы добились каких-то своих целей, зачем-то перешли на личности, на внешность. Вот вам 18+ лет какой кайф вам вообще в жизни это сейчас приносит? Если кто-то в чем-то не прав или не сходится с вами, тл это же абсолютно же мерзко даже перед самим собой высмеивать чью то внешность и проблемы   Давайте дальше жить и получать удовольствие, а не убивать кого-то. Всем добра;;11;;12027;https://t.me/botalkaaa;0;0;;
2026-09-03 18:26:07+00:00;148911;148905;Боталка(Студенты) — Поступашки;1866807276;;7250258476;за его курсы будет досудебка;;;;12027;https://t.me/botalkaaa;0;0;;
2026-09-03 18:25:44+00:00;148910;;Боталка(Студенты) — Поступашки;1866807276;;-1;никто из этого чата без статьи не выйдет;;0;;12027;https://t.me/botalkaaa;0;0;;
2026-09-03 18:24:40+00:00;148908;;Боталка(Студенты) — Поступашки;1866807276;;-1;ладно ребят шутки коничились вас всех посадят;;0;;12027;https://t.me/botalkaaa;0;0;;
2026-09-03 18:24:00+00:00;148907;148901;Боталка(Студенты) — Поступашки;1866807276;;1095609304;та самая ситуация как раз;;;;12027;https://t.me/botalkaaa;0;0;;
2026-09-03 18:23:54+00:00;148906;148905;Боталка(Студенты) — Поступашки;1866807276;;666977779;да ты угаадл;;;;12027;https://t.me/botalkaaa;0;0;;
2026-09-03 18:23:44+00:00;148905;148898;Боталка(Студенты) — Поступашки;1866807276;;6577913679;а нахер она все это Владиславу то пишет? или ему тоже досудебка прилетит;;;;12027;https://t.me/botalkaaa;0;0;;
2026-09-03 18:23:39+00:00;148904;148903;Боталка(Студенты) — Поступашки;1866807276;;1221977918;досудебка первее прилетит😘;;;;12027;https://t.me/botalkaaa;0;0;;
2026-09-03 18:22:51+00:00;148903;148901;Боталка(Студенты) — Поступашки;1866807276;;8030387398;жалобу на нее накатаем чтобы сбер нафиг уволил ее;;;;12027;https://t.me/botalkaaa;0;0;;
2026-09-03 18:22:51+00:00;148902;148901;Боталка(Студенты) — Поступашки;1866807276;;666977779;да не, как будто ниче такого;;;;12027;https://t.me/botalkaaa;0;0;;
2026-09-03 18:22:24+00:00;148901;;Боталка(Студенты) — Поступашки;1866807276;;2064803574;А это кстати разве не ситуация, порочащая лицо компании? Или сберу на такое похуй?;;4;;12027;https://t.me/botalkaaa;0;0;;
2026-09-03 18:21:01+00:00;148900;;Боталка(Студенты) — Поступашки;1866807276;;1221977918;просто блеск;;0;;12027;https://t.me/botalkaaa;0;0;;
2026-09-03 18:20:41+00:00;148899;148897;Боталка(Студенты) — Поступашки;1866807276;;791449795;Дай мне тоже плиз;;;;12027;https://t.me/botalkaaa;0;0;;
2026-09-03 18:20:27+00:00;148898;;Боталка(Студенты) — Поступашки;1866807276;;-1;MediaMessage;;3;;12027;https://t.me/botalkaaa;0;0;;
2026-09-03 18:19:58+00:00;148897;;Боталка(Студенты) — Поступашки;1866807276;;666977779;всем кто просил ссылку скинул);;1;;12027;https://t.me/botalkaaa;0;0;;
2026-09-03 18:19:19+00:00;148896;;Боталка(Студенты) — Поступашки;1866807276;;-1;MediaMessage;;0;;12027;https://t.me/botalkaaa;0;0;;
2026-09-03 18:19:15+00:00;148895;148892;Боталка(Студенты) — Поступашки;1866807276;;797692063;сюда блин его;;;;12027;https://t.me/botalkaaa;0;0;;
2026-09-03 18:19:14+00:00;148894;148892;Боталка(Студенты) — Поступашки;1866807276;;6577913679;дай акк;;;;12027;https://t.me/botalkaaa;0;0;;
2026-09-03 18:19:10+00:00;148893;148892;Боталка(Студенты) — Поступашки;1866807276;;1204795383;Можно линк?;;;;12027;https://t.me/botalkaaa;0;0;;
2026-09-03 18:18:43+00:00;148891;148890;Боталка(Студенты) — Поступашки;1866807276;;7629930608;в чатике ее 👉👈;;;;12027;https://t.me/botalkaaa;0;0;;
2026-09-03 18:18:29+00:00;148890;148871;Боталка(Студенты) — Поступашки;1866807276;;1221977918;как ты получил ее скрины вообще...;;;;12027;https://t.me/botalkaaa;0;0;;
2026-09-03 18:17:00+00:00;148889;;Боталка(Студенты) — Поступашки;1866807276;;1204795383;Наши слоняры на админах;;0;;12027;https://t.me/botalkaaa;0;0;;
2026-09-03 18:16:02+00:00;148888;148886;Боталка(Студенты) — Поступашки;1866807276;;666977779;там был можешь выше посмотреть;;;;12027;https://t.me/botalkaaa;0;0;;
2026-09-03 18:15:18+00:00;148887;148879;Боталка(Студенты) — Поступашки;1866807276;;835783391;привет;;;;12027;https://t.me/botalkaaa;0;0;;
2026-09-03 18:15:03+00:00;148886;148794;Боталка(Студенты) — Поступашки;1866807276;;7250258476;согл;;;;12027;https://t.me/botalkaaa;0;0;;
2026-09-03 18:14:11+00:00;148884;;Боталка(Студенты) — Поступашки;1866807276;;6256439531;"пользуясь случаем, хочу сказать, что ищу миддла, который пройдет в 😎 авито по моей рефке еще есть вака на 1с стажера и ""Семинарист и ревьюер заданий по курсу ""AI для разработки""""";;0;;12027;https://t.me/botalkaaa;0;0;;
2026-09-03 18:14:00+00:00;148883;148876;Боталка(Студенты) — Поступашки;1866807276;;797692063;ахахаха, той трекают там(( Еще не советую к команду Spirit, где тимлид денис (забыл фамилию). Это пиздец, такой абьюзера поискать надо, я оттуда максимально быстро уходил;;;;12027;https://t.me/botalkaaa;0;0;;
2026-09-03 18:13:38+00:00;148882;148880;Боталка(Студенты) — Поступашки;1866807276;;208748561;Бараша;;;;12027;https://t.me/botalkaaa;0;0;;
2026-09-03 18:13:27+00:00;148881;148879;Боталка(Студенты) — Поступашки;1866807276;;654225291;а че его и тут забанили;;;;12027;https://t.me/botalkaaa;0;0;;
2026-09-03 18:13:15+00:00;148880;148879;Боталка(Студенты) — Поступашки;1866807276;;8030387398;Башара?;;;;12027;https://t.me/botalkaaa;0;0;;
2026-09-03 18:12:54+00:00;148879;;Боталка(Студенты) — Поступашки;1866807276;;-1;марата.... или машара хуй пойми короче как его там;;4;;12027;https://t.me/botalkaaa;0;0;;
2026-09-03 18:12:46+00:00;148878;148876;Боталка(Студенты) — Поступашки;1866807276;;1978219863;Пхаххахах;;;;12027;https://t.me/botalkaaa;0;0;;
2026-09-03 18:12:35+00:00;148877;148871;Боталка(Студенты) — Поступашки;1866807276;;6577913679;а кого то блокнулии тут, кроме нее?;;;;12027;https://t.me/botalkaaa;0;0;;
2026-09-03 18:12:27+00:00;148876;;Боталка(Студенты) — Поступашки;1866807276;;2064803574;Поэтому лучше идти в тбанк, там софтскиллы чекают перед наймом;;2;;12027;https://t.me/botalkaaa;0;0;;
2026-09-03 18:12:15+00:00;148875;148871;Боталка(Студенты) — Поступашки;1866807276;;8030387398;🤣🤣🤣🤣;;;;12027;https://t.me/botalkaaa;0;0;;
2026-09-03 18:12:04+00:00;148874;;Боталка(Студенты) — Поступашки;1866807276;;1204795383;Gatekeeper;;0;;12027;https://t.me/botalkaaa;0;0;;
2026-09-03 18:11:41+00:00;148873;148871;Боталка(Студенты) — Поступашки;1866807276;;1095609304;я всех пущу, кому надо 😁;;;;12027;https://t.me/botalkaaa;0;0;;
2026-09-03 18:11:19+00:00;148872;148871;Боталка(Студенты) — Поступашки;1866807276;;6577913679;аххахахахахахах;;;;12027;https://t.me/botalkaaa;0;0;;
2026-09-03 18:10:43+00:00;148871;;Боталка(Студенты) — Поступашки;1866807276;;-1;мы победили ребят;;6;;12027;https://t.me/botalkaaa;0;0;;
2026-09-03 18:09:37+00:00;148870;148865;Боталка(Студенты) — Поступашки;1866807276;;1204795383;Глобалисты добрались и сюда…;;;;12027;https://t.me/botalkaaa;0;0;;
2026-09-03 18:06:27+00:00;148869;;Боталка(Студенты) — Поступашки;1866807276;;8181234430;пацы девчата есть тут те кто работает на должности аналитика в бигтехе каком-нибудь?;;0;;12027;https://t.me/botalkaaa;0;0;;
2026-09-03 18:05:34+00:00;148866;148859;Боталка(Студенты) — Поступашки;1866807276;;1095609304;поэтому если нужно, могу сам вам дать рефералку в сбер, если необходимо :)   и без оскорблений «мужлан и нет прав»;;;;12027;https://t.me/botalkaaa;0;0;;
2026-09-03 18:05:20+00:00;148865;148862;Боталка(Студенты) — Поступашки;1866807276;;6337016151;А к мужскому можно по-хамски?;;;;12027;https://t.me/botalkaaa;0;0;;
2026-09-03 18:05:03+00:00;148863;148856;Боталка(Студенты) — Поступашки;1866807276;;-1;Стоит вспомнить посты Поступашек-гигачад.....;;;;12027;https://t.me/botalkaaa;0;0;;
2026-09-03 18:04:11+00:00;148860;148856;Боталка(Студенты) — Поступашки;1866807276;;8030387398;оке;;;;12027;https://t.me/botalkaaa;0;0;;
2026-09-03 18:03:36+00:00;148859;148833;Боталка(Студенты) — Поступашки;1866807276;;1095609304;одна девушка предложила в чате дать реферал в сбер   после ей написали ребята по этой просьбе  она начала разводить и в своем тгк и здесь, что ей слишком много пишут, вот мы все мужланы и начала дальше агрессировать и идти на конфликт   конец;;;;12027;https://t.me/botalkaaa;0;0;;
2026-09-03 18:03:29+00:00;148857;;Боталка(Студенты) — Поступашки;1866807276;;619229681;А то всех забаним всех забаним;;0;;12027;https://t.me/botalkaaa;0;0;;
2026-09-03 18:03:21+00:00;148856;;Боталка(Студенты) — Поступашки;1866807276;;619229681;Так удаляем весь свой спамик и неуважение к женщинам;;2;;12027;https://t.me/botalkaaa;0;0;;
2026-09-03 18:00:29+00:00;148847;;Боталка(Студенты) — Поступашки;1866807276;;2011948594;ребят вы в зоопарке были? так ее даже из всех особей для экспаната не выбрали;;0;;12027;https://t.me/botalkaaa;0;0;;
2026-09-03 18:00:22+00:00;148845;148843;Боталка(Студенты) — Поступашки;1866807276;;666977779;Там чел другой предлагал рефнуть в сбер;;;;12027;https://t.me/botalkaaa;0;0;;
2026-09-03 18:00:14+00:00;148844;148786;Боталка(Студенты) — Поступашки;1866807276;;1095609304;не совсем. ты начало переписки почитай и обрати внимание, кто изначально начал :);;;;12027;https://t.me/botalkaaa;0;0;;
2026-09-03 17:58:34+00:00;148838;148832;Боталка(Студенты) — Поступашки;1866807276;;2011948594;левая дальняя часть нормального распределения;;;;12027;https://t.me/botalkaaa;0;0;;
2026-09-03 17:58:31+00:00;148837;148833;Боталка(Студенты) — Поступашки;1866807276;;666977779;Да тут рофл, часик подожди;;;;12027;https://t.me/botalkaaa;0;0;;
2026-09-03 17:58:20+00:00;148835;148832;Боталка(Студенты) — Поступашки;1866807276;;7629930608;2;;;;12027;https://t.me/botalkaaa;0;0;;
2026-09-03 17:58:11+00:00;148833;;Боталка(Студенты) — Поступашки;1866807276;;654225291;чето странное у вас тут происходит потом лучше зайти видимо;;3;;12027;https://t.me/botalkaaa;0;0;;
2026-09-03 17:57:21+00:00;148831;148824;Боталка(Студенты) — Поступашки;1866807276;;1978219863;🥺;;;;12027;https://t.me/botalkaaa;0;0;;
2026-09-03 17:57:14+00:00;148830;148827;Боталка(Студенты) — Поступашки;1866807276;;2011948594;просто хуй в башке  мешает думать;;;;12027;https://t.me/botalkaaa;0;0;;
2026-09-03 17:56:51+00:00;148827;148824;Боталка(Студенты) — Поступашки;1866807276;;6577913679;так она мужененавистница, ей блять 21, а в башке хуй пойми что;;;;12027;https://t.me/botalkaaa;0;0;;
2026-09-03 17:56:35+00:00;148826;;Боталка(Студенты) — Поступашки;1866807276;;1204795383;Опа пошло оправдалово;;0;;12027;https://t.me/botalkaaa;0;0;;
2026-09-03 17:55:59+00:00;148822;148814;Боталка(Студенты) — Поступашки;1866807276;;-1;ну вот и хотел узнать((;;;;12027;https://t.me/botalkaaa;0;0;;
2026-09-03 17:55:58+00:00;148821;148819;Боталка(Студенты) — Поступашки;1866807276;;1978219863;😂😂;;;;12027;https://t.me/botalkaaa;0;0;;
2026-09-03 17:55:30+00:00;148819;;Боталка(Студенты) — Поступашки;1866807276;;-1;вот держите анекдоты  чтобы знали с кем диалог ведете то, там в башке ваще каша видимо;;1;;12027;https://t.me/botalkaaa;0;0;;
2026-09-03 17:54:34+00:00;148815;148800;Боталка(Студенты) — Поступашки;1866807276;;2011948594;и меня тоже, хотя я факты написал видимо ее в ds учили опираться не на факты а на инстинкты женщин;;;;12027;https://t.me/botalkaaa;0;0;;
2026-09-03 17:54:26+00:00;148814;148810;Боталка(Студенты) — Поступашки;1866807276;;654225291;так это же от ставки того ко рефаешь зависит вроде как;;;;12027;https://t.me/botalkaaa;0;0;;
2026-09-03 17:53:05+00:00;148810;148802;Боталка(Студенты) — Поступашки;1866807276;;-1;кринж, жиза, меня тоже, хотя просто спросил скок платит сбер за нее;;;;12027;https://t.me/botalkaaa;0;0;;
2026-09-03 17:52:46+00:00;148808;148806;Боталка(Студенты) — Поступашки;1866807276;;-1;ХЫХВАХЫАХЫВФХАХЫФВХАЫВФ;;;;12027;https://t.me/botalkaaa;0;0;;
2026-09-03 17:52:33+00:00;148807;148786;Боталка(Студенты) — Поступашки;1866807276;;2011948594;ты...;;;;12027;https://t.me/botalkaaa;0;0;;
2026-09-03 17:51:55+00:00;148805;148800;Боталка(Студенты) — Поступашки;1866807276;;6337016151;Это первая ошибка;;;;12027;https://t.me/botalkaaa;0;0;;
2026-09-03 17:51:42+00:00;148802;148798;Боталка(Студенты) — Поступашки;1866807276;;654225291;норм меня бот осудил за вопрос про рефку грустно;;;;12027;https://t.me/botalkaaa;0;0;;
2026-09-03 17:51:42+00:00;148801;148800;Боталка(Студенты) — Поступашки;1866807276;;-1;авыъахывхахвыхвыа подсоса наебали пвахпхвахп;;;;12027;https://t.me/botalkaaa;0;0;;
2026-09-03 17:50:51+00:00;148798;148796;Боталка(Студенты) — Поступашки;1866807276;;-1;привет, как дела?;;;;12027;https://t.me/botalkaaa;0;0;;
2026-09-03 17:50:25+00:00;148796;;Боталка(Студенты) — Поступашки;1866807276;;654225291;здравствуйте;;5;;12027;https://t.me/botalkaaa;0;0;;
2026-09-03 17:49:39+00:00;148794;;Боталка(Студенты) — Поступашки;1866807276;;5595789981;можно суммарайз чата кто-нибудь пж интересно стало;;2;;12027;https://t.me/botalkaaa;0;0;;
2026-09-03 17:49:16+00:00;148791;;Боталка(Студенты) — Поступашки;1866807276;;1023519963;ахахха ты смешной ещё и аккаунт анон;;0;;12027;https://t.me/botalkaaa;0;0;;
2026-09-03 17:48:08+00:00;148786;;Боталка(Студенты) — Поступашки;1866807276;;1023519963;челы вы рил границ же не видите, вы с рандомнм человеком общаетесь из интернета а не с кентами кто понимает вашу границу юмора. вы сейчас оскорбляете девушку за то что она предложила помощь с киданием рефки.... поведение не понятно совсем;;6;;12027;https://t.me/botalkaaa;0;0;;
2026-09-03 17:47:41+00:00;148785;148784;Боталка(Студенты) — Поступашки;1866807276;;7629930608;В обе);;;;12027;https://t.me/botalkaaa;0;0;;
2026-09-03 17:42:05+00:00;148775;;Боталка(Студенты) — Поступашки;1866807276;;1023519963;это вообще не человеческий поступок;;0;;12027;https://t.me/botalkaaa;0;0;;
2026-09-03 17:39:08+00:00;148766;148761;Боталка(Студенты) — Поступашки;1866807276;;2011948594;ну это ты слишком правдиво;;;;12027;https://t.me/botalkaaa;0;0;;
2026-09-03 17:38:52+00:00;148765;;Боталка(Студенты) — Поступашки;1866807276;;1023519963;бляяя ребята ну булинг происходит;;0;;12027;https://t.me/botalkaaa;0;0;;
2026-09-03 17:38:49+00:00;148764;148753;Боталка(Студенты) — Поступашки;1866807276;;2064803574;Так и есть;;;;12027;https://t.me/botalkaaa;0;0;;
2026-09-03 17:38:18+00:00;148760;;Боталка(Студенты) — Поступашки;1866807276;;8030387398;че за дела ребят, откуда столько агрессии;;0;;12027;https://t.me/botalkaaa;0;0;;
2026-09-03 17:36:40+00:00;148755;;Боталка(Студенты) — Поступашки;1866807276;;1023519963;друзья что за агр беседа.... тут ребята помогают друг другу че начали то;;0;;12027;https://t.me/botalkaaa;0;0;;
2026-09-03 17:36:30+00:00;148753;;Боталка(Студенты) — Поступашки;1866807276;;6337016151;Вот поэтому СНГ страны чисто для отмыва денег существуют видимо;;1;;12027;https://t.me/botalkaaa;0;0;;
2026-09-03 17:35:31+00:00;148751;148749;Боталка(Студенты) — Поступашки;1866807276;;2011948594;я тоже ниче не понял, но агрилась только она с нихуя;;;;12027;https://t.me/botalkaaa;0;0;;
2026-09-03 17:34:53+00:00;148749;148747;Боталка(Студенты) — Поступашки;1866807276;;-1;сбер премии лишил, а все камни полетели в меня(;;;;12027;https://t.me/botalkaaa;0;0;;
2026-09-03 17:34:50+00:00;148748;148745;Боталка(Студенты) — Поступашки;1866807276;;1221977918;привет, как тесен мир);;;;12027;https://t.me/botalkaaa;0;0;;
2026-09-03 17:34:23+00:00;148747;;Боталка(Студенты) — Поступашки;1866807276;;7629930608;бригаду, что случилось 😁;;3;;12027;https://t.me/botalkaaa;0;0;;
2026-09-03 17:33:47+00:00;148745;;Боталка(Студенты) — Поступашки;1866807276;;1023519963;Ребята зач накинулись на человека. беседа нужна чтобы находить выходы к работе. человек решил помочь ситуация для всех благоприяная. За что зацепились непонятно совсем;;1;;12027;https://t.me/botalkaaa;0;0;;
2026-09-03 17:31:48+00:00;148742;148740;Боталка(Студенты) — Поступашки;1866807276;;-1;признать проблему - почти решить ее!;;;;12027;https://t.me/botalkaaa;0;0;;
2026-09-03 17:28:56+00:00;148739;148738;Боталка(Студенты) — Поступашки;1866807276;;-1;сам хз, девочка какая-то обиженная попалась, явно сбер недоплачивает;;;;12027;https://t.me/botalkaaa;0;0;;
2026-09-03 17:28:32+00:00;148738;;Боталка(Студенты) — Поступашки;1866807276;;1622992942;сидел читал и даже не заметил в какой момент началась заруба;;1;;12027;https://t.me/botalkaaa;0;0;;
2026-09-03 17:27:52+00:00;148736;148731;Боталка(Студенты) — Поступашки;1866807276;;-1;Марии позвонить можно щас прям она даст;;;;12027;https://t.me/botalkaaa;0;0;;
2026-09-03 17:27:41+00:00;148735;148733;Боталка(Студенты) — Поступашки;1866807276;;-1;в жизни? За чтооооо;;;;12027;https://t.me/botalkaaa;0;0;;
2026-09-03 17:27:28+00:00;148734;148704;Боталка(Студенты) — Поступашки;1866807276;;2011948594;че пакет снимешь с головы?;;;;12027;https://t.me/botalkaaa;0;0;;
2026-09-03 17:26:47+00:00;148732;148731;Боталка(Студенты) — Поступашки;1866807276;;5994895163;Напиши Марии;;;;12027;https://t.me/botalkaaa;0;0;;
2026-09-03 17:26:22+00:00;148731;;Боталка(Студенты) — Поступашки;1866807276;;2046329890;Есть рефки на стажку бэк? Прям ппц нужна работа;;2;;12027;https://t.me/botalkaaa;0;0;;
2026-09-03 17:24:59+00:00;148730;148729;Боталка(Студенты) — Поступашки;1866807276;;-1;неужели любитель движух?🤯;;;;12027;https://t.me/botalkaaa;0;0;;
2026-09-03 17:23:40+00:00;148728;148727;Боталка(Студенты) — Поступашки;1866807276;;-1;ну я жду звонка от грефа или как;;;;12027;https://t.me/botalkaaa;0;0;;
2026-09-03 17:20:59+00:00;148726;148724;Боталка(Студенты) — Поступашки;1866807276;;-1;Так я звонка жду, пока тихо. Хочу увидеть и прочувствовать угроза или ты на меня модель построишь и будешь прогонять?📝;;;;12027;https://t.me/botalkaaa;0;0;;
2026-09-03 17:20:41+00:00;148725;;Боталка(Студенты) — Поступашки;1866807276;;6256439531;маша троллит по моему;;0;;12027;https://t.me/botalkaaa;0;0;;
2026-09-03 17:18:24+00:00;148722;148720;Боталка(Студенты) — Поступашки;1866807276;;-1;давай, готов получать, выписку скинешь? Или еще раз между банками покидаешь🤯. Забавно, а ты точно шаришь в матане, раз оборотом хвастаешься… Теперь понятно, почему над сбером угарают…;;;;12027;https://t.me/botalkaaa;0;0;;
2026-09-03 17:16:44+00:00;148718;148717;Боталка(Студенты) — Поступашки;1866807276;;-1;ахахах, оборот = заработок, пон, дс‘ры в те еще шутники;;;;12027;https://t.me/botalkaaa;0;0;;
2026-09-03 17:15:06+00:00;148716;148714;Боталка(Студенты) — Поступашки;1866807276;;-1;а что за успех? сидеть и реферить, потому что мало платят?(;;;;12027;https://t.me/botalkaaa;0;0;;
2026-09-03 17:14:55+00:00;148715;148713;Боталка(Студенты) — Поступашки;1866807276;;74216408;Ты еще ладно, а вот гошник этот=);;;;12027;https://t.me/botalkaaa;0;0;;
2026-09-03 17:12:33+00:00;148711;148704;Боталка(Студенты) — Поступашки;1866807276;;-1;схахахахах, неужели не зареферишь в сбер?(((;;;;12027;https://t.me/botalkaaa;0;0;;
2026-09-03 17:12:33+00:00;148710;148705;Боталка(Студенты) — Поступашки;1866807276;;74216408;Неа, просто хуйню пишите. Вот и подгорает уже;;;;12027;https://t.me/botalkaaa;0;0;;
2026-09-03 17:12:01+00:00;148708;;Боталка(Студенты) — Поступашки;1866807276;;787209390;Ребят, вот вы смеетесь, а она hr) опасное дело));;0;;12027;https://t.me/botalkaaa;0;0;;
2026-09-03 17:11:33+00:00;148706;148704;Боталка(Студенты) — Поступашки;1866807276;;1134547768;ХАХАХАХАХАХХАХАХАХ;;;;12027;https://t.me/botalkaaa;0;0;;
2026-09-03 17:11:32+00:00;148705;148703;Боталка(Студенты) — Поступашки;1866807276;;-1;ух, как много агрессии. Премия ежегодная оказалось меньше 100к?  Выбирайте озон или авито гайс, чтобы потом не быть такой же злой((;;;;12027;https://t.me/botalkaaa;0;0;;
2026-09-03 17:09:12+00:00;148701;148699;Боталка(Студенты) — Поступашки;1866807276;;-1;ага, как и строчка в резюме с надписью «сбербанк», такие агрессивные пипяуч;;;;12027;https://t.me/botalkaaa;0;0;;
2026-09-03 17:08:29+00:00;148699;148698;Боталка(Студенты) — Поступашки;1866807276;;74216408;Какой-то крайне хуевый троллинг;;;;12027;https://t.me/botalkaaa;0;0;;
2026-09-03 17:08:12+00:00;148698;148697;Боталка(Студенты) — Поступашки;1866807276;;-1;сбер так мало платит, что даже на него не хватает? 🥺;;;;12027;https://t.me/botalkaaa;0;0;;
2026-09-03 17:07:02+00:00;148696;148695;Боталка(Студенты) — Поступашки;1866807276;;-1;зачем сбер, если можно сразу узнать;;;;12027;https://t.me/botalkaaa;0;0;;
2026-09-03 17:06:41+00:00;148695;148689;Боталка(Студенты) — Поступашки;1866807276;;74216408;Интернет в помощь;;;;12027;https://t.me/botalkaaa;0;0;;
2026-09-03 17:06:39+00:00;148694;148692;Боталка(Студенты) — Поступашки;1866807276;;1171499139;Прочти статус Маши;;;;12027;https://t.me/botalkaaa;0;0;;
2026-09-03 17:06:16+00:00;148693;148691;Боталка(Студенты) — Поступашки;1866807276;;1622992942;если реферал в штат выходит;;;;12027;https://t.me/botalkaaa;0;0;;
2026-09-03 17:05:55+00:00;148692;148691;Боталка(Студенты) — Поступашки;1866807276;;-1;платят платят за рефки;;;;12027;https://t.me/botalkaaa;0;0;;
2026-09-03 17:05:39+00:00;148691;148689;Боталка(Студенты) — Поступашки;1866807276;;1171499139;А кому-то вообще могут за это платить?));;;;12027;https://t.me/botalkaaa;0;0;;
2026-09-03 17:04:09+00:00;148689;148667;Боталка(Студенты) — Поступашки;1866807276;;-1;скок сбер нынче платит за рефки?;;;;12027;https://t.me/botalkaaa;0;0;;
2026-09-03 16:55:00+00:00;148687;148685;Боталка(Студенты) — Поступашки;1866807276;;1119732245;Респект;;;;12027;https://t.me/botalkaaa;0;0;;
2026-09-03 16:53:38+00:00;148686;148685;Боталка(Студенты) — Поступашки;1866807276;;791449795;Какой факультет?;;;;12027;https://t.me/botalkaaa;0;0;;
2026-09-03 16:50:45+00:00;148684;148681;Боталка(Студенты) — Поступашки;1866807276;;5775360356;Платформа с ваками от сбера;;;;12027;https://t.me/botalkaaa;0;0;;
2026-09-03 16:46:56+00:00;148683;148680;Боталка(Студенты) — Поступашки;1866807276;;1250381309;В СПбГУ училась?;;;;12027;https://t.me/botalkaaa;0;0;;
2026-09-03 16:25:11+00:00;148681;148678;Боталка(Студенты) — Поступашки;1866807276;;666977779;А что за пульс я хз;;;;12027;https://t.me/botalkaaa;0;0;;
2026-09-03 16:23:10+00:00;148679;148678;Боталка(Студенты) — Поступашки;1866807276;;1119732245;А ты в каком универе учишься;;;;12027;https://t.me/botalkaaa;0;0;;
2026-09-03 15:53:49+00:00;148677;148676;Боталка(Студенты) — Поступашки;1866807276;;666977779;Там щас ток на пайтон есть из всех по разработке;;;;12027;https://t.me/botalkaaa;0;0;;
2026-09-03 15:53:17+00:00;148676;148674;Боталка(Студенты) — Поступашки;1866807276;;482737620;Там отдельные стажерские вакансии есть на сайте;;;;12027;https://t.me/botalkaaa;0;0;;
2026-09-03 15:52:34+00:00;148674;148673;Боталка(Студенты) — Поступашки;1866807276;;666977779;Блин там стажка закрыта;;;;12027;https://t.me/botalkaaa;0;0;;
2026-09-03 15:50:31+00:00;148672;148671;Боталка(Студенты) — Поступашки;1866807276;;1095609304;вродь;;;;12027;https://t.me/botalkaaa;0;0;;
2026-09-03 15:50:14+00:00;148671;148669;Боталка(Студенты) — Поступашки;1866807276;;666977779;На стажировки тоже можно?;;;;12027;https://t.me/botalkaaa;0;0;;
2026-09-03 15:49:21+00:00;148669;;Боталка(Студенты) — Поступашки;1866807276;;1095609304;можете мне написать, я в сбер рефнуть могу )))  сколько угодно вакансий 😂;;2;;12027;https://t.me/botalkaaa;0;0;;
2026-09-03 14:51:11+00:00;148663;;Боталка(Студенты) — Поступашки;1866807276;;910340154;А кому-то приходило от авито сообщение в тг пройти анкетирование на Avito.huntflow ?это норм темка или скам какой-то? Я откликнулась на вакансию на их официальном сайте;;0;;12027;https://t.me/botalkaaa;0;0;;
2026-09-03 14:36:32+00:00;148662;;Боталка(Студенты) — Поступашки;1866807276;;619229681;Ищем алгоритмистов!  Товарищи, Поступашкам нужны контент мейкеры в основной канал по алгоритмам. Если вы творческая личность, интересующейся алгоритмами (или другим), вам нравится писать посты/ придумывать идеи для контента, то обязательно пишите @vice22821. Оплата сдельная, ориентировочно за один пост от 2 тыс до 15 тыс рублей.  Обязательно делитесь с ребятами, которым это может быть интересно.;;0;;12027;https://t.me/botalkaaa;0;0;;
2026-09-03 13:56:56+00:00;148657;;Боталка(Студенты) — Поступашки;1866807276;;6437382391;Здравствуйте ребята есть те кто работают в области кибербез или учиться на старших курсах очень прошу вас написать мне в лс сам очень хочу вкатиться в эту сферу и поступить так же хотелось бы поинтересоваться очень;;0;;12027;https://t.me/botalkaaa;0;0;;
2026-09-03 13:24:12+00:00;148654;;Боталка(Студенты) — Поступашки;1866807276;;619229681;"[**Стажировка в Т-банк одна из лучших возможностей для старта в МЛ: **](https://education.tbank.ru/start/?ysclid=mtimy5d3qb301442169)  • специалисты высокого класса • зарплаты в среднем выше рынка  • современный стек и проекты  • хорошо выстроены процессы  • корпоративная культура  Для участия нужно подать анкету заполнить анкету до 6 сентября и выполнить экзамен. Разбор программирования уже выложен на [нашем курсе мл про, аи агенты. ](https://t.me/postypashki_old/1859) ➡️[ Записаться](https://t.me/m/p94YcePXNjcy).   Как заполнять анкеты смотрим[ этот ролик](https://www.youtube.com/watch?v=8Etdw_HB6Ec). Вашу анкету оценивают рекрутеры, команды. Если вы им понравитесь, вас пригласят на финальное собеседование.   На собесе может быть все, что угодно на усмотрение интервьюера: могут быть даже математические задачи на логику в духе тюремных загадок. Обязателен [лайвкодинг](https://t.me/postypashki_old/1787) с задачами, которые часто подбирают под ваше направление. Метрики, общая суть линейных моделей, регуляризация, описать общий цикл обучения модели. Примеры собесов в Т-банк можно посмотреть в нашем канале @zadachi_ds по поиску ключевых слов ""Т-банк""/""Тинькофф"". Технические вопросы сильно зависят от команды. Иногда собеседование может пройти в формате ""вайбчека"" без технических вопросов, но это скорее исключение. Короче все, что есть в нашей программе курсов[ мл старт, мл про и дата сайнс](https://old.postypashki.ru/%D0%BA%D0%B0%D1%80%D1%8C%D0%B5%D1%80%D0%BD%D1%8B%D0%B5-%D0%BA%D1%83%D1%80%D1%81%D1%8B/).   Обычно финальный собес один на полтора часа. Если прям очень хорошо о себя завили в анкете и хорошо показали на собесе - команда может дать хороший отзыв и тогда вам могут предложить еще одно собеседование, но такое бывает редко. Дополнительный финальный собес можно получить, если податься на донабор, который проходит обычно спустя месяц основного набора.  При идеальном мэтче, вы в Т-банке - поздравляю!   **Подписаться: ****@zadachi_ds**";3502.0;0;;12027;https://t.me/botalkaaa;0;1;39.0;
2026-09-03 12:30:03+00:00;148652;148628;Боталка(Студенты) — Поступашки;1866807276;;1095609304;что угодно там может быть;;;;12027;https://t.me/botalkaaa;0;0;;
2026-09-03 12:15:13+00:00;148651;148650;Боталка(Студенты) — Поступашки;1866807276;;365748517;да;;;;12027;https://t.me/botalkaaa;0;0;;
2026-09-03 12:14:54+00:00;148650;148648;Боталка(Студенты) — Поступашки;1866807276;;1085033961;Ты в тиньке работаешь?;;;;12027;https://t.me/botalkaaa;0;0;;
2026-09-03 12:14:23+00:00;148649;148647;Боталка(Студенты) — Поступашки;1866807276;;1485427289;Неплохо;;;;12027;https://t.me/botalkaaa;0;0;;
2026-09-03 12:14:13+00:00;148648;148646;Боталка(Студенты) — Поступашки;1866807276;;365748517;друг был мл разрабом а я бэком у нас все еще одинаковая зп спустя почти год;;;;12027;https://t.me/botalkaaa;0;0;;
2026-09-03 12:14:03+00:00;148647;148644;Боталка(Студенты) — Поступашки;1866807276;;6256439531;108 + питание если в офисе;;;;12027;https://t.me/botalkaaa;0;0;;
2026-09-03 12:13:49+00:00;148646;148645;Боталка(Студенты) — Поступашки;1866807276;;1085033961;Ну разрабы по идее разные есть, мль разрабы, бек разрабы, думаю вилки у них тоже разные;;;;12027;https://t.me/botalkaaa;0;0;;
2026-09-03 12:12:35+00:00;148645;148643;Боталка(Студенты) — Поступашки;1866807276;;365748517;я писал что 103 было у разрабов. у аналитиков вроде меньше  можно еще написать что это за 40ч мало ли что;;;;12027;https://t.me/botalkaaa;0;0;;
2026-09-03 12:12:34+00:00;148644;148639;Боталка(Студенты) — Поступашки;1866807276;;1485427289;А по тиньку какая инфа есть?;;;;12027;https://t.me/botalkaaa;0;0;;
2026-09-03 12:10:07+00:00;148643;;Боталка(Студенты) — Поступашки;1866807276;;1085033961;Вы ещё учитывайте что вилка зависит от того какая у вас специальность;;5;;12027;https://t.me/botalkaaa;0;0;;
2026-09-03 12:09:35+00:00;148642;148639;Боталка(Студенты) — Поступашки;1866807276;;365748517;тинек признаю могли проиндексировать зимой(стажером был осенью 2025), но там больше наверное стало так что пох;;;;12027;https://t.me/botalkaaa;0;0;;
2026-09-03 12:08:56+00:00;148641;148639;Боталка(Студенты) — Поступашки;1866807276;;1085033961;Есть такое));;;;12027;https://t.me/botalkaaa;0;0;;
2026-09-03 12:08:41+00:00;148640;148633;Боталка(Студенты) — Поступашки;1866807276;;1606739624;интересное заявление;;;;12027;https://t.me/botalkaaa;0;0;;
2026-09-03 12:08:37+00:00;148639;148638;Боталка(Студенты) — Поступашки;1866807276;;6256439531;ну ты ни по авито ни по тиньку не попал);;;;12027;https://t.me/botalkaaa;0;0;;
2026-09-03 12:07:59+00:00;148638;148636;Боталка(Студенты) — Поступашки;1866807276;;365748517;авито по рассказам друга а т банк я сам был стажером;;;;12027;https://t.me/botalkaaa;0;0;;
2026-09-03 12:07:45+00:00;148637;148633;Боталка(Студенты) — Поступашки;1866807276;;1485427289;Никогда не верьте информации о зарплатах в этом чате;;;;12027;https://t.me/botalkaaa;0;0;;
2026-09-03 12:07:36+00:00;148636;148633;Боталка(Студенты) — Поступашки;1866807276;;6256439531;хахаахха че от куда вообще эти цифры;;;;12027;https://t.me/botalkaaa;0;0;;
2026-09-03 12:07:07+00:00;148635;148634;Боталка(Студенты) — Поступашки;1866807276;;1085033961;нет;;;;12027;https://t.me/botalkaaa;0;0;;
2026-09-03 12:05:59+00:00;148634;148633;Боталка(Студенты) — Поступашки;1866807276;;666977779;Рил в авито так мало? Мне проще курьером работать;;;;12027;https://t.me/botalkaaa;0;0;;
2026-09-03 11:59:35+00:00;148633;148631;Боталка(Студенты) — Поступашки;1866807276;;365748517;т банк разрабы 103к гросс москва/питер 80 регионы/удаленка авито 40к гросс мск 30 регионы;;;;12027;https://t.me/botalkaaa;0;0;;
2026-09-03 11:32:02+00:00;148631;;Боталка(Студенты) — Поступашки;1866807276;;1627316505;Поделитесь пж информацией сколько получают стажёры в Авито и т банк?;;13;;12027;https://t.me/botalkaaa;0;0;;
2026-09-03 11:31:12+00:00;148629;;Боталка(Студенты) — Поступашки;1866807276;;746716469;да;;0;;12027;https://t.me/botalkaaa;0;0;;
2026-09-03 11:30:50+00:00;148628;;Боталка(Студенты) — Поступашки;1866807276;;5994895163;Это нормально ?;;1;;12027;https://t.me/botalkaaa;0;0;;
2026-09-03 09:54:42+00:00;148623;;Боталка(Студенты) — Поступашки;1866807276;;6820055365;Привет народ, нужна кому подработка обвезти готовые линии в автокаде другим цветом и все ) в лс расскажу подробнее;;0;;12027;https://t.me/botalkaaa;0;0;;
2026-09-03 08:54:03+00:00;148621;148608;Боталка(Студенты) — Поступашки;1866807276;;1626233314;Аудитория с людьми или без?;;;;12027;https://t.me/botalkaaa;0;0;;
2026-09-03 07:50:29+00:00;148618;148617;Боталка(Студенты) — Поступашки;1866807276;;998215438;Не;;;;12027;https://t.me/botalkaaa;0;0;;
2026-09-03 07:45:49+00:00;148617;;Боталка(Студенты) — Поступашки;1866807276;;666977779;Кому нибудь уже приходил ответ от авито со следующим этапом контеста?;;1;;12027;https://t.me/botalkaaa;0;0;;
2026-09-03 06:46:11+00:00;148615;;Боталка(Студенты) — Поступашки;1866807276;;706133219;От первого лица даже подойдет;;0;;12027;https://t.me/botalkaaa;0;0;;
2026-09-03 06:43:32+00:00;148614;;Боталка(Студенты) — Поступашки;1866807276;;706133219;Скинь посмотреть !;;0;;12027;https://t.me/botalkaaa;0;0;;
2026-09-03 06:42:21+00:00;148613;;Боталка(Студенты) — Поступашки;1866807276;;706133219;Нужно более масштабные :(;;0;;12027;https://t.me/botalkaaa;0;0;;
2026-09-03 06:41:57+00:00;148612;148608;Боталка(Студенты) — Поступашки;1866807276;;8032400502;Есть со школы, подойдёт? Есть и более масштабные;;;;12027;https://t.me/botalkaaa;0;0;;
2026-09-03 06:24:37+00:00;148608;;Боталка(Студенты) — Поступашки;1866807276;;706133219;Есть у кого нибудь живая фотография аудитории, с лекций можно или с практик. Срочно нужно для проекта!!!! С меня подарок;;2;;12027;https://t.me/botalkaaa;0;0;;
2026-09-03 04:38:56+00:00;148607;;Боталка(Студенты) — Поступашки;1866807276;;470013456;Решал тест авитовский, который самый первый на стажку, все было норм, дошел до ласт секции где нужно было функцию написать, таска не загрузилась, а потом страница сама решила тест завершить. 🪱;;0;;12027;https://t.me/botalkaaa;0;0;;
2026-09-02 19:26:10+00:00;148598;148596;Боталка(Студенты) — Поступашки;1866807276;;1115880745;Мне показалось там много лишней инфы которую нельзя убрать;;;;12027;https://t.me/botalkaaa;0;0;;
2026-09-02 19:25:03+00:00;148597;148594;Боталка(Студенты) — Поступашки;1866807276;;666977779;Погна;;;;12027;https://t.me/botalkaaa;0;0;;
2026-09-02 19:10:38+00:00;148596;;Боталка(Студенты) — Поступашки;1866807276;;761933817;hh.ru  Почти все бигтехи/аутсорсы парсят формат хх;;1;;12027;https://t.me/botalkaaa;0;0;;
2026-09-02 19:07:43+00:00;148595;;Боталка(Студенты) — Поступашки;1866807276;;1115880745;Кто-нибудь может посоветовать норм конструктор резюме?;;0;;12027;https://t.me/botalkaaa;0;0;;
2026-09-02 18:32:40+00:00;148594;;Боталка(Студенты) — Поступашки;1866807276;;797692063;раз такая гулянка, могу рефернуть в озон;;1;;12027;https://t.me/botalkaaa;0;0;;
2026-09-02 17:39:34+00:00;148589;;Боталка(Студенты) — Поступашки;1866807276;;433735317;"Всем привет  Кто-нибудь знает, ""Лоция"" как работодатель норм?";;0;;12027;https://t.me/botalkaaa;0;0;;
2026-09-02 17:31:12+00:00;148588;148541;Боталка(Студенты) — Поступашки;1866807276;;1676815170;Гоу;;;;12027;https://t.me/botalkaaa;0;0;;
2026-09-02 17:24:00+00:00;148587;148541;Боталка(Студенты) — Поступашки;1866807276;;6056655275;на стажировку распространяется?;;;;12027;https://t.me/botalkaaa;0;0;;
2026-09-02 15:18:39+00:00;148581;;Боталка(Студенты) — Поступашки;1866807276;;410368686;Кто-то проходил тестирование на машинное обучение и аналитику данных на стажку Московского транспорта? Что спрашивают?;;0;;12027;https://t.me/botalkaaa;0;0;;
2026-09-02 15:06:53+00:00;148578;;Боталка(Студенты) — Поступашки;1866807276;;938353193;Привет) Кину рефку в Яндекс Вам преимущество в отборе, мне плюшки за рекомендацию Кидайте резюме в лс;;0;;12027;https://t.me/botalkaaa;0;0;;
2026-09-02 14:21:54+00:00;148574;;Боталка(Студенты) — Поступашки;1866807276;;1033643037;У кого нибудь было такое, что по рефке в Т-банк приходит отказ с пояснением: «По результатам прошлого отбора мы не готовы пока продолжить общение». Что это может значить? По рефке до этого получал только нейтральные отказы, а до этого только на стажку пробовался, летом ОС была хорошая, но мне уже неактуально было;;0;;12027;https://t.me/botalkaaa;0;0;;
2026-09-02 14:15:47+00:00;148572;;Боталка(Студенты) — Поступашки;1866807276;;952400801;А если задания по питону по т банку заслал на ок, но не нажал кнопку завершить, они сохраняются или нет?;;0;;12027;https://t.me/botalkaaa;0;0;;
2026-09-02 13:37:50+00:00;148569;;Боталка(Студенты) — Поступашки;1866807276;;808403694;стоит прям вообще всё писать что в голову приходит про себя, или так упарываться не стоит;;0;;12027;https://t.me/botalkaaa;0;0;;
2026-09-02 13:37:01+00:00;148568;148567;Боталка(Студенты) — Поступашки;1866807276;;1627316505;Ага;;;;12027;https://t.me/botalkaaa;0;0;;
2026-09-02 13:36:45+00:00;148567;148439;Боталка(Студенты) — Поступашки;1866807276;;808403694;а сильная анкета что подразумевает - опыт и заинтересованность?;;;;12027;https://t.me/botalkaaa;0;0;;
2026-09-02 13:36:13+00:00;148566;148565;Боталка(Студенты) — Поступашки;1866807276;;365748517;все;;;;12027;https://t.me/botalkaaa;0;0;;
2026-09-02 13:22:55+00:00;148565;;Боталка(Студенты) — Поступашки;1866807276;;6336045232;В тинькофф контесте по проге сколько задач делать стоит? Чтобы и не мало и не много;;1;;12027;https://t.me/botalkaaa;0;0;;
2026-09-02 13:09:28+00:00;148563;148562;Боталка(Студенты) — Поступашки;1866807276;;6510211894;Кем надо быть что бы не мочь оплатить себе гптшку;;;;12027;https://t.me/botalkaaa;0;0;;
2026-09-02 13:03:42+00:00;148562;;Боталка(Студенты) — Поступашки;1866807276;;619229681;Помните, как выбирали к 1 сентября красивый дневник?   Ностальгия. Теперь в списке важных покупок — нейроночка. А МТС Оплата как раз разыгрывает [годовую подписку](https://payment.mts.ru/tools/rozygrysh-chatgpt?utm_source=tg_seeding&utm_medium=cpp&utm_campaign=mts_pay_rozygrysh_chatgpt2026&utm_content=botalkaaa&erid=2Vfnxwh5Q3v) на ChatGPT Plus ❤️   Как поучаствовать? Да просто:   1. Оплатите подписку на ChatGPT на месяц через МТС Оплату до 15 сентября. 2. Всё, вы участвуете! Дальше всё решит рандомайзер. Итоги подведём до 30 сентября. Победителям напишем на почту.   Подробности по ссылке, [жмите](https://payment.mts.ru/tools/rozygrysh-chatgpt?utm_source=tg_seeding&utm_medium=cpp&utm_campaign=mts_pay_rozygrysh_chatgpt2026&utm_content=botalkaaa&erid=2Vfnxwh5Q3v)!;;1;;12027;https://t.me/botalkaaa;0;0;;
2026-09-02 13:01:01+00:00;148560;;Боталка(Студенты) — Поступашки;1866807276;;753199513;Други, еще не выкладывали тинькофф контест на текущий отбор?;;0;;12027;https://t.me/botalkaaa;0;0;;
2026-09-02 12:47:00+00:00;148559;;Боталка(Студенты) — Поступашки;1866807276;;1344198465;Кинь пожалуйста;;0;;12027;https://t.me/botalkaaa;0;0;;
2026-09-02 12:46:40+00:00;148558;148555;Боталка(Студенты) — Поступашки;1866807276;;49310475;Вроде на сайте Поступашек;;;;12027;https://t.me/botalkaaa;0;0;;
2026-09-02 12:26:18+00:00;148555;;Боталка(Студенты) — Поступашки;1866807276;;1344198465;У кого есть календарь со всеми стажками, когда они начинаются?;;1;;12027;https://t.me/botalkaaa;0;0;;
2026-09-02 12:21:49+00:00;148551;148549;Боталка(Студенты) — Поступашки;1866807276;;731245780;Avg айтишник:;;;;12027;https://t.me/botalkaaa;0;0;;
2026-09-02 12:13:55+00:00;148549;148541;Боталка(Студенты) — Поступашки;1866807276;;7626781670;Рефни меня к себе домой;;;;12027;https://t.me/botalkaaa;0;0;;
2026-09-02 11:45:42+00:00;148543;148542;Боталка(Студенты) — Поступашки;1866807276;;706164601;Конец года?);;;;12027;https://t.me/botalkaaa;0;0;;
2026-09-01 18:35:08+00:00;148528;148523;Боталка(Студенты) — Поступашки;1866807276;;666977779;Мне каж пока рано там же до 4 числа;;;;12027;https://t.me/botalkaaa;0;0;;
2026-09-01 17:39:46+00:00;148525;148520;Боталка(Студенты) — Поступашки;1866807276;;1181947556;Тоже интересно. И мне напишите тоже.;;;;12027;https://t.me/botalkaaa;0;0;;
2026-09-01 17:08:06+00:00;148523;;Боталка(Студенты) — Поступашки;1866807276;;791449795;Кому нибудь приходило письмо с кейсом и видеоинтерью от Авито?;;1;;12027;https://t.me/botalkaaa;0;0;;
2026-09-01 16:35:40+00:00;148520;;Боталка(Студенты) — Поступашки;1866807276;;1044751270;всем привет! есть кто-то, кто оформлял академический отпуск или индивидуальный план обучения по медицинской справке? напишите пожалуйста в лс🙏🏻;;1;;12027;https://t.me/botalkaaa;0;0;;
2026-09-01 16:07:33+00:00;148519;;Боталка(Студенты) — Поступашки;1866807276;;619229681;"**Как меня два раза уволили за харасмент **  Одна история смешная, а вторая еще смешнее. Они учат двум вещам:  1. ни в коем случае не переводи профессиональные корпоративные отношения в личные, а тем более в романтичные  2. позитивная реакция человека (женщины) не означает, что все позитивно. Она потом сядет подумает, обсудит все с подругами/психологом и решит, что ты ее изнасиловал, напишет заяву.   **Первая история **  Был корпоратив. Мы все изрядна выпили, веселились и моя коллега стала со мной заигрывать во фрейме ""блин я почему-то думаю, что ты ассекусал"". А у меня реально там был тогда вайб ""сосать, сосайти"", я не брился и ходил с патлами. Короче, она меня жестко провоцировала вербально и невербально. По итогу мы друг друга лапали, сосасались. Но вдруг ей написал муж и она поехала укладывать ребенка спать.   На следующее утро она мне написала, что это был полный капец и нам нужно перестать общаться. Я попробовал сгладить углы типо ""Да слушай, мы все хорошо выпили, бывает, ничего страшного. Зачем нам прекращать общение?"". На что она сказала, что такое поведение с моей стороны просто недопустимо и контактировать со мной она больше не в силах. Хотя она сама буквально терлась об меня, а рядом с нами на диванчике сидели другие коллеги. Как бы там не было спустя пару дней меня пригласил на разговор руководитель и посоветовал уйти.  **Вторая история** Уже в другом месте работы мою коллегу бросил парень и она пригласила меня на чай. Мы классно проводили время, она реально была прикольная и я начал за ней ухаживать с мыслью, что ""ну хоть будет кто-то на постоянку"". Я конечно понимал, что вряд ли ее утешаю один я, но я не гордый..   На одной встречи она попросила взять ее жестко: там отшлепать, покусать, засунуть трусы в рот, наступить на лицо и так далее. Я сам не фанат такой темы, но хотелось ей угодить. Там даже получилось оставить ей небольшой синячок на ляшке. Но я не обольшаюсь: у нее там в целом просто сосуды близко к коже находятся - она ходила постоянно в синяках. Сама она улыбалась и хихикала, ни слова мне не сказала. Мы провели весь день вместе, а на следующее утро я поехал к себе. Она сказала, что это был лучший секс в ее жизни.   Вечером она мне написала, что теперь меня боится и не хочет больше встречаться. Сказала, что заяву за ""изнасилование"" она не будет писать, но чтобы я так больше не поступал с женщинами. На мой вопрос, почему она ничего не сказала, а просто улыбалась и хихикала,— она сказала это ""была защитная реакция и она не понимала, что происходит"". По итогу спустя пару дней меня пригласил на разговор руководитель и посоветовал уйти. А еще спустя неделю написал ее бывший парень и хотел со мной встретиться и поговорить по-мужски за то, что я позволил себе ""ударить"" его девушку. Я переслал ему пару кружочков, где она называет меня лучшим мужчиной в ее жизни, сравнивает с бывшими и тд.    Вот такие истории, я был юным и глупым. Позже я узнал, что у девушек был ПРЛ. Обидно, а я думал, что нашел свою любовь.   Если тебе понравилась история, присмотрись к [курсам ПРО](https://t.me/postypashki_old/1859), там я делюсь своим уникальным корпоративным опытом, чтобы ты не повторял моих ошибок. ➡️[** Записаться**](https://t.me/m/p94YcePXNjcy)  **Подписаться: ****@chad_protocol**";7043.0;0;;12027;https://t.me/botalkaaa;0;1;129.0;
2026-09-01 15:18:23+00:00;148517;;Боталка(Студенты) — Поступашки;1866807276;;714294900;кому рефку на стажку в яндексе;;0;;12027;https://t.me/botalkaaa;0;0;;
2026-09-01 14:10:14+00:00;148513;;Боталка(Студенты) — Поступашки;1866807276;;716063880;Я лично переводился из универа в универ, но по поводу бво не знаю, а так тебе в любой приемке по переводу скажут;;0;;12027;https://t.me/botalkaaa;0;0;;
2026-09-01 14:09:06+00:00;148512;148508;Боталка(Студенты) — Поступашки;1866807276;;716063880;Спроси в приемки универа, в который собираешься;;;;12027;https://t.me/botalkaaa;0;0;;
2026-09-01 14:06:13+00:00;148509;148508;Боталка(Студенты) — Поступашки;1866807276;;6597305669;Если академ разница не оч большая;;;;12027;https://t.me/botalkaaa;0;0;;
2026-09-01 14:04:51+00:00;148508;148507;Боталка(Студенты) — Поступашки;1866807276;;1016066943;И тогда ок? Просто знаю что со специалитета нельзя на бакалавр, а вот с бво можно?;;;;12027;https://t.me/botalkaaa;0;0;;
2026-09-01 13:57:08+00:00;148507;148506;Боталка(Студенты) — Поступашки;1866807276;;6597305669;Там надо правильно переводиться  Должен быть приказ об отчислении в связи с переводом;;;;12027;https://t.me/botalkaaa;0;0;;
2026-09-01 13:44:21+00:00;148506;;Боталка(Студенты) — Поступашки;1866807276;;1016066943;Ребят, кто знает, слетает ли отсрочка от армии если я буду переводиться с Базового Высшего Образования на Бакалавриат (из одного вуза в другой)?;;4;;12027;https://t.me/botalkaaa;0;0;;
2026-09-01 09:22:53+00:00;148495;;Боталка(Студенты) — Поступашки;1866807276;;753199513;Кто проходил собесы на ml-стажку в тинек? хотел бы пообщаться;;0;;12027;https://t.me/botalkaaa;0;0;;
2026-09-01 08:41:25+00:00;148491;148487;Боталка(Студенты) — Поступашки;1866807276;;365748517;пет проекты интересные(не туду лист, не b2b ai saas), курсы релевантные еще;;;;12027;https://t.me/botalkaaa;0;0;;
2026-09-01 08:41:01+00:00;148490;148489;Боталка(Студенты) — Поступашки;1866807276;;1891726207;оке, проверим;;;;12027;https://t.me/botalkaaa;0;0;;
2026-09-01 08:40:04+00:00;148489;148487;Боталка(Студенты) — Поступашки;1866807276;;1115880745;опыт работы, олимпиады, топ вуз;;;;12027;https://t.me/botalkaaa;0;0;;
2026-09-01 08:38:51+00:00;148487;148439;Боталка(Студенты) — Поступашки;1866807276;;1891726207;А есть вообще инфа, что для них сильная анкета? примерно;;;;12027;https://t.me/botalkaaa;0;0;;
2026-09-01 08:35:54+00:00;148486;;Боталка(Студенты) — Поступашки;1866807276;;1700707547;всем привет подскажите, пожалуйста,  в тиньке на аналитике обычно открывают донабор после основного потока отбора, или это скорее исключение?;;0;;12027;https://t.me/botalkaaa;0;0;;
2026-09-01 08:30:49+00:00;148485;;Боталка(Студенты) — Поступашки;1866807276;;1177688406;Всем привет  Может кто-нибудь зарефить на го-разраба? (Стаж/Джун);;0;;12027;https://t.me/botalkaaa;0;0;;
2026-09-01 08:25:09+00:00;148484;;Боталка(Студенты) — Поступашки;1866807276;;5047838235;Всем привет! Есть ли слив текущих заданий по проге на стажку в тбанк?;;0;;12027;https://t.me/botalkaaa;0;0;;
2026-09-01 08:24:57+00:00;148483;148478;Боталка(Студенты) — Поступашки;1866807276;;365748517;стажка? или джун/мидл? могу и туда и сюда;;;;12027;https://t.me/botalkaaa;0;0;;
2026-09-01 08:22:04+00:00;148482;148429;Боталка(Студенты) — Поступашки;1866807276;;862612764;Сильно роляет анкета;;;;12027;https://t.me/botalkaaa;0;0;;
2026-09-01 05:32:32+00:00;148478;;Боталка(Студенты) — Поступашки;1866807276;;1123608353;добренькое утро) есть кто-то из т-банка, кто может пореферить?🙏;;1;;12027;https://t.me/botalkaaa;0;0;;
2026-09-01 00:47:01+00:00;148473;148453;Боталка(Студенты) — Поступашки;1866807276;;1171499139;Главное, что ok видишь , перезагружать страницу обычно надо (в т-академии так было);;;;12027;https://t.me/botalkaaa;0;0;;
2026-08-31 21:33:30+00:00;148470;148451;Боталка(Студенты) — Поступашки;1866807276;;5293787491;После сдачи;;;;12027;https://t.me/botalkaaa;0;0;;
2026-08-31 21:32:28+00:00;148469;148453;Боталка(Студенты) — Поступашки;1866807276;;1311749836;жизненно;;;;12027;https://t.me/botalkaaa;0;0;;
2026-08-31 21:27:07+00:00;148468;;Боталка(Студенты) — Поступашки;1866807276;;5696901292;Спасибо админ;;0;;12027;https://t.me/botalkaaa;0;0;;
2026-08-31 17:43:10+00:00;148454;148451;Боталка(Студенты) — Поступашки;1866807276;;6056655275;он прогоняет на то что у тебя код компилируется и на первых тестах, которые в примере есть(вроде так);;;;12027;https://t.me/botalkaaa;0;0;;
2026-08-31 17:39:59+00:00;148453;;Боталка(Студенты) — Поступашки;1866807276;;2117704353;Слався госпаде, я уже думал забросить программирование;;2;;12027;https://t.me/botalkaaa;0;0;;
2026-08-31 17:38:37+00:00;148452;;Боталка(Студенты) — Поступашки;1866807276;;1115880745;После сдачи;;0;;12027;https://t.me/botalkaaa;0;0;;
2026-08-31 17:36:49+00:00;148451;;Боталка(Студенты) — Поступашки;1866807276;;2117704353;Это я прям настолько долбаеб или балл за задание выставляется после сдачи Это тбанк;;2;;12027;https://t.me/botalkaaa;0;0;;
2026-08-31 17:21:36+00:00;148450;148449;Боталка(Студенты) — Поступашки;1866807276;;791449795;А есть список, чтобы заранее подготовится? Или от души придется;;;;12027;https://t.me/botalkaaa;0;0;;
2026-08-31 17:20:51+00:00;148449;148448;Боталка(Студенты) — Поступашки;1866807276;;695352498;ну там вопросы расскажите о себе что самое важное при выборе места работы что-то про команду расскажите проект командный чё кто кому вставлял в команде кому больше понравилось такого типа;;;;12027;https://t.me/botalkaaa;0;0;;
2026-08-31 17:19:50+00:00;148448;148445;Боталка(Студенты) — Поступашки;1866807276;;791449795;А что в видеовизитке говорить надо?;;;;12027;https://t.me/botalkaaa;0;0;;
2026-08-31 17:18:32+00:00;148447;148446;Боталка(Студенты) — Поступашки;1866807276;;695352498;ну я думаю если не получится можно второй акк создать вряд ли там это чекают на этом этапе;;;;12027;https://t.me/botalkaaa;0;0;;
2026-08-31 17:17:15+00:00;148446;148445;Боталка(Студенты) — Поступашки;1866807276;;5243695054;Да, его имею ввиду, мне ответ ещё не пришёл просто;;;;12027;https://t.me/botalkaaa;0;0;;
2026-08-31 17:15:42+00:00;148445;148444;Боталка(Студенты) — Поступашки;1866807276;;695352498;так ты имеешь в виду то что перед тестовым заданием на гитхаб?  это ж вроде отсев чтоб его получить и больше ничего  у меня вообще консоль на видеовизитке вылезла два раза и я тупо 2 вопросе проскипал тильт;;;;12027;https://t.me/botalkaaa;0;0;;
2026-08-31 17:15:13+00:00;148444;148442;Боталка(Студенты) — Поступашки;1866807276;;5243695054;Бэкенд питон, обычный тест и одна задача была;;;;12027;https://t.me/botalkaaa;0;0;;
2026-08-31 17:14:54+00:00;148443;;Боталка(Студенты) — Поступашки;1866807276;;793570403;всем привет, если кто-то проходил алгособес на скажировку мл в яндекс, расскажите пожалуйста:  какие задачи у вас были? на что там упор? отличается ли 1 и 2 задача по сложности и какие в основном темы?;;0;;12027;https://t.me/botalkaaa;0;0;;
2026-08-31 17:13:03+00:00;148442;148440;Боталка(Студенты) — Поступашки;1866807276;;695352498;а какой там тест? ты не на бэкенд?;;;;12027;https://t.me/botalkaaa;0;0;;
2026-08-31 17:10:30+00:00;148441;148440;Боталка(Студенты) — Поступашки;1866807276;;1627316505;Там проходной какой-то, не сильно душный, так что норм вроде;;;;12027;https://t.me/botalkaaa;0;0;;
2026-08-31 17:09:21+00:00;148440;;Боталка(Студенты) — Поступашки;1866807276;;5243695054;Добрый вечер, если на тесте в Авито не решил задачу, то это 100% реджект ? Хотя тест сам нормально прошёл;;9;;12027;https://t.me/botalkaaa;0;0;;
2026-08-31 17:07:12+00:00;148439;148429;Боталка(Студенты) — Поступашки;1866807276;;1627316505;Очень сильно зависит от анкеты, с 700 баллами со слабой анкетой не позовут на собес, могут и с 400-600 позвать, если анкета сильная;;;;12027;https://t.me/botalkaaa;0;0;;
2026-08-31 17:06:26+00:00;148438;148437;Боталка(Студенты) — Поступашки;1866807276;;482737620;да;;;;12027;https://t.me/botalkaaa;0;0;;
2026-08-31 17:05:06+00:00;148437;148431;Боталка(Студенты) — Поступашки;1866807276;;5994895163;А ты алгосы в соло писал ?;;;;12027;https://t.me/botalkaaa;0;0;;
2026-08-31 17:04:54+00:00;148436;148434;Боталка(Студенты) — Поступашки;1866807276;;482737620;ну я не первый раз подаюсь, анкету старался идеально заполнить;;;;12027;https://t.me/botalkaaa;0;0;;
2026-08-31 17:04:21+00:00;148435;148422;Боталка(Студенты) — Поступашки;1866807276;;6536544131;в магу;;;;12027;https://t.me/botalkaaa;0;0;;
2026-08-31 17:04:09+00:00;148434;148431;Боталка(Студенты) — Поступашки;1866807276;;2117704353;Хуею, мб в анкете накосячил?  В любом случае жаль тебя, надеюсь тебя возьмут в другую пиздатую компанию;;;;12027;https://t.me/botalkaaa;0;0;;
2026-08-31 17:03:39+00:00;148433;148429;Боталка(Студенты) — Поступашки;1866807276;;695352498;там даже если фулл наберёшь тебя не позовут бро;;;;12027;https://t.me/botalkaaa;0;0;;
2026-08-31 17:03:37+00:00;148432;148424;Боталка(Студенты) — Поступашки;1866807276;;5994895163;Я на го перекатываюсь быстро. Там как будто бы шансы больше. Плюс я шарю за докер, кафку, редис;;;;12027;https://t.me/botalkaaa;0;0;;
2026-08-31 17:03:35+00:00;148431;148429;Боталка(Студенты) — Поступашки;1866807276;;482737620;нет точных баллов, меня с 700 даже на собес не звали кого то с 350+ зовут;;;;12027;https://t.me/botalkaaa;0;0;;
2026-08-31 17:03:02+00:00;148430;148422;Боталка(Студенты) — Поступашки;1866807276;;49310475;Синергия;;;;12027;https://t.me/botalkaaa;0;0;;
2026-08-31 17:02:54+00:00;148429;;Боталка(Студенты) — Поступашки;1866807276;;2117704353;А есть инфа сколько ваще надо набрать на контесте в тинькофф чтобы на следующий этап пройти? Я знаю что макс 700 баллов, щас сяду решать и интересно стало;;14;;12027;https://t.me/botalkaaa;0;0;;
2026-08-31 17:02:44+00:00;148428;148427;Боталка(Студенты) — Поступашки;1866807276;;1627316505;Кафку, редис ещё вроде;;;;12027;https://t.me/botalkaaa;0;0;;
2026-08-31 17:02:30+00:00;148427;148425;Боталка(Студенты) — Поступашки;1866807276;;5039815796;Че ваще на джаву бэкенд стажировку нужно? Знаю джава кор, постгрес, если спринг подучу, можно будет идти?;;;;12027;https://t.me/botalkaaa;0;0;;
2026-08-31 17:01:28+00:00;148426;;Боталка(Студенты) — Поступашки;1866807276;;695352498;а алгоритмы в Авито не спрашивают? только тестовое обсуждают?;;0;;12027;https://t.me/botalkaaa;0;0;;
2026-08-31 17:01:05+00:00;148425;148424;Боталка(Студенты) — Поступашки;1866807276;;5039815796;А джаву?;;;;12027;https://t.me/botalkaaa;0;0;;
2026-08-31 17:00:37+00:00;148424;148423;Боталка(Студенты) — Поступашки;1866807276;;1627316505;Гроб(;;;;12027;https://t.me/botalkaaa;0;0;;
2026-08-31 16:55:06+00:00;148423;;Боталка(Студенты) — Поступашки;1866807276;;5994895163;Искать щас стажировку на бекенд разработчика имея Python в основе неактуально ? Что думаете ?;;5;;12027;https://t.me/botalkaaa;0;0;;
2026-08-31 16:54:43+00:00;148422;;Боталка(Студенты) — Поступашки;1866807276;;6536544131;ребят, куда можно в мск поступить на платку за норм бабки? чисто для галочки и куда еще не поздно ?;;2;;12027;https://t.me/botalkaaa;0;0;;
2026-08-31 16:53:04+00:00;148421;;Боталка(Студенты) — Поступашки;1866807276;;651905810;Ребят, у кого нибудь был тех собес (Работа с ИИ) в яндекс на стажёра аналитика, что там спрашивают..?;;0;;12027;https://t.me/botalkaaa;0;0;;
2026-08-31 16:35:46+00:00;148420;148413;Боталка(Студенты) — Поступашки;1866807276;;8629553944;Да, всем советуем;;;;12027;https://t.me/botalkaaa;0;0;;
2026-08-31 16:34:45+00:00;148419;148349;Боталка(Студенты) — Поступашки;1866807276;;161383692;А никто не писал видео ? Попал на концовку. Эхх.;;;;12027;https://t.me/botalkaaa;0;0;;
2026-08-31 15:13:07+00:00;148417;148414;Боталка(Студенты) — Поступашки;1866807276;;1485427289;А какой у тебя грейд?;;;;12027;https://t.me/botalkaaa;0;0;;
2026-08-31 14:46:27+00:00;148414;148413;Боталка(Студенты) — Поступашки;1866807276;;6256439531;нет не так;;;;12027;https://t.me/botalkaaa;0;0;;
2026-08-31 14:42:52+00:00;148413;;Боталка(Студенты) — Поступашки;1866807276;;7467126466;стажировка в авито это где стажка 9 месяцев и они просто сидят разгружают команды и потом на финале никого не приглашают и так по кругу? оч крута;;3;;12027;https://t.me/botalkaaa;0;0;;
2026-08-31 12:13:15+00:00;148405;;Боталка(Студенты) — Поступашки;1866807276;;619229681;[**Стажировка в Авито одна из лучших возможностей для старта в разработке: **](https://start.avito.ru/tech)  • специалисты высокого класса • зарплаты в среднем выше рынка  • современный стек и проекты  • хорошо выстроены процессы  • корпоративная культура  Для участия нужно подать анкету заполнить анкету до 30.08 и выполнить тест. Разбор теста уже выложен на [нашем курсе бэкенд про](https://t.me/postypashki_old/1859).  ➡️[ Записаться](https://t.me/m/p94YcePXNjcy).   Как заполнять анкеты смотрим[ этот ролик](https://www.youtube.com/watch?v=8Etdw_HB6Ec). Вашу анкету оценивают рекрутеры, команды. Если вы им понравитесь, вам дадут видеоинтервью в асинхронном формате, индивидуальное тестовое задание и пригласят на финальные собеседования.   • Видео интервью в асинхронном формате - это, когда вы говорите сами с собой, а ваши ответы записывают. Для подготовки смотрите [этот пост](https://t.me/botalkaaa/148404).  • Обычно тестовое задание: написать какой-нибудь сервер. Примеры[ тут](https://github.com/avito-tech/tech-internship/tree/main/Tech%20Internships) • На собеседовании будут обсуждать тестовое задание. Финальных собеседований может быть несколько: с лидом, с менеджером, с ментором и так далее. Гайд на собесы[ тут](https://t.me/postypashki_old/1863).   При идеальном мэтче, вы в Авито - поздравляю!  **Подписаться: ****@codeof_art**;3999.0;0;;12027;https://t.me/botalkaaa;0;1;45.0;
2026-08-31 11:51:23+00:00;148404;;Боталка(Студенты) — Поступашки;1866807276;;619229681;"**Как готовиться к софт собесам в Авито**  Очень актуальный вопрос в эпоху, когда заботать технические собесы - это лишь вопрос времени. Команды нередко отбирают кадидатов просто по вайбику. Поэтому в посте обсудим, как зафититься на начальные позиции в Авито (без ограничения общности).  **Лендинг компании, набора или анкета** Большинство качеств, которые от вас ожидают, написаны на лендинге или в анкете. Не пожалейте времени, буквально 10-20 минут: прошерстите сайтик и выпишите все качества и характеристики, которые ждут от кандидатов. Дальше переходим на страницу конкретной программы, допустим,[ буткемпа аналитики](https://start.avito.ru/analyst-bootcamp). Тыкаем на все вкладки и собираем максимум инфы. Так мы узнаем общие ожидания, примеры задач и опыт других ребят. В данном случае из требований интересно выделить “Умеете структурировать информацию и критически мыслить” и “Понимаете, в чём отличия между продуктовой аналитикой и BI‑разработкой”. Иначе говоря, вы должны четко понимать, чем занимается продуктовый аналитик, а также четко доносить свои мысли на собесе.    Копаем глубже и заходим на [сайт ](https://manifesto.avito.com/)самой компании почитать о ее ценностях и требованиях к сотрудникам. Манифест Авито - кладезь полезной информации для подготовки к собесу. Мы знакомимся с культурой компании, а также с ее ценностями: “все начинается с потребности пользователей”, “решай быстро и аргументированно”, “упрощай!”, “вместе мы можем больше”, “главное - результат”.  Теперь у нас есть базовое понимание того, что от вас ждут, как от будущего сотрудника, однако мы еще не разобрались с нашей ролью. На собеседование критически важно сформулировать для себя четкую картину того, чем занимается аналитик и почему вы идете именно туда.  **Составляем портрет идеального сотрудника** Представьте Вася учится на втором курсе, имеет 3 000 часов в доте.  Представим, Вася собеседуется на три совершенно разные позиции: аналитика, физрука и волонтера. Для каждой из этих сфер будут важны только некоторые качества Васи (подумайте, какие именно). При этом знание прокастов на инвокера не дает ему ровным счетом ничего ни в одной из этих профессий. Поэтому мы с Васей понимаем, что просто ""быть собой"" на собеседовании не всегда лучший вариант, особенно на начальных позициях.  **Васе поможет навык составления портрета идеального сотрудника** На данном этапе нужно осознать какими качествами обладает идеальный аналитик. Запросы в ИИшку вроде ""что делают аналитики в Авито"", ""что ждут от аналитика в крупной компании"" и ""какими качествами обладает хороший аналитик"" помогут ему собрать нужную инфу. Gemini отвечает, что к таким качествам относятся критическое мышление, самостоятельность и внимание к деталям.  Лучший способ узнать, что из себя представляют аналитики конкретной компании - пообщаться с ними, например в [нашем чате](http://t.me/postypashki_old_chat). Если такой возможности нет, читаем статьи о сотрудниках, например [вот эту](https://habr.com/ru/companies/avito/articles/573734/). Отдельно хочу отметить, что таким образом Вася никого не обманывает, а лишь понимает, какие качества нужно подсветить в резюме и на собеседовании, а какие нет. Если человек совсем не обладает, скажем, критическим мышлением, продемонстрировать его на собесе все равно не получится.   **Учимся показывать качества** Главный секрет заключается в том, чтобы не просто отвечать на вопросы, а в каждом ответе показывать собеседующему, что у вас есть качества, которых от вас ожидают.   Тут советую следующую схему: -Гуглим базовые списки вопросов, которые задают кандидатам на конкретные позиции в крупных компаниях. -Пишем черновые варианты ответов на них. -Для каждого ответа прикидываем, какое качество мы демонстрируем через эту историю. -Если нашли такое качество, делаем в ответе акцент именно на нем. Но не нужно говорить в лоб: фразы вроде ""Я очень ответственный, поэтому сдал домашку в срок"" -  будет скорее минусом. Пользуемся принципом ""не рассказывать, а показывать"". -Если понимаем, что ответ никак не коннектится с требованиями компании, придумываем другой. Тут настоятельно советую не пользоваться ЛЛМкой или делать это аккуратно, потому что она создает шаблонные и посредственные истории.  Из нашего мини-ресерча мы знаем, что в Авито одна из ценностей - фокус на результате. Добавляем контекст работы аналитика в компании и понимаем, что речь идет о реальном импакте, зачастую денежном. Когда на собесе залетит банальный вопрос про прошлый опыт, которого у стажера может и не быть, можно рассказать выдуманную историю про сайд-проект с друзьями и заказчиком со старших курсов. Сделайте акцент на том, что несмотря на трудности с учебой, вы выделили время на проект, так как хотели добить его до конца и увидеть эффект.  **Подписаться: ****@postypashki_old**";;0;;12027;https://t.me/botalkaaa;0;0;;
2026-08-31 10:34:21+00:00;148399;;Боталка(Студенты) — Поступашки;1866807276;;-1;Привет. Скажите, допнабор уже закрыт в вузы?;;0;;12027;https://t.me/botalkaaa;0;0;;
2026-08-30 18:09:09+00:00;148386;;Боталка(Студенты) — Поступашки;1866807276;;8043427338;у кого-нибудь недавно были финалы на мл в яшку, можете в лс написать;;0;;12027;https://t.me/botalkaaa;0;0;;
2026-08-30 17:47:12+00:00;148384;148373;Боталка(Студенты) — Поступашки;1866807276;;998215438;Ну там про go,гит,базу данных,sql если вкратце;;;;12027;https://t.me/botalkaaa;0;0;;
2026-08-30 17:43:09+00:00;148382;;Боталка(Студенты) — Поступашки;1866807276;;619229681;Кстати если у кого-то есть задания с Авито го пришлите пожалуйста в лс @vice22821 - разберём!;;0;;12027;https://t.me/botalkaaa;0;0;;
2026-08-30 15:00:40+00:00;148373;;Боталка(Студенты) — Поступашки;1866807276;;666977779;Там в авито оказывается сегодня надо тест пройти, кто приходил, можете подсказать че примерно спрашивают на Go?;;1;;12027;https://t.me/botalkaaa;0;0;;
2026-08-30 14:35:48+00:00;148371;148369;Боталка(Студенты) — Поступашки;1866807276;;449324117;я пришла в офис регионального уэц и сказала что им нужно приложение;;;;12027;https://t.me/botalkaaa;0;0;;
2026-08-30 14:20:26+00:00;148370;;Боталка(Студенты) — Поступашки;1866807276;;619229681;"**Как накрутить опыт для валютной удалёнки**  Так ру рынок уже уронили, пора ронять запад. В посте обсудим как упаковать свой опыт в легенду для ВУ рыночка.   **Сколько лет ставить** Минимум - 5. Всё, что меньше, не рассматривают. На валютную удалёнку джунов не рассматривают вообще, только если это не какой-нибудь хфт. Оптимально 5–7 лет. Карьерный путь должен быть непрерывным: никаких пробелов, никаких перерывов на ""поиск себя"". Идеально: 3 компании. Первая - 2 года, вторая - полтора, третья - добиваешь до пяти.  **Какие компании указывать** Первое место: российский бигтех (Сбер, Яндекс, Авито, ВК).  У них нормальная культура разработки, и это легко продать как ""место, где я вырос"". Потом ты в 2023 году переехал в Европу по политическим причинам, но никого не осуждаешь, просто уехал. Второе и третье: европейский аутсорс. EPAM, Luxoft. В аутсорсах легко подогнать опыт под конкретную вакансию. Плюс ты показываешь навыки автономной работы, что ценят на удалёнке.  **Как строить карьерный путь** Грейды должны расти плавно. Начинаешь джуном в РФ: выполняешь рутинные задачи, набираешься опыта. Через полтора-два года становишься мидлом. Потом переходишь в аутсорс уже сеньором, менторишь, видишь картину целиком. Важно на собеседовании проговариваешь этот путь. Если сразу выдаёшь сеньорский опыт без истории роста, тебя спалят. Все хотят видеть последовательность.  **Мотивация** Твоя история должна звучать примерно так: ""Я учился в вузе, увлёкся математикой, узнал про ML, тренировался, прошёл собеседования, работал, рос, перегорал, восстанавливался, вырос до сеньора"". Только не показывай, что тебя мотивируют деньги. Компании хотят увлечённых людей, которым можно платить меньше. Это сейчас тренд - все экономят, и те, кто горит своим делом, ценятся больше. Сделай акцент на интересе к профессии.  **Проекты** У тебя должно быть три завершённых проекта по одному на место работы. Каждый проект раскладывай на части:  1. **Бизнес-контекст.** Какая была проблема? Например: ""Данные разбросаны по разным базам, сотрудники тратят часы на поиск информации, никакой структуры, полный хаос"". 2. **Твоя роль.** На первых местах джун/мидл, на последних ""играющий тренер"", который и код пишет, и менторит. Это идеальный кандидат для найма. 3. **Завершённое действие.** Что конкретно ты сделал? Не ""писал код"", а ""разработал RAG-систему для обработки документов, которая сократила время поиска с 3 часов до 30 минут"". Конкретика, а не ""я там фичи добавлял"". 4. **Метрики.** Всегда две группы: технические (F1, recall, latency) и экономические (сколько денег твоё решение принесло). Технические метрики для себя, чтобы понимать, движешься ли ты в правильном направлении. Экономические для HR, чтобы показать, что компания потратила на тебя деньги не зря. 5. **Экономический эффект.** Считай по формуле: средняя зарплата специалиста (например, 7000) умножить на 20.Получается 140 000 в год. Твой проект должен приносить как минимум столько. Объясняешь это тем, что система автоматизирует работу нескольких человек, и компания экономит на зарплатах.  **Как собрать актуальный стек** Парсишь 100 вакансий на hhru или LinkedIn, смотришь, какие технологии чаще всего требуются, берёшь топ-10 и вставляешь в резюме. Больше подробностей на [нашем ""валютном блоке"" в курсах ПРО.](https://t.me/postypashki_old/1859) ➡️[** Записаться**](https://t.me/m/p94YcePXNjcy)  **Подписаться: ****@chad_protocol**";5970.0;0;;12027;https://t.me/botalkaaa;0;1;124.0;
2026-08-30 14:16:42+00:00;148369;;Боталка(Студенты) — Поступашки;1866807276;;6040373192;а по андроиду где вообще первую стажировку вы находили?;;1;;12027;https://t.me/botalkaaa;0;0;;
2026-08-30 14:12:26+00:00;148368;148366;Боталка(Студенты) — Поступашки;1866807276;;6040373192;честно говоря, я как раз писал отбор на авито сейчас, у меня не такой уровень котлина как они хотят честно говоря, мне бы его подтянуть, а я лучше учусь на чем-то структурированном, когда единый курс есть;;;;12027;https://t.me/botalkaaa;0;0;;
2026-08-30 14:11:33+00:00;148367;148364;Боталка(Студенты) — Поступашки;1866807276;;1627316505;Да как будто уже стажку искать с таким набором можно, тот же Авито набор же у них;;;;12027;https://t.me/botalkaaa;0;0;;
2026-08-30 14:01:24+00:00;148366;148364;Боталка(Студенты) — Поступашки;1866807276;;449324117;почему ты не ищешь работу/не идешь на стажки?;;;;12027;https://t.me/botalkaaa;0;0;;
2026-08-30 13:59:46+00:00;148365;148364;Боталка(Студенты) — Поступашки;1866807276;;449324117;у тебя какой уровень сейчас? была на яндексе, даблтапе, синаре и просто на кемпах;;;;12027;https://t.me/botalkaaa;0;0;;
2026-08-30 13:35:41+00:00;148364;;Боталка(Студенты) — Поступашки;1866807276;;6040373192;Друзья, вопрос к тем, кто занимается мобильной разработкой, вот на каких курсах вы учились, если такие были? Я говорю именно про разработку под Android, в свое время я проходил школу от Самснуга, начинал еще хендбук от яндекса делать, что можете посоветовать?;;4;;12027;https://t.me/botalkaaa;0;0;;
2026-08-30 10:01:46+00:00;148353;148332;Боталка(Студенты) — Поступашки;1866807276;;349396350;У нас в компании некоторые сотрудники из отдела так и работают, это нужно договариваться с начальником;;;;12027;https://t.me/botalkaaa;0;0;;
2026-08-30 09:17:19+00:00;148350;;Боталка(Студенты) — Поступашки;1866807276;;8763894822;Привет! Кто нибудь уже решал обновленный ML контест в яндекс или кто бы хотел вместе решить?;;0;;12027;https://t.me/botalkaaa;0;0;;
2026-08-30 07:22:10+00:00;148349;;Боталка(Студенты) — Поступашки;1866807276;;619229681;**Через 2 часа начинаем вебинар про ИИ-агентов 👀**  Вебинар ведёт **AIOps-инженер из WB**, который сам работает с агентными системами и может нормально рассказать, как это выглядит в реальных задачах.  Так что если у вас накопились вопросы про агентов, приносите их на вебинар. Особенно если уже работаете в backend / ML / аналитике / разработке и думаете, стоит ли докручивать этот навык.  **Стартуем сегодня в 12:00 мск.** ** Ссылка: ****https://telemost.yandex.ru/live/b351da7fb10d48d98ae931f2f505284d**;0.0;1;;12027;https://t.me/botalkaaa;0;1;0.0;
2026-08-29 11:42:07+00:00;148332;;Боталка(Студенты) — Поступашки;1866807276;;6536544131;Кто-то устраивался по кросс-биллингу? Например, оформиться на дочку, где есть айти отсрочка, но работать в главной компании где ее нет?;;1;;12027;https://t.me/botalkaaa;0;0;;
2026-08-29 11:27:44+00:00;148330;;Боталка(Студенты) — Поступашки;1866807276;;7257733616;Всем привет!  А кто-нибудь проходил финальный, очный собес в сбер на позицию ML (NLP) engineer?;;0;;12027;https://t.me/botalkaaa;0;0;;
2026-08-29 10:06:13+00:00;148327;;Боталка(Студенты) — Поступашки;1866807276;;304059711;Всем привет!  А кто-нибудь проходил стажу на DS в альфу? Что могут спросить по python, sql, математике, классик мл? (мб примеры есть);;0;;12027;https://t.me/botalkaaa;0;0;;
2026-08-28 17:03:38+00:00;148308;;Боталка(Студенты) — Поступашки;1866807276;;619229681;**Что спрашивают про трансформеры на собесах в 2026 году **  Собрал вопросы по горячим следам: с собесов [наших студентов](https://t.me/postypashki_old/1859), чтобы вы знали к чему готовиться.   **1. Предобработка: BPE и тд** Эти вопросы чаще летят в ML Ops или в ML SWE, но и чистым моделистам тоже могут прилететь. Суть реализовать какой-нибудь пайплайн обработки данных. Самый частый гость токенизация через BPE. BPE красивый и интуитивный алгоритм, но реализация требует возни со словарями, списками и краевыми случаями.  ** 2. Классика: написать self-attention на NumPy** Удивительно, но задача «напишите ванильный self-attention» до сих пор жива. Причём в том же виде, что и пару лет назад. И, что ещё удивительнее, многие кандидаты с ней не справляются. Но суть не в том, чтобы просто написать код. Это только повод для дискуссии. Дальше начинаются детали: • зачем вообще нормировать QK на корень из размерности? • как сделать softmax стабильным численно? • как посчитать Q, K, V одной матричной операцией?  **3. Сэмплинг** Greedy Decoding - это для дебага. В продакшне используют вероятностные методы, и интервьюеры это знают. Поэтому сейчас часто спрашивают про стратегии сэмплинга. Самый популярный вариант: top-p. Хорошие примеры реализации можно найти на разных ресурсах (например, ComfyAI, там вообще кладезь). Кстати, полезно уверенно владеть матричными фреймворками: Torch, NumPy, JAX. Чтобы если попросят реализовать что-то нестандартное (типа min-p), не растеряться.  ** 4. Inference Loop** Здесь проверяют, как вы взаимодействуете с архитектурой модели на уровне тензоров. На вход: тензоры, на выход — тензоры. Но есть нюансы: надо хранить кэш, логиты, ещё что-то. Это требует детального понимания того, как трансформер работает внутри. Полезно порешать похожие задачи на специализированных платформах (например, NeetCode). Там есть задачи и про GPT.  ** 5. ML Debugging** Самый свежий формат. Вам дают ноутбук с кодом нейросети или пайплайном и просят найти баги. Всё. Я встречал такой формат в зарубежных бигтехах. Дали код GPT2, где было сломано буквально всё: модель выдавала NaN на второй итерации. Надо было поправить и добиться адекватного падения лосса. Другой кейс — модель выдавала разные ответы на одни и те же входы. Надо было найти все источники недетерминированности.  Еще больше вопрос в нашем открытом банке собесов и тестовых заданий: смотрите на [сайте](https://old.postypashki.ru/%D0%BC%D0%B0%D1%88%D0%B8%D0%BD%D0%BD%D0%BE%D0%B5-%D0%BE%D0%B1%D1%83%D1%87%D0%B5%D0%BD%D0%B8%D0%B5/).   **Подписаться: ****@zadachi_ds**;4898.0;0;;12027;https://t.me/botalkaaa;0;1;178.0;
2026-08-27 17:07:11+00:00;148275;148274;Боталка(Студенты) — Поступашки;1866807276;;6056655275;Грац!;;;;12027;https://t.me/botalkaaa;0;0;;
2026-08-27 15:51:04+00:00;148274;148273;Боталка(Студенты) — Поступашки;1866807276;;1596071435;Привет, получил офер;;;;12027;https://t.me/botalkaaa;0;0;;
2026-08-27 15:50:27+00:00;148273;147887;Боталка(Студенты) — Поступашки;1866807276;;934192145;как  успехи у тебя?;;;;12027;https://t.me/botalkaaa;0;0;;
2026-08-27 15:46:51+00:00;148272;;Боталка(Студенты) — Поступашки;1866807276;;5207915790;Всем привет! Мб есть у кого инфа что спрашивают на техинтервью в яшку на стажку ML?;;0;;12027;https://t.me/botalkaaa;0;0;;
2026-08-27 15:46:32+00:00;148271;;Боталка(Студенты) — Поступашки;1866807276;;666977779;Хвхввхвхвх;;0;;12027;https://t.me/botalkaaa;0;0;;
2026-08-27 15:44:32+00:00;148269;148262;Боталка(Студенты) — Поступашки;1866807276;;1627316505;Смотря что хочешь, гошка все новое, жаба это ентерпрайс и старое, но стабильно, жаба много где нужен не смотря на новые хайпы на какие-то яп, если где-то не прав, приму критику;;;;12027;https://t.me/botalkaaa;0;0;;
2026-08-27 15:42:56+00:00;148268;148266;Боталка(Студенты) — Поступашки;1866807276;;299567150;Почему, сейчас много компаний на гошке новые сервисы пишут. Другое дело, если жаба претит тебе сильно (не нравится писать довольно унылый энтерпрайз)/гошка очень сильно нравится (хотя на ней все еще очень часто условные круды пишут лул), перекатываться я бы не стал. Но тебе никто не мешает на гошке писать петпроекты как хобби, а работать на джаве условной;;;;12027;https://t.me/botalkaaa;0;0;;
2026-08-27 15:38:42+00:00;148266;148265;Боталка(Студенты) — Поступашки;1866807276;;666977779;Вот я и думаю, так то го вкуснятина и мне нравится, но на джаву в разы больше позиций и на го никто кроме бегтеха пересаживаться не будет как будто;;;;12027;https://t.me/botalkaaa;0;0;;
2026-08-27 15:37:52+00:00;148265;148262;Боталка(Студенты) — Поступашки;1866807276;;299567150;Рынок жабы все еще огромный (больше, чем у гошки очев) Кто-то прогнозирует, что будет уменьшаться, но whoever knows Есть нюанс правда, что на жабе часто кровавое легаси в энтерпрайзе и это не звучит круто, модно, молодежно. Но если у тебя цель найти работу, why not;;;;12027;https://t.me/botalkaaa;0;0;;
2026-08-27 15:36:23+00:00;148264;148263;Боталка(Студенты) — Поступашки;1866807276;;1661792990;верное решение;;;;12027;https://t.me/botalkaaa;0;0;;
2026-08-27 15:35:36+00:00;148263;;Боталка(Студенты) — Поступашки;1866807276;;-1;Изучать сварку будет умней;;1;;12027;https://t.me/botalkaaa;0;0;;
2026-08-27 15:32:44+00:00;148262;;Боталка(Студенты) — Поступашки;1866807276;;666977779;На сколько умно послать го и начать джаву учить;;4;;12027;https://t.me/botalkaaa;0;0;;
2026-08-27 15:18:04+00:00;148259;;Боталка(Студенты) — Поступашки;1866807276;;447454054;Господа, добрый день! Не совсем представляю, как выглядят рефки, но нашел хорошую [вакансию](https://hh.ru/vacancy/132623170) в Сбер2В (нашел только на ХХ, на сайте Сбера такой нет, почему-то) Товарищи, работающие в Сбере (не представляю, с любого ли направления можно рефать в Сбер2В), можете, пожалуйста, зарефать меня? Резюме скину в личку Спасибо!;;0;;12027;https://t.me/botalkaaa;0;0;;
2026-08-27 15:01:25+00:00;148258;148255;Боталка(Студенты) — Поступашки;1866807276;;7467126466;он в сербии живет, раньше жил в канале, он в инсте сторисы каждый день записывает как кофе разное пьет;;;;12027;https://t.me/botalkaaa;0;0;;
2026-08-27 14:16:00+00:00;148256;148255;Боталка(Студенты) — Поступашки;1866807276;;464082759;хорошо дружище :);;;;12027;https://t.me/botalkaaa;0;0;;
2026-08-27 14:13:01+00:00;148255;148253;Боталка(Студенты) — Поступашки;1866807276;;470013456;А че алоха ща с кайфом сидит чиллит в америке;;;;12027;https://t.me/botalkaaa;0;0;;
2026-08-27 14:03:13+00:00;148253;148244;Боталка(Студенты) — Поступашки;1866807276;;464082759;u'll end like this;;;;12027;https://t.me/botalkaaa;0;0;;
2026-08-27 09:52:16+00:00;148245;148228;Боталка(Студенты) — Поступашки;1866807276;;8629553944;Только теперь пет-проект нужен не просто “с базой”, а с полным лейкхаусом и AI-агентом сверху для галочки);;;;12027;https://t.me/botalkaaa;0;0;;
2026-08-27 09:49:22+00:00;148244;148243;Боталка(Студенты) — Поступашки;1866807276;;470013456;Зато я счастливый;;;;12027;https://t.me/botalkaaa;0;0;;
2026-08-27 09:48:18+00:00;148243;148242;Боталка(Студенты) — Поступашки;1866807276;;464082759;кринге;;;;12027;https://t.me/botalkaaa;0;0;;
2026-08-27 09:45:28+00:00;148242;148233;Боталка(Студенты) — Поступашки;1866807276;;470013456;Закатился в покер;;;;12027;https://t.me/botalkaaa;0;0;;
2026-08-27 09:32:56+00:00;148239;148235;Боталка(Студенты) — Поступашки;1866807276;;470013456;Еще получаю ща на 4 курсе буду;;;;12027;https://t.me/botalkaaa;0;0;;
2026-08-27 08:19:57+00:00;148237;148232;Боталка(Студенты) — Поступашки;1866807276;;934192145;А получалось закатиться?;;;;12027;https://t.me/botalkaaa;0;0;;
2026-08-27 08:06:50+00:00;148235;148232;Боталка(Студенты) — Поступашки;1866807276;;1171499139;А образование профильное было?;;;;12027;https://t.me/botalkaaa;0;0;;
2026-08-27 08:02:51+00:00;148233;148232;Боталка(Студенты) — Поступашки;1866807276;;1095609304;куда выкатился?;;;;12027;https://t.me/botalkaaa;0;0;;
2026-08-27 07:32:15+00:00;148232;148228;Боталка(Студенты) — Поступашки;1866807276;;470013456;Не братан, мне похуй я уже выкатился из айти);;;;12027;https://t.me/botalkaaa;0;0;;
2026-08-27 06:44:56+00:00;148228;72343;Боталка(Студенты) — Поступашки;1866807276;;934192145;Щас пет проект создам с самыми актуальными технологиями чтобы дали оффер и короч ууух как в 2018 вкат в айтишечку за пару пет проектиков;;;;12027;https://t.me/botalkaaa;0;0;;
2026-08-26 13:04:37+00:00;148207;;Боталка(Студенты) — Поступашки;1866807276;;7475081952;Ребят, а что спрашивают на собесах в яндекс на стажировку DevOps? Кто-то знает? Тоже алгосы или ещё что-то?;;0;;12027;https://t.me/botalkaaa;0;0;;
2026-08-26 12:16:47+00:00;148203;;Боталка(Студенты) — Поступашки;1866807276;;619229681;**Ищем алгоритмистов!**  Товарищи, Поступашкам нужны контент мейкеры в [основной канал](http://t.me/postypashki_old) по алгоритмам. Если вы творческая личность, интересующейся алгоритмами (или другим), вам нравится писать посты/ придумывать идеи для контента, то обязательно пишите @vice22821. Оплата сдельная, ориентировочно за один пост от 2 тыс до 15 тыс рублей.  Обязательно делитесь с ребятами, которым это может быть интересно.;;0;;12027;https://t.me/botalkaaa;0;0;;
2026-08-25 18:52:29+00:00;148190;;Боталка(Студенты) — Поступашки;1866807276;;619229681;Разбираю полный цикл мл собесов в Яндекс по методичкам. Смотрим! Смотрим!    https://youtube.com/shorts/8-lDTEoIKJg?feature=share;4198.0;0;;12027;https://t.me/botalkaaa;0;1;49.0;
2026-08-25 17:56:25+00:00;148188;;Боталка(Студенты) — Поступашки;1866807276;;1485427289;И никого это не удивило;;0;;12027;https://t.me/botalkaaa;0;0;;
2026-08-25 17:54:57+00:00;148187;148181;Боталка(Студенты) — Поступашки;1866807276;;1485427289;Я правильно понял что работу сравнили с образовательной программой?;;;;12027;https://t.me/botalkaaa;0;0;;
2026-08-25 17:37:02+00:00;148186;148185;Боталка(Студенты) — Поступашки;1866807276;;1171499139;Спасибо;;;;12027;https://t.me/botalkaaa;0;0;;
2026-08-25 17:33:55+00:00;148185;148184;Боталка(Студенты) — Поступашки;1866807276;;8723406376;MediaMessage;;;;12027;https://t.me/botalkaaa;0;0;;
2026-08-25 17:29:07+00:00;148184;148181;Боталка(Студенты) — Поступашки;1866807276;;1171499139;Так это интенсив, а Шад это 1-2 года маги;;;;12027;https://t.me/botalkaaa;0;0;;
2026-08-25 17:26:34+00:00;148183;148179;Боталка(Студенты) — Поступашки;1866807276;;706164601;Ты сам своего рода дегустатор 💀;;;;12027;https://t.me/botalkaaa;0;0;;
2026-08-25 17:16:47+00:00;148182;;Боталка(Студенты) — Поступашки;1866807276;;7022501271;Напишите в лс, кто в СКФУ учиться пж;;0;;12027;https://t.me/botalkaaa;0;0;;
2026-08-25 17:15:55+00:00;148181;148142;Боталка(Студенты) — Поступашки;1866807276;;1194810978;ml research residency;;;;12027;https://t.me/botalkaaa;0;0;;
2026-08-25 17:11:10+00:00;148179;148135;Боталка(Студенты) — Поступашки;1866807276;;6766156875;Ты что там куришь брат? Хочу попробовать, раскумариться;;;;12027;https://t.me/botalkaaa;0;0;;
2026-08-25 17:03:52+00:00;148178;148135;Боталка(Студенты) — Поступашки;1866807276;;8837705956;Конечно ШАД это не кванты, но там есть алгоритмы которые будут полезны для алго собесов в квант, там есть мат программы которые будут полезны для кванта;;;;12027;https://t.me/botalkaaa;0;0;;
2026-08-25 16:26:06+00:00;148170;;Боталка(Студенты) — Поступашки;1866807276;;7795951181;Народ, а кого-то уже звали на собесы в стажку тиньки?;;0;;12027;https://t.me/botalkaaa;0;0;;
2026-08-25 16:19:34+00:00;148167;148138;Боталка(Студенты) — Поступашки;1866807276;;8723406376;Яндекс практикум;;;;12027;https://t.me/botalkaaa;0;0;;
2026-08-25 16:12:57+00:00;148165;148138;Боталка(Студенты) — Поступашки;1866807276;;572493756;Мне тоже интересно;;;;12027;https://t.me/botalkaaa;0;0;;
2026-08-25 16:11:07+00:00;148164;148161;Боталка(Студенты) — Поступашки;1866807276;;797692063;1. Ты знаешь что-то про Listee?  2. Ты за движуху?;;;;12027;https://t.me/botalkaaa;0;0;;
2026-08-25 16:10:14+00:00;148163;148161;Боталка(Студенты) — Поступашки;1866807276;;5696901292;Втф;;;;12027;https://t.me/botalkaaa;0;0;;
2026-08-25 16:03:36+00:00;148161;;Боталка(Студенты) — Поступашки;1866807276;;836730128;Кто-нибудь знает, на какие вопросы надо будет ответить на видеоинтервью при отборе на стажку в Авито?;;2;;12027;https://t.me/botalkaaa;0;0;;
2026-08-25 13:49:39+00:00;148150;148147;Боталка(Студенты) — Поступашки;1866807276;;8629553944;Видимо на этот раз отбор был честный без бустов за “правильный” бейдж;;;;12027;https://t.me/botalkaaa;0;0;;
2026-08-25 13:26:15+00:00;148147;;Боталка(Студенты) — Поступашки;1866807276;;6393788691;вот он, большой спорт) ни одного яндексоидной национальности;;1;;12027;https://t.me/botalkaaa;0;0;;
2026-08-25 13:24:00+00:00;148146;148144;Боталка(Студенты) — Поступашки;1866807276;;74216408;2 рф, 2 кз и македонец;;;;12027;https://t.me/botalkaaa;0;0;;
2026-08-25 13:23:58+00:00;148145;;Боталка(Студенты) — Поступашки;1866807276;;935597178;там 0 яндексоидов в команде;;0;;12027;https://t.me/botalkaaa;0;0;;
2026-08-25 13:23:36+00:00;148144;148143;Боталка(Студенты) — Поступашки;1866807276;;6393788691;а в Team Yandex только яндексоиды играют вообще или как?;;;;12027;https://t.me/botalkaaa;0;0;;
2026-08-25 13:22:57+00:00;148143;;Боталка(Студенты) — Поступашки;1866807276;;935597178;обучалка в доте2;;2;;12027;https://t.me/botalkaaa;0;0;;
2026-08-25 13:21:58+00:00;148142;148135;Боталка(Студенты) — Поступашки;1866807276;;6393788691;а какая топ 1 тогда?;;;;12027;https://t.me/botalkaaa;0;0;;
2026-08-25 13:20:16+00:00;148141;148140;Боталка(Студенты) — Поступашки;1866807276;;1194810978;на самом деле это симптом гиперсоревновательной культуры айти, которая сложилась в бигтех и квант компаниях, когда все кто тупее не заслуживают жить а хорошие только топ 1%;;;;12027;https://t.me/botalkaaa;0;0;;
2026-08-25 13:18:38+00:00;148140;148133;Боталка(Студенты) — Поступашки;1866807276;;1841974524;Ахахаха как же я угараю с тейков ну вот все кто в it 99% ну вы тупые, а вот <1% кванты это реально что то выше уровня обезьяны, при этом большинство в этом чате не могут найти работу в it даже для подсоса Это из разряда: -Всё фигня кроме квантов, все неудачники! -Ты кем работаешь? -А я гавночист!;;;;12027;https://t.me/botalkaaa;0;0;;
2026-08-25 13:17:46+00:00;148139;148135;Боталка(Студенты) — Поступашки;1866807276;;1663223505;А касаемо лучшей программы от Яндекса - вы про что?;;;;12027;https://t.me/botalkaaa;0;0;;
2026-08-25 13:17:41+00:00;148138;148135;Боталка(Студенты) — Поступашки;1866807276;;545366664;а какая есть у яндекса более крутая образовательная программа?;;;;12027;https://t.me/botalkaaa;0;0;;
2026-08-25 13:16:34+00:00;148137;148135;Боталка(Студенты) — Поступашки;1866807276;;1663223505;Ну, там не просто так существуют 2 предмета по теории вероятностей и статистике, плюсЫ. Алгосы, математика)) Так что вполне себе хороший фундамент;;;;12027;https://t.me/botalkaaa;0;0;;
2026-08-25 13:14:48+00:00;148136;148135;Боталка(Студенты) — Поступашки;1866807276;;1663223505;Я и не говорю что ШАД кванты, но прежде чем пойти на собес на кванты - надо пройти собес в ШАД;;;;12027;https://t.me/botalkaaa;0;0;;
2026-08-25 13:14:26+00:00;148135;148134;Боталка(Студенты) — Поступашки;1866807276;;1194810978;ШАД это не кванты. там не готовят квантов. это даже не самая крутая образовательная программа у яндекса.;;;;12027;https://t.me/botalkaaa;0;0;;
2026-08-25 13:07:48+00:00;148134;148133;Боталка(Студенты) — Поступашки;1866807276;;1663223505;Хм.. Конечно, мб рано ещё беспокоиться, но чёт страшно за собесы, тот же ШАД мб. Можно набить кф 1500 рейтинга но не догадаться до задачи, это будет обидно.. Причем самое тупое именно на собесе, ибо экзамен скорее всего математикой итак возьмётся;;;;12027;https://t.me/botalkaaa;0;0;;
2026-08-25 12:48:13+00:00;148133;148117;Боталка(Студенты) — Поступашки;1866807276;;1194810978;смотря куда ты пытаешься запрыгнуть. большинству компаний очевидно не нужен CF гений, им нужен ~~тупой гошник бэкендер~~ ответственный но достаточно средний инженер, в квантах я представляю ситуация может быть другой но мне кажется быдло уже как пару лет зашарило за кванты и теперь там как везде;;;;12027;https://t.me/botalkaaa;0;0;;
2026-08-25 12:46:55+00:00;148132;148131;Боталка(Студенты) — Поступашки;1866807276;;585597628;Da;;;;12027;https://t.me/botalkaaa;0;0;;
2026-08-25 12:46:46+00:00;148131;148129;Боталка(Студенты) — Поступашки;1866807276;;935597178;а ТА это темплар ассасин?;;;;12027;https://t.me/botalkaaa;0;0;;
2026-08-25 12:45:39+00:00;148130;;Боталка(Студенты) — Поступашки;1866807276;;5775360356;насколько жоско сб в авито проходит?;;0;;12027;https://t.me/botalkaaa;0;0;;
2026-08-25 12:45:18+00:00;148129;148117;Боталка(Студенты) — Поступашки;1866807276;;8629553944;Обычно все же на знание конкретного паттерна/алгоритма, а не олимпиадный инсайт с нуля - это все таки не CF раунд;;;;12027;https://t.me/botalkaaa;0;0;;
2026-08-25 12:01:27+00:00;148124;;Боталка(Студенты) — Поступашки;1866807276;;619229681;**Выходим на новый уровень с линейкой ****1️⃣****1️⃣****1️⃣**  Товарищи, если база уже есть, то следующий шаг — углубиться в специализацию, закрыть пробелы, освоить новые инструменты и стать сильнее как специалист.  Для этого мы запускаем **ПРО** — углублённые карьерные курсы для тех, кто хочет качать карьеру и заработок! Для записи и вопросов — [**пишите менеджеру**](https://t.me/m/p94YcePXNjcy)  📎**Курсы ПРО** **подойдут тем, кто:**  — уже знает основы и хочет глубже разобраться в своей специализации — хочет перейти с junior на middle и расти дальше — готовится к собеседованиям на более сильные позиции — хочет сменить роль и добрать недостающие навыки — уже на старте имеет сильную базу и хочет целиться выше стажёрских и junior-позиций  **➡️****Действует гарантия: **прошел курс, выполнил все рекомендации, но не получил оффер — вернем деньги ➡️**Курс длится** **6 недель**: теория, практика, домашние задания и пет-проект. Всё это время рядом преподаватель и куратор.  **Открываем сразу 5 направлений:**  ➡️[**Аналитика ПРО**](https://old.postypashki.ru/%D0%BA%D0%B0%D1%80%D1%8C%D0%B5%D1%80%D0%BD%D1%8B%D0%B5-%D0%BA%D1%83%D1%80%D1%81%D1%8B/%D0%B0%D0%BD%D0%B0%D0%BB%D0%B8%D1%82%D0%B8%D0%BA%D0%B0-%D1%85%D0%B0%D1%80%D0%B4/) Продвинутый SQL, A/B-тесты, эконометрика, Causal Inference и ML.  ➡️[**ML ПРО**](https://old.postypashki.ru/%D0%BA%D0%B0%D1%80%D1%8C%D0%B5%D1%80%D0%BD%D1%8B%D0%B5-%D0%BA%D1%83%D1%80%D1%81%D1%8B/ml-%D1%85%D0%B0%D1%80%D0%B4/) Вывод модели в прод, MLOps, рекомендательные системы, ранжирование, uplift и динамическое преобразование.  ➡️[**Backend ПРО**](https://old.postypashki.ru/%D0%BA%D0%B0%D1%80%D1%8C%D0%B5%D1%80%D0%BD%D1%8B%D0%B5-%D0%BA%D1%83%D1%80%D1%81%D1%8B/backend-%D1%85%D0%B0%D1%80%D0%B4/) Многопоточка, System Desgin, Микросервисы, базы данных, кеширование, мониторинг и распределённые системы.  ➡️[**Алгоритмы ПРО**](https://old.postypashki.ru/%D0%BA%D0%B0%D1%80%D1%8C%D0%B5%D1%80%D0%BD%D1%8B%D0%B5-%D0%BA%D1%83%D1%80%D1%81%D1%8B/%D0%B0%D0%BB%D0%B3%D0%BE%D1%80%D0%B8%D1%82%D0%BC%D1%8B-%D1%85%D0%B0%D1%80%D0%B4/) Продвинутые алгоритмы и задачи для сложных технических интервью в hft фонды, faang+, для олимпиад и контестов.  ➡️[**ИИ-агенты ПРО **](https://old.postypashki.ru/%D0%BA%D0%B0%D1%80%D1%8C%D0%B5%D1%80%D0%BD%D1%8B%D0%B5-%D0%BA%D1%83%D1%80%D1%81%D1%8B/ai-%D0%B0%D0%B3%D0%B5%D0%BD%D1%82%D1%8B-%D0%BF%D1%80%D0%BE/) Будем разбираться не просто в LLM. Вы научитесь проектировать полноценные агентные системы и за курс соберём **5 собственных AI-агентов** и пройдём весь путь от архитектуры и инструментов до работы с RAG, multi-agent системами, MCP, evals и деплоем. ** В программу всех курсов войдет:** 🔵закрытый банк вопросов с интервью топовых бигтехов 🔵разбор ближайшей стажировки в Т-банк и Яндекс  🔵mock-собеседования с обратной связью 🔵рефералка в бигтех после защиты пет-проекта 🔵карьерная стратегия: резюме, поиск вакансий, подготовка к HR секциям  💰**Бонус для всех записавшихся до 23.08 — курс про поиск валютной удалёнки и работы за рубежом в подарок**;;0;;12027;https://t.me/botalkaaa;0;0;;
2026-08-25 10:19:31+00:00;148122;;Боталка(Студенты) — Поступашки;1866807276;;1663223505;А то все пугают что там на собесах очень муторные задачи, интересно мб кто знает примеры задач или есть какая то база;;0;;12027;https://t.me/botalkaaa;0;0;;
2026-08-25 10:10:57+00:00;148121;148120;Боталка(Студенты) — Поступашки;1866807276;;1663223505;Управление риском;;;;12027;https://t.me/botalkaaa;0;0;;
2026-08-25 10:09:46+00:00;148120;;Боталка(Студенты) — Поступашки;1866807276;;935597178;что такое хэдж;;1;;12027;https://t.me/botalkaaa;0;0;;
2026-08-25 10:07:53+00:00;148119;148118;Боталка(Студенты) — Поступашки;1866807276;;1663223505;Ну просто поступашки пугали задачами на собесах в хэдж фонды ~2к рейтинга кф Поэтому мне больше интересно узнать: 2к это чисто ориентировочно сложность алгоса, или задача вычурная;;;;12027;https://t.me/botalkaaa;0;0;;
2026-08-25 10:06:46+00:00;148118;148117;Боталка(Студенты) — Поступашки;1866807276;;935597178;на собесах не бывает задач прям как с кфа, просто какие-то базовые алгоритмы;;;;12027;https://t.me/botalkaaa;0;0;;
2026-08-25 10:01:02+00:00;148117;;Боталка(Студенты) — Поступашки;1866807276;;1663223505;Задачи с алгособесов это больше про что то нестандартное, как, например на CF или же просто на знание определенного алгоритма? Если мы берём собесы на infra или quant. Просто выжать из себя какую нибудь неочевидную задачу звучит как то тяжко, за 20-30 минут то;;25;;12027;https://t.me/botalkaaa;0;0;;
2026-08-25 09:59:01+00:00;148116;148115;Боталка(Студенты) — Поступашки;1866807276;;2070440155;Да все равно там Эйчарочки все смотрят и АТС фильтры. На следующих этапах уже по хардам гоняют и в глобально оценивают твою способность думать;;;;12027;https://t.me/botalkaaa;0;0;;
2026-08-25 09:50:59+00:00;148115;148111;Боталка(Студенты) — Поступашки;1866807276;;7436811879;Приличный работодатель зачастую сам учился в МГУ) ну или ему есть у кого спросить посмотрев просто по сторонам. По крайней мере в Москве и в бигтехах;;;;12027;https://t.me/botalkaaa;0;0;;
2026-08-25 09:33:10+00:00;148114;;Боталка(Студенты) — Поступашки;1866807276;;1085033961;Да вы че как маленькие, можно хорошие вещи делать и в слабом вузе и в хорошем вузе;;0;;12027;https://t.me/botalkaaa;0;0;;
2026-08-25 09:32:01+00:00;148113;148111;Боталка(Студенты) — Поступашки;1866807276;;879367009;Людям с мехмата/ВМК не приходится прям уж всё ботать самим, ИМХО, если мы про какую-то интересную работу и/или тот же ШАД, в отличие от большинства факультетов (но надпись помогала не раз, это правда, даже если факультет вообще не релевантный);;;;12027;https://t.me/botalkaaa;0;0;;
2026-08-25 09:23:16+00:00;148111;148107;Боталка(Студенты) — Поступашки;1866807276;;2070440155;А какая разница, если для работы все равно нужно всё ботать самому? Работодатели не шарят за различия между факультетами и тем более кафедрами, им хватает в резюме надписи МГУ;;;;12027;https://t.me/botalkaaa;0;0;;
2026-08-25 09:03:05+00:00;148107;148103;Боталка(Студенты) — Поступашки;1866807276;;879367009;МГУ оч большой и разный, многое зависит от факультета и даже кафедры, может различаться почти всё кроме физры;;;;12027;https://t.me/botalkaaa;0;0;;
2026-08-25 08:59:58+00:00;148104;148103;Боталка(Студенты) — Поступашки;1866807276;;729244559;Ну разве что престиж и все дела;;;;12027;https://t.me/botalkaaa;0;0;;
2026-08-25 08:59:08+00:00;148103;148048;Боталка(Студенты) — Поступашки;1866807276;;1489826664;А почему не рекомендуешь? Престиж там все дела;;;;12027;https://t.me/botalkaaa;0;0;;
2026-08-25 08:55:32+00:00;148102;148101;Боталка(Студенты) — Поступашки;1866807276;;1171499139;😁😁😁😁;;;;12027;https://t.me/botalkaaa;0;0;;
2026-08-25 08:54:54+00:00;148101;148100;Боталка(Студенты) — Поступашки;1866807276;;703773606;ахахах;;;;12027;https://t.me/botalkaaa;0;0;;
2026-08-25 08:54:31+00:00;148100;148099;Боталка(Студенты) — Поступашки;1866807276;;1171499139;Машенька😭;;;;12027;https://t.me/botalkaaa;0;0;;
2026-08-25 08:50:53+00:00;148099;;Боталка(Студенты) — Поступашки;1866807276;;703773606;всем привет, а кто-то знает, во сколько приказы зачисления в магу вышка выкладывает обычно?;;3;;12027;https://t.me/botalkaaa;0;0;;
2026-08-24 16:27:15+00:00;148085;;Боталка(Студенты) — Поступашки;1866807276;;619229681;"**Подпивасный анализ рынка **  Короче, у нас сейчас проходят[ набор на курсы ПРО](https://t.me/postypashki_old/1859) и я одним вечером открыл по приколу HHRU и решил поанализировать.   **Общие впечатления ** За последние полгода количество вакансий на хх реально просело, вроде бы даже процентов на 25-30, но при этом вакансий, где прямо написано ""AI"", ""ML"", ""LLM"" стало только больше. Я сам перепроверял цифры: в начале 25-го было около 9 тысяч таких вакансий, сейчас уже под 11. И это при том, что общий рынок сдувается.  **AI-инженер - это просто бэкендер, который подружился с нейросетками** Я смотрел вакансию в S7. Там просто список технологий: vLLM, SGLang, векторные базы, FastAPI, очереди. Это же просто набор бэкенд-инструментов, где нейросеть выступает как черный ящик. То есть ты не учишь модели, ты просто умеешь написать сервис, который ходит в нейросетку по API, получает ответ и кладет его в базу. Как будто ты просто работаешь с какой-то внешней системой, только вместо обычного сервера у тебя LLM.  Или вот видел вакансию в «Дневнике.ру». Они пишут: строить агентов, интегрировать с инфраструктурой. Опять разработка. И по сути, если ты бэкендер на Python, знаешь FastAPI и умеешь работать с базами данных, то ты уже AI-инженер на 80%. Остальное это понимание как дергать LLM и куда складывать ответы. Поэтому ты, бэкенд питон разработчик, понял намек?   **А вот ML-инженер - это уже другое** Я посмотрел вакансии в Яндексе. Там реально хардкор. В одном месте аудиоязыковые модели. Нужно знать SFT, DPO, RLHF. Это техники дообучения, когда модельку учат специфическим хитрым способам, а не просто подают данные и говорят ""учись"". Тут уже математика и понимание того, как нейросети внутри устроены.  В другом роботы-доставщики. Нужно оптимизировать нейросетки под слабое железо, чтобы на CPU работали за доли миллисекунды. И доменные знания по навигации, локализации. Это уже не про ""пойти в API и получить ответ"", а про реальное инженерное мышление.  **А теперь самое интересное** Мне кажется рынок идет к тому, что AI-инженер и ML-инженер - это один и тот же человек. Я видел вакансию в Сбере, где название NLP and Backend. И там реально смесь: и FastAPI, и Kafka, и LangChain, и Transformers, и Pandas с NumPy. То есть человек должен уметь и бэкенд написать, и модельку дообучить, и все это задеплоить.  И знаете, у меня такое ощущение, что так и будет. Сейчас с вайб-кодингом писать бэкенд стало очень легко. А вот обучать модельки пока сложно автоматизировать  там слишком много нюансов, нужно смотреть на метрики, логи, эксперименты. Поэтому ценность как раз в ML-части.  **Что еще** • MLOps:  в бигтехах это отдельный человек, который выделяет GPU, настраивает пайплайны, чинит инфраструктуру. • AI-тренер: по сути разметчик данных. Нужен для специфических доменов, где модель не может сама себя проверить, например медицина или юриспруденция. • Промт-инженер: вообще смешная позиция. На деле часто оказывается обычным AI/ML-разработчиком. Я видел вакансию, где в требованиях FastAPI, RAG, агенты, а называется ""Промт-инженер"".  • Не ищите только «ML-инженера». Ищите по всем названиям: AI Engineer, NLP Engineer, LLM Engineer, Prompt Engineer. Везде примерно одно и то же. • И не бойтесь длинных списков технологий в вакансиях. Часто это сгенерировано нейросеткой и на деле требования намного проще. Хватит хорошего знания Python, FastAPI, базового понимания LLM и умения работать с инфраструктурой. • Вилки у всех примерно одинаковые   И да если пост понравился записывайся на курсы [МЛ ПРО](https://old.postypashki.ru/%D0%BA%D0%B0%D1%80%D1%8C%D0%B5%D1%80%D0%BD%D1%8B%D0%B5-%D0%BA%D1%83%D1%80%D1%81%D1%8B/ml-%D1%85%D0%B0%D1%80%D0%B4/) и[ Аи агенты ПРО](https://old.postypashki.ru/%D0%BA%D0%B0%D1%80%D1%8C%D0%B5%D1%80%D0%BD%D1%8B%D0%B5-%D0%BA%D1%83%D1%80%D1%81%D1%8B/ai-%D0%B0%D0%B3%D0%B5%D0%BD%D1%82%D1%8B-%D0%BF%D1%80%D0%BE/), будем из вас делать жестких быков осеменителей-тягочей рынка.  ➡️[** Записаться**](https://t.me/m/p94YcePXNjcy)  **Подписаться: ****@chad_protocol**";6208.0;0;;12027;https://t.me/botalkaaa;0;1;55.0;
2026-08-24 14:35:32+00:00;148081;148077;Боталка(Студенты) — Поступашки;1866807276;;5458077753;факты;;;;12027;https://t.me/botalkaaa;0;0;;
2026-08-24 14:32:01+00:00;148080;148079;Боталка(Студенты) — Поступашки;1866807276;;8629553944;😂👌🏻;;;;12027;https://t.me/botalkaaa;0;0;;
2026-08-24 14:30:47+00:00;148079;148078;Боталка(Студенты) — Поступашки;1866807276;;749866487;Ну тогда так и надо изъясняться, смысл же совершенно другой;;;;12027;https://t.me/botalkaaa;0;0;;
2026-08-24 14:29:31+00:00;148078;148077;Боталка(Студенты) — Поступашки;1866807276;;8629553944;Зачастую ребятам, которые пытаюсь дать денег прилетает почти сразу отчисление)  Я сказал лишь что это практикуется почти в каждом вузе (попытки дать денег);;;;12027;https://t.me/botalkaaa;0;0;;
2026-08-24 14:28:18+00:00;148077;148071;Боталка(Студенты) — Поступашки;1866807276;;749866487;Не стоит обобщать свой негативный опыт на все вузы нашей необъятной страны;;;;12027;https://t.me/botalkaaa;0;0;;
2026-08-24 13:45:55+00:00;148074;148072;Боталка(Студенты) — Поступашки;1866807276;;8629553944;🤷‍♂️;;;;12027;https://t.me/botalkaaa;0;0;;
2026-08-24 13:25:24+00:00;148073;148071;Боталка(Студенты) — Поступашки;1866807276;;701851215;Кринж;;;;12027;https://t.me/botalkaaa;0;0;;
2026-08-24 13:21:56+00:00;148072;;Боталка(Студенты) — Поступашки;1866807276;;8525858154;На платных направлениях с дагами на пупсовозах может быть... На нормальных такой хуйни нет;;1;;12027;https://t.me/botalkaaa;0;0;;
2026-08-24 13:20:32+00:00;148071;148070;Боталка(Студенты) — Поступашки;1866807276;;8629553944;Везде есть такие приколы);;;;12027;https://t.me/botalkaaa;0;0;;
2026-08-24 12:48:27+00:00;148070;148036;Боталка(Студенты) — Поступашки;1866807276;;5458077753;Аххаха таких приколов в МГУ нет);;;;12027;https://t.me/botalkaaa;0;0;;
2026-08-24 10:27:45+00:00;148068;148067;Боталка(Студенты) — Поступашки;1866807276;;7558591776;повезло);;;;12027;https://t.me/botalkaaa;0;0;;
2026-08-24 10:27:28+00:00;148067;148064;Боталка(Студенты) — Поступашки;1866807276;;549435572;у меня ни разу такого не было хах;;;;12027;https://t.me/botalkaaa;0;0;;
2026-08-24 10:26:35+00:00;148064;148049;Боталка(Студенты) — Поступашки;1866807276;;7558591776;никаких взяток, но книгу преподавателя вы должны купить и принести на экзамен, чтобы получить хотя бы 50 баллов, ага;;;;12027;https://t.me/botalkaaa;0;0;;
2026-08-24 10:07:03+00:00;148057;148048;Боталка(Студенты) — Поступашки;1866807276;;6362956317;почему;;;;12027;https://t.me/botalkaaa;0;0;;
2026-08-24 05:21:23+00:00;148049;148036;Боталка(Студенты) — Поступашки;1866807276;;549435572;Никаких взяток, у руководства вуза с этим всё строго   С посещением душно  С дз зависит от препода. Условно у меня было несколько предметов, которые полностью состояли из лабораторок. Первый преподаватель давал чуть ли не месяц на работу. А второй только две недели и обязательно защитить ему + даже если ты болел эти две недели, то это не уважительная причина и баллы за лабу теряешь   Хакатоны и прочая активность это больше про бакалавриат;;;;12027;https://t.me/botalkaaa;0;0;;
2026-08-24 05:12:31+00:00;148048;148047;Боталка(Студенты) — Поступашки;1866807276;;729244559;Я с МГУ. Платить никому не надо, но уник не рекомендую :);;;;12027;https://t.me/botalkaaa;0;0;;
2026-08-24 04:57:41+00:00;148047;148036;Боталка(Студенты) — Поступашки;1866807276;;8525858154;Много знакомых в МГУ, за 6 лет не было ни одного случая, когда кто-то кому-то платил;;;;12027;https://t.me/botalkaaa;0;0;;
2026-08-24 04:21:53+00:00;148046;;Боталка(Студенты) — Поступашки;1866807276;;978858897;У кого был собес на аналитика в альфу отпишите в лс пж😊;;0;;12027;https://t.me/botalkaaa;0;0;;
2026-08-24 02:20:28+00:00;148043;148042;Боталка(Студенты) — Поступашки;1866807276;;449324117;В лс;;;;12027;https://t.me/botalkaaa;0;0;;
2026-08-24 02:00:23+00:00;148042;;Боталка(Студенты) — Поступашки;1866807276;;8032400502;Кто-то учился в naumen? Легко ли отбор пройти? Недавно отправила тестовое задание до сих пор нет инфы, в какой срок они обычно отвечают?;;1;;12027;https://t.me/botalkaaa;0;0;;
2026-08-24 01:58:02+00:00;148041;148036;Боталка(Студенты) — Поступашки;1866807276;;7558591776;душат по посещаемости, часто отчисляют пачками, при этом на некоторых направлениях дают хорошую базу и реально чему-то учат, а на других 99% дисциплин это сделать презентацию и рассказать, и так весь семестр/год;;;;12027;https://t.me/botalkaaa;0;0;;
2026-08-23 22:37:00+00:00;148036;148034;Боталка(Студенты) — Поступашки;1866807276;;978295758;Хотелось бы понимать насколько сильно душат на сессии и в целом по домашкам. Не дергают ли занимаеться всякой фигнёй, типо добровольно-принудительного участия в хакатонах или конференциях. Есть ли жёсткий упор в непрофильные предметы? Ну и нету ли там таких же приколов, как, например, в МГИМО и МГУ, когда всей группой приходится скидываться преподу, чтоб предмет закрыть.  Буду признателен, если есть такие подробности);;;;12027;https://t.me/botalkaaa;0;0;;
2026-08-23 22:29:49+00:00;148035;148031;Боталка(Студенты) — Поступашки;1866807276;;978295758;А что там конкретно не так?;;;;12027;https://t.me/botalkaaa;0;0;;
2026-08-23 22:27:53+00:00;148034;148023;Боталка(Студенты) — Поступашки;1866807276;;549435572;Смотря какие ожидания закладывать;;;;12027;https://t.me/botalkaaa;0;0;;
2026-08-23 20:22:55+00:00;148031;148023;Боталка(Студенты) — Поступашки;1866807276;;7558591776;говнище;;;;12027;https://t.me/botalkaaa;0;0;;
2026-08-23 20:22:54+00:00;148030;;Боталка(Студенты) — Поступашки;1866807276;;1135091677;если использовал поделитесь плиз опытом тут или в личке;;0;;12027;https://t.me/botalkaaa;0;0;;
2026-08-23 20:21:42+00:00;148028;;Боталка(Студенты) — Поступашки;1866807276;;1135091677;привет ребятки, никто не использовал ghost gpt, хаксобес с прокторингом экзамус?;;0;;12027;https://t.me/botalkaaa;0;0;;
2026-08-23 14:46:35+00:00;148027;;Боталка(Студенты) — Поступашки;1866807276;;6526418210;Хорошая женщина;;0;;12027;https://t.me/botalkaaa;0;0;;
2026-08-23 14:43:11+00:00;148026;148023;Боталка(Студенты) — Поступашки;1866807276;;7626781670;Мамка твоя;;;;12027;https://t.me/botalkaaa;0;0;;
2026-08-23 13:27:44+00:00;148023;;Боталка(Студенты) — Поступашки;1866807276;;978295758;Привет. Есть кто в финашке учится в ИТиАБД? Интересно как мага проходит, ну или если на бакалавре учитесь, то хотя бы в целом про факультет рассказать;;28;;12027;https://t.me/botalkaaa;0;0;;
2026-08-22 15:54:26+00:00;148001;147975;Боталка(Студенты) — Поступашки;1866807276;;572493756;??;;;;12027;https://t.me/botalkaaa;0;0;;
2026-08-22 15:40:04+00:00;148000;;Боталка(Студенты) — Поступашки;1866807276;;619229681;"**Почему новичкам нужно уметь выводить модель в прод**  Классическая история  вкатуна? закончившего курс по DS в надеждке на 300к/наносек: добавил строчки в резюме, собрал пет-проекты в ноутбуках, пошёл по собесам. И первым же делом выясняется, что модель в Jupyter никому не нужна. Спрашивают, как ты её задеплоишь, как обновишь без даунтайма и как поймёшь, что она сломалась в проде.  **Давайте посмотрим на вакансии:** [ML-инженер, Росгосстрах](https://hh.ru/vacancy/130718551): Kubernetes, Docker, Airflow, MLflow, FastAPI [ML-инженер, Уралхим](https://hh.ru/vacancy/133530462): MLflow, Airflow, CI/CD для моделей, Prometheus и Grafana [MLOps-инженер, В Кадре](https://hh.ru/vacancy/135126247): MLflow обязателен, DVC, Kubeflow или Airflow И [таких вакансий сотни](https://hh.ru/vacancies/machine-learning-engineer)  Заметьте, это не сеньорские позиции. Это обычный прод, такой стек сейчас в каждой второй вакансии. Джун, который умеет докатить модель до прода, на собесе обходит джуна с десятью юпитер-ноутбуками. А по свежим обзорам рынка средняя вилка ML-инженера в России 280-450 тысяч, и попадают в неё именно те, кто дружит с инфраструктурой.  Поэтому мы тщательно проработали в новом курсе [ML PRO](https://t.me/postypashki_old/1859) тему вывода модели в прод. Кому курс зайдёт: - Джунам и стажёрам, которые хотят перейти от ноутбуков к боевым сервисам и расширить свой выбор вакансий, - DS-ам, которых на работе просят ""заверни модель в сервис"", а как именно, никто не рассказал, - Тем, кто метит в middle. Без прод-навыков грейд не поднимут, какие бы ни были метрики,  За 6 недель занятий руками собираем полный цикл: сервис на FastAPI, Docker, деплой в Kubernetes, CI/CD на GitHub Actions, MLflow с реестром моделей, DVC, пайплайны в Airflow, мониторинг в Grafana и отлов дрейфа. Отдельно дообучаем LLM и выкатываем её на GPU. Также ботаем такие важные темы как рекомендации, матчинг, MLOps, динамическое ценообразование и так далее. Закрываем всё занятием по карьере: резюме, собесы с HR и техничкой, поиск вакансий в России и зарубежом, LinkedIn.  На выходе у вас репозиторий, который поднимается одной командой, задеплоенная модель и внятные ответы на вопросы про прод. С этим уже можно ходить и на ML-инженера, и на MLOps, и на DS с инженерным уклоном.  ➡️[** Записаться**](https://t.me/m/p94YcePXNjcy)";4603.0;0;;12027;https://t.me/botalkaaa;0;1;61.0;
2026-08-22 12:01:32+00:00;147997;;Боталка(Студенты) — Поступашки;1866807276;;619229681;**Выходим на новый уровень с линейкой ****1️⃣****1️⃣****1️⃣**  Товарищи, у всех возникает вопрос: **что делать, чтобы качать карьеру и получать 300к/наносек?**   Для этого мы запускаем **ПРО** — курсы для тех, кто хочет претендовать на более сильные позиции, вырасти в грейде и зарабатывать больше! Для записи и вопросов — [**пишите менеджеру**](https://t.me/m/p94YcePXNjcy)  **➡️****Действует гарантия: **прошел курс, выполнил все рекомендации, но не получил оффер — вернем деньги ➡️**Курс длится** **6 недель**: теория, практика, домашние задания и пет-проект. Всё это время рядом преподаватель и куратор.  **Открываем сразу 5 направлений:**  ➡️[**Аналитика ПРО**](https://old.postypashki.ru/%D0%BA%D0%B0%D1%80%D1%8C%D0%B5%D1%80%D0%BD%D1%8B%D0%B5-%D0%BA%D1%83%D1%80%D1%81%D1%8B/%D0%B0%D0%BD%D0%B0%D0%BB%D0%B8%D1%82%D0%B8%D0%BA%D0%B0-%D1%85%D0%B0%D1%80%D0%B4/) Продвинутый SQL, A/B-тесты, эконометрика, Causal Inference и ML.  ➡️[**ML ПРО**](https://old.postypashki.ru/%D0%BA%D0%B0%D1%80%D1%8C%D0%B5%D1%80%D0%BD%D1%8B%D0%B5-%D0%BA%D1%83%D1%80%D1%81%D1%8B/ml-%D1%85%D0%B0%D1%80%D0%B4/) Вывод модели в прод, MLOps, рекомендательные системы, ранжирование, uplift и динамическое преобразование.  ➡️[**Backend ПРО**](https://old.postypashki.ru/%D0%BA%D0%B0%D1%80%D1%8C%D0%B5%D1%80%D0%BD%D1%8B%D0%B5-%D0%BA%D1%83%D1%80%D1%81%D1%8B/backend-%D1%85%D0%B0%D1%80%D0%B4/) Многопоточка, System Desgin, Микросервисы, базы данных, кеширование, мониторинг и распределённые системы. ➡️[**Алгоритмы ПРО**](https://old.postypashki.ru/%D0%BA%D0%B0%D1%80%D1%8C%D0%B5%D1%80%D0%BD%D1%8B%D0%B5-%D0%BA%D1%83%D1%80%D1%81%D1%8B/%D0%B0%D0%BB%D0%B3%D0%BE%D1%80%D0%B8%D1%82%D0%BC%D1%8B-%D1%85%D0%B0%D1%80%D0%B4/) Продвинутые алгоритмы и задачи для сложных технических интервью в hft фонды, faang+, для олимпиад и контестов.  ➡️[**ИИ-агенты ПРО **](https://old.postypashki.ru/%D0%BA%D0%B0%D1%80%D1%8C%D0%B5%D1%80%D0%BD%D1%8B%D0%B5-%D0%BA%D1%83%D1%80%D1%81%D1%8B/ai-%D0%B0%D0%B3%D0%B5%D0%BD%D1%82%D1%8B-%D0%BF%D1%80%D0%BE/) Будем разбираться не просто в LLM. Вы научитесь проектировать полноценные агентные системы и за курс соберём **5 собственных AI-агентов** и пройдём весь путь от архитектуры и инструментов до работы с RAG, multi-agent системами, MCP, evals и деплоем. ** В программу всех курсов войдет:** 🔵закрытый банк вопросов с интервью топовых бигтехов 🔵разбор ближайшей стажировки в Т-банк и Яндекс  🔵mock-собеседования с обратной связью 🔵рефералка в бигтех после защиты пет-проекта 🔵карьерная стратегия: резюме, поиск вакансий, подготовка к HR секциям  💰**Всем участникам дадим курс про поиск валютной удалёнки и работы за рубежом в подарок**;35226.0;0;;12027;https://t.me/botalkaaa;0;1;152.0;
2026-08-22 08:50:00+00:00;147990;147984;Боталка(Студенты) — Поступашки;1866807276;;8629553944;Согл, диплом красивый, а знания все равно сам добираешь;;;;12027;https://t.me/botalkaaa;0;0;;
2026-08-22 02:00:04+00:00;147984;147982;Боталка(Студенты) — Поступашки;1866807276;;731245780;Магистратура в целом шляпа;;;;12027;https://t.me/botalkaaa;0;0;;
2026-08-21 22:41:05+00:00;147982;;Боталка(Студенты) — Поступашки;1866807276;;7558591776;стоит ли рассматривать магистратуру мифи и яндекс практикум «кибербезопасность» или это шляпа?;;2;;12027;https://t.me/botalkaaa;0;0;;
2026-08-21 18:46:12+00:00;147977;;Боталка(Студенты) — Поступашки;1866807276;;1095609304;ребят, привет, кто может рефку в озон дать на ds/ml?;;0;;12027;https://t.me/botalkaaa;0;0;;
2026-08-21 17:41:57+00:00;147975;;Боталка(Студенты) — Поступашки;1866807276;;665948394;А когда курсы в шад откроются? Есть уже дата?;;1;;12027;https://t.me/botalkaaa;0;0;;
2026-08-21 16:01:55+00:00;147971;;Боталка(Студенты) — Поступашки;1866807276;;619229681;**Задача с собеседования в Persistent Systems**  **Инвертирование бита** числа x - это выбор какого-либо бита в двоичном представлении числа x и изменение его значения с 0 на 1 или с 1 на 0. Например, для x = 7 двоичное представление - 111, и мы можем выбрать любой бит (включая ведущие нули, которые не показаны) и инвертировать его. Мы можем инвертировать первый бит справа, чтобы получить 110, инвертировать второй бит справа, чтобы получить 101, инвертировать пятый бит справа (ведущий ноль), чтобы получить 10111, и так далее. Даны два целых числа start и goal. **Верните минимальное количество инвертирований битов**, чтобы преобразовать start в goal.  __Пример 1: __ Input: start = 10, goal = 7 Output: 3 Explanation: Двоичное представление 10 и 7 - это 1010 и 0111, соответственно. Мы можем преобразовать 10 в 7 за 3 шага: - Инвертировать первый бит справа: 1010 -> 1011. - Инвертировать третий бит справа: 1011 -> 1111. - Инвертировать четвёртый бит справа: 1111 -> 0111. Можно показать, что преобразовать 10 в 7 менее чем за 3 шага невозможно. Следовательно, возвращаем 3.  __Пример 2:__ Input: start = 3, goal = 4 Output: 3 Explanation: Бинарное представление 3 и 4 - это 011 и 100, соответственно. Мы можем преобразовать 3 в 4 за 3 шага: - Инвертировать первый бит справа: 011 -> 010. - Инвертировать второй бит справа: 010 -> 000. - Инвертировать третий бит справа: 000 -> 100. Можно показать, что преобразовать 3 в 4 менее чем за 3 шага невозможно. Следовательно, возвращаем 3.  __Ограничения:__ 0 <= start, goal <= 10⁹  [НАШ ЧАТ АЛГОРИТМИСТОВ](https://t.me/algoses_chat)  **Решение**  И вновь задачка на **побитовые манипуляции**.  Итак, каждый бит принимает одно значение: 1 или 0. Чтобы преобразовать число start в goal, необходимо инвертировать все различающиеся в одной и той же позиции биты, а совпадающие - оставить на месте. То есть минимальное кол-во инвертирований для преобразования исходного числа в целевое = кол-ву позиций (count), в которых биты двоичных представлений этих чисел различаются.  Чтобы определить различающиеся позиции, применяем оператор **XOR (исключающее ИЛИ)**, сравнивающий два бита: - если биты одинаковые -> 0 - если биты разные -> 1 start ^ goal даёт значение, в котором единицы стоят в тех позициях, где биты различаются.  Теперь посчитаем кол-во единиц в значении xor, используя **побитовый И**: - только если оба бита равны 1 -> 1 - иначе -> 0  Пока xor больше 0 (есть хотя бы одна единица): - xor & (xor - 1): При (xor - 1) получаем новое число, в котором самая правая единица инвертируется в ноль, все нули справа от неё - в единицы, а биты слева - не изменяются. Затем при операции побитового И(&) между этим новым значением и исходным числом:  Биты слева не меняются, так как одинаковы в обоих числах, Самая правая единица обнуляется,  Все биты справа остаются нулями. Таким образом, удаляется ровно одна правая единица.  - на каждой итерации увеличиваем count (кол-во единиц в xor) на 1.  Возвращаем count, хранящее кол-во единиц в xor, а значит, минимальное кол-во инвертирований битов.  **Сложность**  O(k) - по времени (где k - кол-во единиц в xor) O(1) - по памяти (храним переменные count и xor)  **Код** class Solution:     def minBitFlips(self, start: int, goal: int) -> int:         count = 0         xor = start ^ goal          while xor:             xor = xor & (xor - 1)             count += 1          return count          @algoses;4187.0;0;;12027;https://t.me/botalkaaa;0;1;12.0;
2026-08-21 12:00:59+00:00;147961;;Боталка(Студенты) — Поступашки;1866807276;;539315171;Вроде нет;;0;;12027;https://t.me/botalkaaa;0;0;;
2026-08-21 11:58:41+00:00;147960;;Боталка(Студенты) — Поступашки;1866807276;;823170218;а ща нигде нету снилса разве? даже на списках на сайте вуза?;;0;;12027;https://t.me/botalkaaa;0;0;;
2026-08-21 11:57:54+00:00;147959;147957;Боталка(Студенты) — Поступашки;1866807276;;539315171;А снилс где искать? В списках только айди абитуриента и id ЕПГУ;;;;12027;https://t.me/botalkaaa;0;0;;
2026-08-21 11:55:07+00:00;147957;147954;Боталка(Студенты) — Поступашки;1866807276;;823170218;по снилсу доксить только если;;;;12027;https://t.me/botalkaaa;0;0;;
2026-08-21 11:51:41+00:00;147956;147955;Боталка(Студенты) — Поступашки;1866807276;;539315171;Договориться);;;;12027;https://t.me/botalkaaa;0;0;;
2026-08-21 11:50:57+00:00;147955;147954;Боталка(Студенты) — Поступашки;1866807276;;427507782;Подраться за место чтоли хочешь?;;;;12027;https://t.me/botalkaaa;0;0;;
2026-08-21 11:48:55+00:00;147954;;Боталка(Студенты) — Поступашки;1866807276;;539315171;Всем привет! Кто нибудь знает, как можно искать абитуриентов, которые вместе со мной сидят в конкурсных списках? Хочу связаться с некоторыми;;4;;12027;https://t.me/botalkaaa;0;0;;
2026-08-21 11:17:41+00:00;147953;147937;Боталка(Студенты) — Поступашки;1866807276;;822871873;Могу домклик);;;;12027;https://t.me/botalkaaa;0;0;;
2026-08-21 08:55:26+00:00;147946;147937;Боталка(Студенты) — Поступашки;1866807276;;8629553944;Вот это выборка);;;;12027;https://t.me/botalkaaa;0;0;;
2026-08-20 22:29:13+00:00;147941;147937;Боталка(Студенты) — Поступашки;1866807276;;761933817;В сбер могу;;;;12027;https://t.me/botalkaaa;0;0;;
2026-08-20 22:26:04+00:00;147940;;Боталка(Студенты) — Поступашки;1866807276;;851869214;окей;;0;;12027;https://t.me/botalkaaa;0;0;;
2026-08-20 22:21:56+00:00;147939;147937;Боталка(Студенты) — Поступашки;1866807276;;7388063454;привет, напиши завтра днем;;;;12027;https://t.me/botalkaaa;0;0;;
2026-08-20 21:04:27+00:00;147937;;Боталка(Студенты) — Поступашки;1866807276;;851869214;Всем привет!   Кто может дать рефку на джун ДС/аналитик Авито, ВК, ВТБ, СБЕР,альфа,Тбанк,ПСБ,РСХБ?;;4;;12027;https://t.me/botalkaaa;0;0;;
2026-08-20 19:08:50+00:00;147935;;Боталка(Студенты) — Поступашки;1866807276;;619229681;Сходил на собеседование в Twinby. Предложили интересную задачу: помочь разборчивой невесте Яне-джан найти самого высокого парня в Москвобате. Смотрим! Смотрим! По ссылке:    https://www.youtube.com/shorts/vkyGcuoAfg8;7134.0;0;;12027;https://t.me/botalkaaa;0;1;47.0;
2026-08-20 18:26:56+00:00;147934;;Боталка(Студенты) — Поступашки;1866807276;;5243695054;Привет всем, на стажку авито  тест проходил кто нибудь? Бэкенд питон;;0;;12027;https://t.me/botalkaaa;0;0;;
2026-08-20 16:32:53+00:00;147931;;Боталка(Студенты) — Поступашки;1866807276;;619229681;"**Задача с собеседования в OYO**  **Напишите функцию** для поиска** наибольшего общего префикса** среди массива строк. Если общего префикса нет, верните пустую строку """".  __Пример 1: __ Input: strs = [""flower"",""flow"",""flight""] Output: ""fl""  __Пример 2:__ Input: strs = [""dog"",""racecar"",""car""] Output: """" Explanation: У входных строк отсутствует общий префикс.  __Ограничения:__ 1 <= strs.length <= 200 0 <= strs[i].length <= 200 strs[i] состоит только из строчных английских букв, если эта строка не пуста.  [НАШ ЧАТ АЛГОРИТМИСТОВ](https://t.me/algoses_chat)  **Решение**  Основная идея: общий префикс не может быть длиннее самой короткой строки. Находим её через функцию min. shortest - самая короткая строка.  Внешним циклом проходим по индексам и символам shortest, внутренним циклом - по строкам массива, проверяя, что у всех строк на этой же позиции стоит тот же символ: Если встречаем несовпадение: выходим из цикла и возвращаем срез shortest[:i], состоящий из накопленного с прошлых итераций префикса, Если все символы совпали: возвращаем shortest целиком, как общий префикс.  **Сложность**  O(n * m) - по времени (где n - кол-во строк в массиве, а m - длина самой короткой) O(1) - по памяти (храним переменную shortest)  **Код** class Solution:     def longestCommonPrefix(self, strs: List[str]) -> str:         if not strs:             return """"                      shortest = min(strs, key=len)          for i, char in enumerate(shortest):             for word in strs:                 if word[i] != char:                     return shortest[:i]          return shortest          @algoses";4138.0;0;;12027;https://t.me/botalkaaa;0;1;14.0;
2026-08-20 16:05:41+00:00;147930;;Боталка(Студенты) — Поступашки;1866807276;;5047838235;Ну за исключением понятное дело здесь, потому что был момент когда девушка искала эфемерного разработчика;;0;;12027;https://t.me/botalkaaa;0;0;;
2026-08-20 16:04:06+00:00;147929;147921;Боталка(Студенты) — Поступашки;1866807276;;5047838235;Это все супер, однако может быть есть инфа, где стартапы набирают себе команду для реализации? Неважно оплачиваемо или нет, как их найти;;;;12027;https://t.me/botalkaaa;0;0;;
2026-08-20 12:10:55+00:00;147921;;Боталка(Студенты) — Поступашки;1866807276;;619229681;"**Почему AI-стартапы становятся всё более привлекательным местом работы**  За последние пару лет работа в стартапах, занимающихся искусственным интеллектом, заметно выросла в престиже. Если раньше такие компании ассоциировались в основном с Кремниевой долиной, то теперь тренд смещается и в Европу. Вот лишь несколько ярких примеров, которые откликаются лично мне: польский ElevenLabs, недавно привлёкший $180 млн в раунде C, французский Mistral AI, на фоне которого Франция анонсировала инвестиции в $112 млрд на создание европейского аналога Stargate, британский Tessl с раундом A на $125 млн, у которого до сих пор нет публичного продукта. У каждого свои мотивы идти в стартап, но я вижу несколько очевидных причин, почему это направление становится всё более логичным выбором:  **1. Больше нет ""тихой гавани"" в бигтехе.** Кризис последних лет показал, что даже такие гиганты, как Google или Meta, могут переживать сложные времена и безжалостно сокращать персонал. Раз гарантированной стабильности больше нет, пропадает и смысл надолго оседать в крупных корпорациях, где, будем честны, во многих командах работа не самая захватывающая.  **2. Компенсация сопоставима с FAANG.** Да, так не везде, но в стартапе с хорошим раундом можно найти позицию, где реальные деньги (базовая зарплата) будут не сильно уступать предложениям от бигтеха. А если добавить к этому опционы, то суммарный пакет может оказаться даже привлекательнее.  **3. Риски стали ниже.** Когда стартап привлекает крупный раунд, это даёт определённые гарантии его существования на несколько лет вперёд. В текущих реалиях ожидать чего-то большего от любой компании сложно, поэтому разница в стабильности между стартапом и корпорацией уже не так велика.  **4. Больше ответственности и новых вызовов.** В больших компаниях всё заточено под продукт, и исследовательская деятельность сильно ограничена его нуждами (если только вы не попали в research-лабораторию, что маловероятно без академического бэкграунда). В стартапе же постоянно приходится перепридумывать продукт, сталкиваться с неизвестностью и брать на себя более широкую зону ответственности - это сложнее, но и интереснее.  **5. Выход стал более реалистичным.** С учётом объёма инвестиций, качества продукта и сильной команды (а без неё большие деньги не дадут) маловероятно, что стартап просто исчезнет. Если он не станет единорогом, то, скорее всего, будет поглощён более крупным игроком. И это тоже неплохой сценарий, не так ли?  Таким образом, работа в AI-стартапе перестала быть экзотикой и превратилась во вполне рациональный карьерный шаг. Свои мысли можно обсудить в [**нашем чате.**](http://t.me/zadachi_ds_chat)  **Подписаться: ****@zadachi_ds**";4976.0;1;;12027;https://t.me/botalkaaa;0;1;19.0;
2026-08-20 08:12:32+00:00;147918;147915;Боталка(Студенты) — Поступашки;1866807276;;481869353;Спасибо!;;;;12027;https://t.me/botalkaaa;0;0;;
2026-08-20 08:12:29+00:00;147917;147916;Боталка(Студенты) — Поступашки;1866807276;;1627316505;Хз, только для разработчиков видел тз;;;;12027;https://t.me/botalkaaa;0;0;;
2026-08-20 08:07:34+00:00;147916;147915;Боталка(Студенты) — Поступашки;1866807276;;8030387398;кстати, есть что-то подобное для DS? не могу найти просто;;;;12027;https://t.me/botalkaaa;0;0;;
2026-08-20 08:07:01+00:00;147915;147909;Боталка(Студенты) — Поступашки;1866807276;;1627316505;Загугли avito internship github они там выкладывают актуальные тз и тз прошлых наборов, пока что тз вроде они не сделали для этого набора, это если ты про тз;;;;12027;https://t.me/botalkaaa;0;0;;
2026-08-20 08:01:00+00:00;147914;147912;Боталка(Студенты) — Поступашки;1866807276;;822871873;Я уже неделю звоню и пишу менеджеру программы, но меня игнорируют. В приёмке сказали звонить на программу;;;;12027;https://t.me/botalkaaa;0;0;;
2026-08-20 07:58:48+00:00;147912;;Боталка(Студенты) — Поступашки;1866807276;;822871873;И кто-то знает как поменять специализацию на заезжанном Системном анализе и математических технологиях на Прикладную математику?;;1;;12027;https://t.me/botalkaaa;0;0;;
2026-08-20 07:56:55+00:00;147911;;Боталка(Студенты) — Поступашки;1866807276;;822871873;Думаю может есть какие-то способы;;0;;12027;https://t.me/botalkaaa;0;0;;
2026-08-20 07:54:48+00:00;147910;147908;Боталка(Студенты) — Поступашки;1866807276;;822871873;Я позвонил по правилам у них набор закрылся 8 августа и нельзя менять приоритеты, либо отказываться от каких либо направлений;;;;12027;https://t.me/botalkaaa;0;0;;
2026-08-20 07:47:56+00:00;147909;;Боталка(Студенты) — Поступашки;1866807276;;481869353;Всем привет! У кого нибудь есть задания текущего тестирования Авито на стажировку по фронтенду?;;4;;12027;https://t.me/botalkaaa;0;0;;
2026-08-20 07:47:38+00:00;147908;147906;Боталка(Студенты) — Поступашки;1866807276;;635085687;напиши им на почту либо найди номер позвони, вроде вручную могут сделать так;;;;12027;https://t.me/botalkaaa;0;0;;
2026-08-20 07:39:49+00:00;147906;;Боталка(Студенты) — Поступашки;1866807276;;822871873;Ребят, а есть какая-то возможность сейчас отказаться от 1 приоритета в магу вшэ, чтобы во 2 по приоритету поступить по олимпе?;;2;;12027;https://t.me/botalkaaa;0;0;;
2026-08-19 21:52:30+00:00;147897;147895;Боталка(Студенты) — Поступашки;1866807276;;708148340;бо(л)талка;;;;12027;https://t.me/botalkaaa;0;0;;
2026-08-19 21:51:45+00:00;147895;;Боталка(Студенты) — Поступашки;1866807276;;8492977936;чо у вас  тут;;1;;12027;https://t.me/botalkaaa;0;0;;
2026-08-19 18:24:12+00:00;147888;147887;Боталка(Студенты) — Поступашки;1866807276;;862612764;Тогда некст это созвон с конкретной командой, конкретного регламента у них нет, так что спрашивать могут че хотят, но писать скорее всего не заставят   Дальше ждешь ток резы;;;;12027;https://t.me/botalkaaa;0;0;;
2026-08-19 18:22:02+00:00;147887;147886;Боталка(Студенты) — Поступашки;1866807276;;1596071435;Да, так и было;;;;12027;https://t.me/botalkaaa;0;0;;
2026-08-19 17:48:48+00:00;147886;;Боталка(Студенты) — Поступашки;1866807276;;862612764;Она спросит тоже самое что было в анкете + уточнение по вузу, какой курс и тд;;5;;12027;https://t.me/botalkaaa;0;0;;
2026-08-19 17:46:52+00:00;147885;147844;Боталка(Студенты) — Поступашки;1866807276;;862612764;Если первый собес, то это просто созвон с эйчаром;;;;12027;https://t.me/botalkaaa;0;0;;
2026-08-19 17:24:35+00:00;147883;;Боталка(Студенты) — Поступашки;1866807276;;1095609304;ребят, я тут видел пост об алгосекции в яндексе, можете его скинуть, пожалуйста;;0;;12027;https://t.me/botalkaaa;0;0;;
2026-08-19 14:51:08+00:00;147869;147864;Боталка(Студенты) — Поступашки;1866807276;;7998020433;лысого;;;;12027;https://t.me/botalkaaa;0;0;;
2026-08-19 14:01:48+00:00;147867;147865;Боталка(Студенты) — Поступашки;1866807276;;299567150;Не, поведенческое - на софт скиллы Часто на предыдущий опыт;;;;12027;https://t.me/botalkaaa;0;0;;
2026-08-19 14:01:23+00:00;147866;147865;Боталка(Студенты) — Поступашки;1866807276;;8629553944;Неа, это уже другое);;;;12027;https://t.me/botalkaaa;0;0;;
2026-08-19 14:00:31+00:00;147865;147864;Боталка(Студенты) — Поступашки;1866807276;;1596071435;Это и есть поведенческое интервью ?;;;;12027;https://t.me/botalkaaa;0;0;;
2026-08-19 13:59:58+00:00;147864;147863;Боталка(Студенты) — Поступашки;1866807276;;8629553944;Если по проекту гонять будут - то да;;;;12027;https://t.me/botalkaaa;0;0;;
2026-08-19 13:59:20+00:00;147863;147861;Боталка(Студенты) — Поступашки;1866807276;;1596071435;Типо, почему я использовал именно конкретную бд, почему выбрал именно этот метод и тд;;;;12027;https://t.me/botalkaaa;0;0;;
2026-08-19 13:58:04+00:00;147862;;Боталка(Студенты) — Поступашки;1866807276;;1596071435;Мне сказали, что будет еще созвон с будущими кураторами, будут спрашивать про пет проекты, немного теории, лайфкодинга не будет, смотреть на то как рассуждаю и как думаю;;0;;12027;https://t.me/botalkaaa;0;0;;
2026-08-19 13:56:59+00:00;147861;147860;Боталка(Студенты) — Поступашки;1866807276;;8629553944;Речь про финал? Тогда почитай что такое поведенческое интервью, куча статей на эту тему;;;;12027;https://t.me/botalkaaa;0;0;;
2026-08-19 13:56:14+00:00;147860;147859;Боталка(Студенты) — Поступашки;1866807276;;1596071435;Первый этап прошел, почти так и есть;;;;12027;https://t.me/botalkaaa;0;0;;
2026-08-19 13:55:40+00:00;147859;147844;Боталка(Студенты) — Поступашки;1866807276;;8629553944;Обычно на стажера: база по языку, немного алгосов попроще + вопросы про пет-проекты/учебу, ничего зверского;;;;12027;https://t.me/botalkaaa;0;0;;
2026-08-19 08:56:28+00:00;147850;147849;Боталка(Студенты) — Поступашки;1866807276;;1596071435;Спасибо!;;;;12027;https://t.me/botalkaaa;0;0;;
2026-08-19 08:55:39+00:00;147849;147844;Боталка(Студенты) — Поступашки;1866807276;;299567150;Сложно сказать, все зависит от задолбанности конкретного процесса найма, но чаще всего что-то типа hr-скрининг, потом техничка (по языку, по БД/SQL, по базовому проектированию, мб лайвкодинг), либо алгособес+техничка. Мб поставят потом финалы с командами, мб техничку сразу будет твой будущий лид проводить (а мб и нет). Глянь мок собесы/реальные собесы на бекендеров на ютубе;;;;12027;https://t.me/botalkaaa;0;0;;
2026-08-19 08:52:08+00:00;147848;147838;Боталка(Студенты) — Поступашки;1866807276;;473687296;в рисках только фулл офис;;;;12027;https://t.me/botalkaaa;0;0;;
2026-08-19 08:51:25+00:00;147847;147841;Боталка(Студенты) — Поступашки;1866807276;;987569542;эхх;;;;12027;https://t.me/botalkaaa;0;0;;
2026-08-19 08:50:25+00:00;147846;147839;Боталка(Студенты) — Поступашки;1866807276;;987569542;ну понятно, спасибо;;;;12027;https://t.me/botalkaaa;0;0;;
2026-08-19 08:36:07+00:00;147844;;Боталка(Студенты) — Поступашки;1866807276;;1596071435;Привет, позвали на онлайн собес в билайн - Стажер/Бекенд разработчик, на собесах никогда до этого не был, что мне вообще от него ждать, к чему готовиться ?;;12;;12027;https://t.me/botalkaaa;0;0;;
2026-08-19 06:45:40+00:00;147841;;Боталка(Студенты) — Поступашки;1866807276;;1095609304;если там что-то секретное, приватное, какие-нибудь личные данные, то с удаленкой будет тяжело;;1;;12027;https://t.me/botalkaaa;0;0;;
2026-08-19 06:44:28+00:00;147840;147838;Боталка(Студенты) — Поступашки;1866807276;;1095609304;гибрид выбить можно, но все зависит от того, в каком контуре работаешь;;;;12027;https://t.me/botalkaaa;0;0;;
2026-08-19 06:29:42+00:00;147839;147838;Боталка(Студенты) — Поступашки;1866807276;;299567150;Все от конкретного подразделения зависит. Встречал и в ПАО гибрид (по договоренности с тимлидом), и в дочках фулл офис;;;;12027;https://t.me/botalkaaa;0;0;;
2026-08-19 06:13:58+00:00;147838;;Боталка(Студенты) — Поступашки;1866807276;;987569542;Привет, может знает кто-нибудь, в Сбере если попасть на позицию DS/MLe, то там формат работы в основном фулл офис? Вообще встречаются команды с гибридом хотя бы??;;4;;12027;https://t.me/botalkaaa;0;0;;
2026-08-19 06:02:58+00:00;147837;;Боталка(Студенты) — Поступашки;1866807276;;619229681;Обычно здесь разбираем бэкенд и фронтенд, но сегодня о другом.  У Авито сейчас идёт набор на [курс по QA](https://start.avito.ru/course-qa). Регистрация была до 16 августа, а до 19-го нужно ещё пройти тест.  Кто уже подался и тест пока не решил — забирайте разбор выше: 32 вопроса, от базы тестирования и приоритетов багов до основ кода, HTTP и командной строки, с подробным объяснением каждого ответа. Сам тест не то чтобы сложный, но лучше сверить логику заранее, чем гадать на скрининге.  Если с регистрацией не успели — тоже гляньте файл, чтобы понять, что ничего сложного нет и можно в будущем пробовать свои силы. Авито обещают фаст-трек после курса, а стажировка в бигтехе — то, о чём многие мечтают. Плюс из QA потом реально перекатиться в бэкенд, так что как способ вкатиться в индустрию вариант неплохой. Просто держите руку на пульсе следующего набора.  **Подписаться: **@codeof_art **Вступить в чатик:** @code_of_art;3039.0;0;;12027;https://t.me/botalkaaa;0;1;20.0;
2026-08-18 21:20:12+00:00;147834;;Боталка(Студенты) — Поступашки;1866807276;;5611425780;Кто может шарит за стажировку на Т-Банк Go - разработчик ?;;0;;12027;https://t.me/botalkaaa;0;0;;
2026-08-18 20:45:57+00:00;147832;147831;Боталка(Студенты) — Поступашки;1866807276;;449324117;нет, рус+англ;;;;12027;https://t.me/botalkaaa;0;0;;
2026-08-18 20:34:19+00:00;147831;147825;Боталка(Студенты) — Поступашки;1866807276;;1489826664;Там все пары на англе?;;;;12027;https://t.me/botalkaaa;0;0;;
2026-08-18 15:20:25+00:00;147825;;Боталка(Студенты) — Поступашки;1866807276;;449324117;подскажите сложно ли учиться на маге ФКН вышки? выбрала программу Системная и программная инженерия. как проходят пары на английском?;;2;;12027;https://t.me/botalkaaa;0;0;;
2026-08-18 14:39:57+00:00;147819;;Боталка(Студенты) — Поступашки;1866807276;;7257733616;Всем привет! Есть кто подавался на позицию в сбер, NLP/AI engineer? Не подскажите какие технические вопросы могут задавать?;;0;;12027;https://t.me/botalkaaa;0;0;;
2026-08-18 11:04:07+00:00;147810;147808;Боталка(Студенты) — Поступашки;1866807276;;8125010336;Ясненько. Странно, что на сайте все по старому;;;;12027;https://t.me/botalkaaa;0;0;;
2026-08-18 11:00:16+00:00;147808;147807;Боталка(Студенты) — Поступашки;1866807276;;8629553944;Похоже формат поменяли — теперь сразу мэтчат под конкретные команды, а не общий пул с одинаковыми этапами;;;;12027;https://t.me/botalkaaa;0;0;;
2026-08-18 10:53:51+00:00;147807;;Боталка(Студенты) — Поступашки;1866807276;;8125010336;Привет, есть кто подавался на стажировку DevOps в Яндекс? Я написал контест, 2 недели не было ответа, поэтому написал им. Ответили, что анкета рассматривается, и если какая-то команда захочет пообщаться, то напишут. Раньше ведь после контеста ставили алго собес и консоль, откуда взялись команды на этом этапе, кто-нибудь знает?;;2;;12027;https://t.me/botalkaaa;0;0;;
2026-08-18 10:13:05+00:00;147803;;Боталка(Студенты) — Поступашки;1866807276;;947059549;кто то знаком с компанией Перформанс Лаб?;;0;;12027;https://t.me/botalkaaa;0;0;;
2026-08-18 10:00:54+00:00;147802;147801;Боталка(Студенты) — Поступашки;1866807276;;1939233742;пон, спасибо;;;;12027;https://t.me/botalkaaa;0;0;;
2026-08-18 10:00:06+00:00;147801;147800;Боталка(Студенты) — Поступашки;1866807276;;1171499139;Интенсивная программа, у меня оттуда знакомые переводились на мою программирование и ии(ныне программирование и кн)  Там очень душно, с работой первый курс точно нельзя;;;;12027;https://t.me/botalkaaa;0;0;;
2026-08-18 09:58:48+00:00;147800;147799;Боталка(Студенты) — Поступашки;1866807276;;1939233742;да, а под тяжело учиться ты имеешь ввиду много очных пар / зачетов или просто интенсивную программу?;;;;12027;https://t.me/botalkaaa;0;0;;
2026-08-18 09:48:55+00:00;147799;147797;Боталка(Студенты) — Поступашки;1866807276;;1171499139;Разработка по с факультета ипкн? Там тяжело учится;;;;12027;https://t.me/botalkaaa;0;0;;
2026-08-18 09:39:43+00:00;147798;147797;Боталка(Студенты) — Поступашки;1866807276;;897099182;На самом то деле нормально. Просто нужно понимать где ты можешь пропускать пары, где то пропускать пары нельзя. В основном обучение не особо сильно будет занимать времени. И в частности преподы молодые в итмо, идут на уступки, ибо понимают что студенты все таки работают.;;;;12027;https://t.me/botalkaaa;0;0;;
2026-08-18 09:37:59+00:00;147797;;Боталка(Студенты) — Поступашки;1866807276;;1939233742;"Привет, подскажите, как сложно совмещать очную магу в итмо с работой? В частности ""разработка по"". Много ли очных пар или какие-то все же переходят в онлайн? Следят ли за посещаемостью, часто ли пары в середине дня?";;5;;12027;https://t.me/botalkaaa;0;0;;
2026-08-17 20:31:26+00:00;147789;;Боталка(Студенты) — Поступашки;1866807276;;1671543395;Всем привет! Ребята, очень нужен ваш опыт для исследовательского проекта.   Пишу статью про нейросетевое редактирование студенческих работ (курсовых, ВКР). Если вы хотя бы раз прогоняли свой учебный текст через ИИ, чтобы исправить ошибки или улучшить стиль, уделите пожалуйста, 3 минуты анонимной анкете.   Ваше участие поможет собрать реальные количественные данные для исследования.   Ссылка на Яндекс форму: https://forms.yandex.ru/u/6a7a09c295add5aab30b412e Спасибо за внимание!  Плюсик в карму за распространение среди однокурсников;;0;;12027;https://t.me/botalkaaa;0;0;;
2026-08-17 16:24:21+00:00;147783;147782;Боталка(Студенты) — Поступашки;1866807276;;7111148439;ну да;;;;12027;https://t.me/botalkaaa;0;0;;
2026-08-17 16:23:58+00:00;147782;147779;Боталка(Студенты) — Поступашки;1866807276;;1627316505;Ааа, точно 18-20 сентября;;;;12027;https://t.me/botalkaaa;0;0;;
2026-08-17 16:23:55+00:00;147781;147759;Боталка(Студенты) — Поступашки;1866807276;;879367009;Я без понятия че с отсрочкой, но знаю, что ты можешь и не брать год академа. И даже во вторую можно на бюджет, а платить только через год, когда будет диплом первой;;;;12027;https://t.me/botalkaaa;0;0;;
2026-08-17 16:23:46+00:00;147780;;Боталка(Студенты) — Поступашки;1866807276;;884703558;всем привет! что щас включает в себя первый технический собес в озон.тех на мле/дс? только питон (алгосы) и sql или что-то еще?;;0;;12027;https://t.me/botalkaaa;0;0;;
2026-08-17 16:22:27+00:00;147779;147778;Боталка(Студенты) — Поступашки;1866807276;;7111148439;нет это скорее чсего предвыборка а не наркота ну. ли тип в футболке новых людей и правда торгует чем то не оч ликвидным;;;;12027;https://t.me/botalkaaa;0;0;;
2026-08-17 16:15:32+00:00;147778;147777;Боталка(Студенты) — Поступашки;1866807276;;1627316505;Поработал 1 день, сел на 1 десяток лет?;;;;12027;https://t.me/botalkaaa;0;0;;
2026-08-17 16:15:14+00:00;147777;;Боталка(Студенты) — Поступашки;1866807276;;6078554276;**__Подработка в Москве ( раздача материалов, сбор контактов )__**   ( около 600 - 1200 р в час )  💰 700 ₽ за выход на смену (3 часа) + около 2000  оплата за подписи  🕐 Можно выбрать удобное время или отработать 3 смены за день: утро(10-13), день(13-16) и вечер (17-20)  📝 Оплата за подписи: 200–400 ₽ за подпись  🔥 1500 ₽ за каждый 4-й выход 🏆 Еженедельная премия лучшему сборщику 3000/6000  📊 В среднем 600–1200 ₽/час  Работа по 17 сентября включительно.  Контакт: @tgcdvpl;;4;;12027;https://t.me/botalkaaa;0;0;;
2026-08-17 15:31:44+00:00;147776;;Боталка(Студенты) — Поступашки;1866807276;;619229681;**Поступашки будут вам платить🔥**  76% приходят на наши курсы по рекомендации друзей, а теперь на таких рекомендациях можно получить бонус и проходить обучение вместе с друзьями.  **Как всё работает:** ➡️ вы рекомендуете другу любой наш курс  ➡️ друг получает скидку 1 000 ₽ на любой курс ➡️ вам мы переводим 1 000 ₽  после того, как друг приобретёт курс  Количество приглашений не ограничено: привели пятерых — 5 000 ₽, десятерых  — 10 000 ₽  Чтобы воспользоваться программой, **вашему другу** нужно: ➡️ написать нашему [менеджеру](https://t.me/m/N_KhmHqlMjdi) @menshe_treh  ➡️ назвать ваше имя или Telegram-ник ➡️ написать промокод ТОВАРИЩ ➡️ написать, какой курс хочет приобрести  После оплаты, мы свяжемся с вами для уточнения реквизитов, чтобы отправить бонус!   🔵Дополнительные скидки не суммируются 🔵Рекомендовать можно любой курс из каталога 🔵Программа не действует во время распродаж;;0;;12027;https://t.me/botalkaaa;0;0;;
2026-08-17 15:04:07+00:00;147773;;Боталка(Студенты) — Поступашки;1866807276;;619229681;**Поступашки будут вам платить🔥**  76% приходят на наши курсы по рекомендации друзей, а теперь на таких рекомендациях можно получить бонус и проходить обучение вместе с друзьями.  **Как всё работает:** ➡️ вы рекомендуете другу любой наш курс  ➡️ друг получает скидку 1 000 ₽ на любой курс ➡️ вам мы переводим 1 000 ₽  после того, как друг приобретёт курс  Количество приглашений не ограничено: привели пятерых — 5 000 ₽, десятерых  — 10 000 ₽  Чтобы воспользоваться программой, **вашему другу** нужно: ➡️ написать нашему [менеджеру](https://t.me/m/N_KhmHqlMjdi) @menshe_treh  ➡️ назвать ваше имя или Telegram-ник ➡️ написать промокод ТОВАРИЩ ➡️ написать, какой курс хочет приобрести  После оплаты, мы свяжемся с вами для уточнения реквизитов, чтобы отправить бонус!   🔵Дополнительные скидки не суммируются 🔵Рекомендовать можно любой курс из каталога 🔵Программа не действует во время распродаж;;0;;12027;https://t.me/botalkaaa;0;0;;
2026-08-17 14:56:05+00:00;147772;147766;Боталка(Студенты) — Поступашки;1866807276;;731245780;А что там целый год учить? Обычно вступительные - n количество билетов;;;;12027;https://t.me/botalkaaa;0;0;;
2026-08-17 14:43:42+00:00;147771;147770;Боталка(Студенты) — Поступашки;1866807276;;1171499139;Ну итмо еще есть,просто рассматривай где больше бюджетных мест ,на итмо среди маг  факультет ипкн хороший ,мб плюс еще бит;;;;12027;https://t.me/botalkaaa;0;0;;
2026-08-17 14:20:11+00:00;147770;;Боталка(Студенты) — Поступашки;1866807276;;-1;Сколтех или вышка (очная). Возможно ЦУ;;1;;12027;https://t.me/botalkaaa;0;0;;
2026-08-17 14:20:06+00:00;147769;;Боталка(Студенты) — Поступашки;1866807276;;1171499139;Напиши в лс, если не в падлу;;0;;12027;https://t.me/botalkaaa;0;0;;
2026-08-17 14:18:54+00:00;147768;147766;Боталка(Студенты) — Поступашки;1866807276;;1171499139;А куда ты планируешь ?;;;;12027;https://t.me/botalkaaa;0;0;;
2026-08-17 14:18:47+00:00;147767;147765;Боталка(Студенты) — Поступашки;1866807276;;-1;нет, у меня в след году поступление. Я конечно сдам вступительные во много мест, но интересна сама возможность такой схемы, если не пройду;;;;12027;https://t.me/botalkaaa;0;0;;
2026-08-17 14:17:09+00:00;147766;147763;Боталка(Студенты) — Поступашки;1866807276;;-1;Не уверен что смогу нормально подготовиться к вступительным за год;;;;12027;https://t.me/botalkaaa;0;0;;
2026-08-17 14:16:08+00:00;147765;147764;Боталка(Студенты) — Поступашки;1866807276;;1171499139;Ты типа прокололся с первой магой уже?;;;;12027;https://t.me/botalkaaa;0;0;;
2026-08-17 14:15:44+00:00;147764;147762;Боталка(Студенты) — Поступашки;1866807276;;-1;Чтобы окончить норм магу в итоге;;;;12027;https://t.me/botalkaaa;0;0;;
2026-08-17 14:14:00+00:00;147763;147759;Боталка(Студенты) — Поступашки;1866807276;;1171499139;А в чем проблема пойти сразу в хорошую?   Хоть даже на платку, через льготный кредит;;;;12027;https://t.me/botalkaaa;0;0;;
2026-08-17 14:12:47+00:00;147762;147759;Боталка(Студенты) — Поступашки;1866807276;;747448837;если ради острочки, то зачем тебе вторую магу брать вообще?  поступаешь в одну магу, берешь академ, заканчиваешь эту же магу;;;;12027;https://t.me/botalkaaa;0;0;;
2026-08-17 14:09:46+00:00;147761;;Боталка(Студенты) — Поступашки;1866807276;;-1;Во вторую - на платку;;0;;12027;https://t.me/botalkaaa;0;0;;
2026-08-17 14:06:32+00:00;147759;;Боталка(Студенты) — Поступашки;1866807276;;-1;Всем привет. Хотел поступить в две магистратуры, но с разницей в год: сначала в место не очень, а потом в место получше. То есть поступаю в первое место, учусь там один год, потом беру академ и поступаю во вторую и, в итоге, заканчиваю сразу две.  Так получится? Кто-нибудь так делал может? Все делается ради острочки;;9;;12027;https://t.me/botalkaaa;0;0;;
2026-08-17 12:58:35+00:00;147757;;Боталка(Студенты) — Поступашки;1866807276;;410368686;Есть ли тут кто-то кто прошёл на стажку в ВК ML audio?  + Посоветуйте пж где искать стажки именно по этому профилю, особенно если видели в местах поменьше чем вк/яндекс/сбер;;0;;12027;https://t.me/botalkaaa;0;0;;
2026-08-17 10:42:50+00:00;147739;;Боталка(Студенты) — Поступашки;1866807276;;6434607857;Есть инфа какая вилка по зп на 10 грейд в Сбер?;;0;;12027;https://t.me/botalkaaa;0;0;;
2026-08-17 06:14:16+00:00;147731;;Боталка(Студенты) — Поступашки;1866807276;;1841974524;Никогда о ней не слышал;;0;;12027;https://t.me/botalkaaa;0;0;;
2026-08-17 06:13:15+00:00;147730;147729;Боталка(Студенты) — Поступашки;1866807276;;1841974524;Ого это легендарная магистратура;;;;12027;https://t.me/botalkaaa;0;0;;
2026-08-17 05:55:28+00:00;147729;;Боталка(Студенты) — Поступашки;1866807276;;747448837;Привет! Кто что знает об этой магистратуре? Норм не норм?   https://www.hse.ru/ma/samt/;;1;;12027;https://t.me/botalkaaa;0;0;;
2026-08-16 20:00:38+00:00;147722;;Боталка(Студенты) — Поступашки;1866807276;;897099182;+;;0;;12027;https://t.me/botalkaaa;0;0;;
2026-08-16 20:00:30+00:00;147721;147720;Боталка(Студенты) — Поступашки;1866807276;;1627316505;В Июле - августе был донабор с весны;;;;12027;https://t.me/botalkaaa;0;0;;
2026-08-16 19:59:06+00:00;147720;147676;Боталка(Студенты) — Поступашки;1866807276;;6072750316;Они же с сентября;;;;12027;https://t.me/botalkaaa;0;0;;
2026-08-16 19:53:10+00:00;147719;;Боталка(Студенты) — Поступашки;1866807276;;663777967;Спасибо;;0;;12027;https://t.me/botalkaaa;0;0;;
2026-08-16 19:47:03+00:00;147718;147709;Боталка(Студенты) — Поступашки;1866807276;;449324117;Да;;;;12027;https://t.me/botalkaaa;0;0;;
2026-08-16 17:06:24+00:00;147710;147709;Боталка(Студенты) — Поступашки;1866807276;;477062178;Можешь у hr спросить, но вроде да;;;;12027;https://t.me/botalkaaa;0;0;;
2026-08-16 17:05:40+00:00;147709;;Боталка(Студенты) — Поступашки;1866807276;;663777967;Сколько фриз в Яндексе? 6 месяцев?;;2;;12027;https://t.me/botalkaaa;0;0;;
2026-08-16 17:05:04+00:00;147708;;Боталка(Студенты) — Поступашки;1866807276;;477062178;Коллеги, день добрый! Есть кто сейчас учится в московском политехе на магистратуре, на направлении 09.04.02 или тех, кто знает людей от туда?;;0;;12027;https://t.me/botalkaaa;0;0;;
2026-08-16 17:00:00+00:00;147707;;Боталка(Студенты) — Поступашки;1866807276;;1688074669;Ребят, всем привет, подскажите, кто-нибудь проходил котенст от Авито на стажировку?;;0;;12027;https://t.me/botalkaaa;0;0;;
2026-08-16 15:19:54+00:00;147703;;Боталка(Студенты) — Поступашки;1866807276;;619229681;**Ищем алгоритмистов!**  Товарищи, Поступашкам нужны контент мейкеры в [основной канал](http://t.me/postypashki_old) по алгоритмам. Если вы творческая личность, интересующейся алгоритмами (или другим), вам нравится писать посты/ придумывать идеи для контента, то обязательно пишите @vice22821. Оплата сдельная, ориентировочно за один пост от 2 тыс до 15 тыс рублей.  Обязательно делитесь с ребятами, которым это может быть интересно.;;0;;12027;https://t.me/botalkaaa;0;0;;
2026-08-15 19:34:26+00:00;147690;;Боталка(Студенты) — Поступашки;1866807276;;1627316505;Юзай оба от души;;0;;12027;https://t.me/botalkaaa;0;0;;
2026-08-15 19:34:08+00:00;147689;147685;Боталка(Студенты) — Поступашки;1866807276;;1095936718;codex;;;;12027;https://t.me/botalkaaa;0;0;;
2026-08-15 19:31:50+00:00;147688;147685;Боталка(Студенты) — Поступашки;1866807276;;1261199930;Клод;;;;12027;https://t.me/botalkaaa;0;0;;
2026-08-15 17:42:03+00:00;147686;147685;Боталка(Студенты) — Поступашки;1866807276;;1095609304;не пишу код с нейронками;;;;12027;https://t.me/botalkaaa;0;0;;
2026-08-15 17:40:44+00:00;147685;;Боталка(Студенты) — Поступашки;1866807276;;702447805;Привет, ребята. Подскажите пж, как вы кодите с нейронками? Со своего ноута, а не рабочего. Что используете, чтобы было дешево и в vs code работало в рф?;;3;;12027;https://t.me/botalkaaa;0;0;;
2026-08-15 16:43:55+00:00;147684;;Боталка(Студенты) — Поступашки;1866807276;;1106673401;Всем привет! Если кто-то отбирался на стажировку в Яндекс на аналитика, проходил техническое собеседование или стажировался напишите в лс пожалуйста;;0;;12027;https://t.me/botalkaaa;0;0;;
2026-08-15 16:14:15+00:00;147681;147674;Боталка(Студенты) — Поступашки;1866807276;;7729310818;My Little Pony;;;;12027;https://t.me/botalkaaa;0;0;;
2026-08-15 14:37:27+00:00;147676;;Боталка(Студенты) — Поступашки;1866807276;;897099182;Привет всем, кому нибудь оффер приходил от Т-банка в этом отборе?;;2;;12027;https://t.me/botalkaaa;0;0;;
2026-08-15 14:20:15+00:00;147675;147674;Боталка(Студенты) — Поступашки;1866807276;;998215438;Machine Learning and Programming;;;;12027;https://t.me/botalkaaa;0;0;;
2026-08-15 14:19:39+00:00;147674;147673;Боталка(Студенты) — Поступашки;1866807276;;1095609304;а что за MLP секция?;;;;12027;https://t.me/botalkaaa;0;0;;
2026-08-15 13:52:50+00:00;147673;;Боталка(Студенты) — Поступашки;1866807276;;998215438;всем привет кто нибудь проходил MLP секцию в Яндексе на стажера?Напишите пж в лс;;3;;12027;https://t.me/botalkaaa;0;0;;
2026-08-15 12:52:06+00:00;147670;;Боталка(Студенты) — Поступашки;1866807276;;1688074669;всем привет, кто-нибудь может подсказать где можно посмотреть тест в авито для отбора на стажировку?;;0;;12027;https://t.me/botalkaaa;0;0;;
2026-08-15 12:17:01+00:00;147667;147646;Боталка(Студенты) — Поступашки;1866807276;;7388063454;это условно уходит на второй план: спецы всё ещё нужны, нейронки ограничены в своих возможностях. дипсик р3 может и будет неплох на локалке, но нужны, опять же, спецы, которые будут заниматься его инференсом, а зарубежные api нельзя использовать из-за чувствительных данных. что про нас, то мне, в частности, интересно айти и развиваться в нём. в этом есть азарт, ну и платят неплохо);;;;12027;https://t.me/botalkaaa;0;0;;
2026-08-15 12:12:15+00:00;147662;147659;Боталка(Студенты) — Поступашки;1866807276;;6072750316;😢;;;;12027;https://t.me/botalkaaa;0;0;;
2026-08-15 12:11:24+00:00;147661;;Боталка(Студенты) — Поступашки;1866807276;;619229681;MediaMessage;9823.0;0;;12027;https://t.me/botalkaaa;0;1;265.0;
2026-08-15 12:11:24+00:00;147660;;Боталка(Студенты) — Поступашки;1866807276;;619229681;MediaMessage;9851.0;0;;12027;https://t.me/botalkaaa;0;1;265.0;
2026-08-15 12:11:23+00:00;147659;;Боталка(Студенты) — Поступашки;1866807276;;619229681;**Видели новость про парня, который устроился в **[**Cloud.ru**](https://cloud.ru/)** (это дочка Сбера)?**  Суть в том, что он указал в резюме опыт работы в ВТБ и Райффайзене, хотя на самом деле там не работал. Каким-то образом он прошёл все этапы собеседований и в июне получил оффер в [Cloud.ru](https://cloud.ru/).  Но когда пришло время оформлять документы, он предоставил выписку из трудовой, которая, как позже выяснилось, была отредактирована (возможно, подделана). Кто-то из сотрудников или HR заметил несоответствия, и сейчас компания проводит внутреннее расследование с участием службы безопасности.  Интересный момент: я сомневаюсь, что в Райффайзене или Иннотехе вообще используют Go - там, насколько знаю, стандартная корпоративная Java. Но это уже детали.  Ситуация, мягко говоря, неприятная. Если Сбер подаст в суд, то парню, скорее всего, будет очень сложно найти работу в IT в будущем.  Что ребят как там накруточка?  **Подписаться: ****@chad_protocol**;7777.0;1;;12027;https://t.me/botalkaaa;0;1;267.0;
2026-08-15 10:57:08+00:00;147654;147646;Боталка(Студенты) — Поступашки;1866807276;;6393788691;"и откуда ты взял про ""нескольких лет""? Про дипсик смешно, бесполезные модели по сравнению с топом. А если мы берём чатгпт, то тут уже надо посчитать нашу экономику только для создания слопа. Про количество конкурентов: тут зависит от многого, в том числе временного";;;;12027;https://t.me/botalkaaa;0;0;;
2026-08-15 10:56:17+00:00;147653;;Боталка(Студенты) — Поступашки;1866807276;;2070440155;А Джун?;;0;;12027;https://t.me/botalkaaa;0;0;;
2026-08-15 10:39:45+00:00;147651;147646;Боталка(Студенты) — Поступашки;1866807276;;-1;Разве может DeepSeek написать симфонию? А взять чистый холст и превратить его в шедевр?;;;;12027;https://t.me/botalkaaa;0;0;;
2026-08-15 09:36:44+00:00;147646;;Боталка(Студенты) — Поступашки;1866807276;;7321786443;Друзья, вот такой вам вопрос. Почему на протяжении нескольких лет вы пытаете пройти на различные собеседования/вакансии/ отборы по аналитике / программированию, если сейчас уже это уходит на второй план. То есть уходят такие профессии и остаются просто навыком. Вот смысл держать Джун аналитика даже после обучения, если тот же DeepSeek  все визуализирует, посчитает, агрегирует. На вакансии сейчас после 2 часов 3к + откликов - это не Сбер и не ВК. Поделитесь своим мнением и историей успеха, кто реально прошел. Я просто сейчас сижу и не понимаю, есть ли смысл в этом всем..;;3;;12027;https://t.me/botalkaaa;0;0;;
2026-08-15 09:18:51+00:00;147645;;Боталка(Студенты) — Поступашки;1866807276;;5696901292;Кто то прошел по в т академию продуктовая аналитика?;;0;;12027;https://t.me/botalkaaa;0;0;;
2026-08-15 09:08:49+00:00;147644;;Боталка(Студенты) — Поступашки;1866807276;;871415464;кто-то проходил т-академию по аналитике? напишите в лс, пожалуйста, есть пара вопросов;;0;;12027;https://t.me/botalkaaa;0;0;;
2026-08-15 08:49:19+00:00;147640;;Боталка(Студенты) — Поступашки;1866807276;;619229681;**System Design: backend**  Задача с реального собеса Яндекса. Условие: приходит уведомление — id, тип (EMAIL/SMS/PUSH), получатель, текст. У получателя есть разрешённые каналы и блок-лист отправителей. Нужно отфильтровать уведомление и не отправить дубль, если такое же уже было за последние 24 часа. Хранилище реализовывать не надо — только контракты и логика. Погнали.  Понятное дело, что мы уже люди опытные и не побежим писать код, думать над DTO — мы сразу будем думать над системой проверок уведомлений. Для этого сначала нужно понять, **какой информации нам не хватает**.  **Определим рамки задачи** Сначала границы: какие каналы поддерживаем, откуда берём настройки получателя, что считаем «таким же» уведомлением для дедупа.  Например, что значит «такое же»? «Ваш заказ №123 готов» и «Ваш заказ №124 готов» — дубль или нет? А если одно пришло по EMAIL, а второе по SMS?  Поэтому уточняем: * дедуп общий для всех каналов или отдельный, * что именно считается одинаковым уведомлением, * что считается успешной отправкой, * какие ожидаются RPS.  Но главный вопрос один: **где мы помним, что уже отправляли?** Это относится к устройству хранилища, которое нам сказали не реализовывать, но без этой информации нам всё же не обойтись — дальше вернёмся к этому.  **Ядро решения** Ключевая мысль: фильтрация — это цепочка независимых проверок, через которую уведомление либо проходит целиком, либо отсеивается на первом же несоответствии.  Не один раздутый `if`, а pipeline из мелких фильтров: - канал разрешён у получателя, - отправитель не в блок-листе, - уведомление не дубль за последние 24 часа.  Первый же фильтр, сказавший «нет», отсекает уведомление — остальные не гоняем. Такую систему легко расширять: новый фильтр = ещё одно звено, а не правка портянки.  **Возвращаемся к дедупликации** Дедуп за 24 часа означает, что система должна хранить след недавно отправленных уведомлений. Ключ вроде: `recipient + type + id`. А по нему — время отправки. Пришло новое — считаем ключ и смотрим, существует ли такой за последние 24 часа. И два неочевидных момента.  Первый — что именно входит в `notificationIdentity`. Сырый текст не всегда подходит: если в нём динамические данные, побайтовое сравнение может дать неправильную семантику. Поэтому сначала выясняем у интервьюера, что бизнес считает дублем. Второй — TTL. Записи должны сами протухать через 24 часа, иначе хранилище будет расти бесконечно.  **Где сыпятся** Порядок фильтров: дешёвые и отсекающие проверки — вперёд. Канал и блок-лист — настройки. Дедуп — поход в стор. Глупо лезть в стор за дедупом, если уведомление и так отсечётся выключенным push.  Но есть ещё одна ловушка — **гонка на дедупе**. Поэтому `check()` и запись факта отправки должны быть атомарными. Например, через операцию `tryReserve(key, ttl)`: первый запрос получает `true`, второй — `false`. А дальше интервьюер вполне может спросить: что будет, если мы зарезервировали уведомление, а внешний провайдер упал? Вот тут уже нужно отдельно определить семантику: защищаемся от повторного вызова сервиса или гарантируем отсутствие повторной доставки пользователю? Это разные задачи.  **Контракты, а не реализация** Откуда берутся настройки и история отправок — прячем за интерфейсами: `SettingsProvider`, `HistoryStore`, и неважно, Redis там, PostgreSQL или внешний сервис. На собесе мы проектируем логику, а не привязываемся к конкретному хранилищу.  **Что тут на самом деле проверяют** Проверяют одно: видишь ли ты, что это не «класс Notification с четырьмя полями», а конвейер фильтров с памятью о недавних отправках. Красивые модели нарисует и джун — и утонет в них, не дойдя до логики. Инженер сразу думает: **что проверяем → в каком порядке → где храним состояние → что считаем дублем → что произойдёт при гонке.**  А дальше строит pipeline от дешёвых проверок к дорогим, прячет источники данных за контрактами и понимает, что дедупликация — это не просто `get()` в Redis.  **Подписаться:** [@codeof_art](https://t.me/codeof_art) **Вступить в чатик:** [@code_of_art](https://t.me/code_of_art);2792.0;0;;12027;https://t.me/botalkaaa;0;1;38.0;
2026-08-15 06:48:11+00:00;147638;;Боталка(Студенты) — Поступашки;1866807276;;525980410;Кто-нибудь проходил командные собесы по т-старт продуктовым аналитиком? Напишите в лс, пожалуйста;;0;;12027;https://t.me/botalkaaa;0;0;;
2026-08-14 16:39:00+00:00;147624;;Боталка(Студенты) — Поступашки;1866807276;;499294679;Всем привет) у кого был собес в академию авито на аналитика, напишите в лс, пожалуйста;;0;;12027;https://t.me/botalkaaa;0;0;;
2026-08-14 15:33:35+00:00;147622;147621;Боталка(Студенты) — Поступашки;1866807276;;708148340;лс;;;;12027;https://t.me/botalkaaa;0;0;;
2026-08-14 15:11:42+00:00;147621;147614;Боталка(Студенты) — Поступашки;1866807276;;5258396390;Можно сюда отправлю информацию?;;;;12027;https://t.me/botalkaaa;0;0;;
2026-08-14 14:48:50+00:00;147619;147615;Боталка(Студенты) — Поступашки;1866807276;;8629553944;Смотря от команды , направления  Но вообще сейчас с деньгами беда у всех, так что меньше чем было, ставки закрывают и тд;;;;12027;https://t.me/botalkaaa;0;0;;
2026-08-14 13:29:46+00:00;147615;;Боталка(Студенты) — Поступашки;1866807276;;49310475;Как часто люди после стажки в компании попадают в штат? В Сбере, ТБанке, Альфе, ВК;;1;;12027;https://t.me/botalkaaa;0;0;;
2026-08-14 13:27:25+00:00;147614;147582;Боталка(Студенты) — Поступашки;1866807276;;708148340;скока нада, че за турнир?;;;;12027;https://t.me/botalkaaa;0;0;;
2026-08-14 13:04:48+00:00;147611;147582;Боталка(Студенты) — Поступашки;1866807276;;6056655275;надо ммр в скобочках писать;;;;12027;https://t.me/botalkaaa;0;0;;
2026-08-14 12:33:44+00:00;147609;;Боталка(Студенты) — Поступашки;1866807276;;288103794;Привет, может у кого то есть рефералка в сбер tech ?;;0;;12027;https://t.me/botalkaaa;0;0;;
2026-08-14 10:54:42+00:00;147602;147601;Боталка(Студенты) — Поступашки;1866807276;;2024540574;quality assurance инженер, по сути тестировщик;;;;12027;https://t.me/botalkaaa;0;0;;
2026-08-14 10:54:13+00:00;147601;147599;Боталка(Студенты) — Поступашки;1866807276;;1663223505;QA это quant analyst?;;;;12027;https://t.me/botalkaaa;0;0;;
2026-08-14 09:47:14+00:00;147599;;Боталка(Студенты) — Поступашки;1866807276;;947059549;Кто может дать рефералку для Middle QA? 2 года в стартапе МТС + 1 год в Топ 1 по автомобильной электронике компании;;2;;12027;https://t.me/botalkaaa;0;0;;
2026-08-14 07:02:04+00:00;147584;147582;Боталка(Студенты) — Поступашки;1866807276;;5670134162;погнали;;;;12027;https://t.me/botalkaaa;0;0;;
2026-08-14 06:55:28+00:00;147583;147582;Боталка(Студенты) — Поступашки;1866807276;;1608590410;Птс?;;;;12027;https://t.me/botalkaaa;0;0;;
2026-08-14 06:54:20+00:00;147582;;Боталка(Студенты) — Поступашки;1866807276;;5258396390;Всем привет! Кто играет в Доту 2? Ищу участников для турнира;;6;;12027;https://t.me/botalkaaa;0;0;;
2026-08-14 06:18:46+00:00;147581;147578;Боталка(Студенты) — Поступашки;1866807276;;6982762024;Спасибо, написала;;;;12027;https://t.me/botalkaaa;0;0;;
2026-08-14 06:18:17+00:00;147580;147579;Боталка(Студенты) — Поступашки;1866807276;;467617532;Я там не учусь, а вот мой знакомый как раз оттуда;;;;12027;https://t.me/botalkaaa;0;0;;
2026-08-14 06:17:48+00:00;147579;147578;Боталка(Студенты) — Поступашки;1866807276;;752680947;А ты почему сам не можешь ответить?;;;;12027;https://t.me/botalkaaa;0;0;;
2026-08-14 06:01:01+00:00;147578;147577;Боталка(Студенты) — Поступашки;1866807276;;467617532;Привет напиши @wammero;;;;12027;https://t.me/botalkaaa;0;0;;
2026-08-14 05:59:56+00:00;147577;;Боталка(Студенты) — Поступашки;1866807276;;6982762024;"Всем привет! Мб кто то есть с маги ИТМО направление ""Разработка и эксплуатация промышленного бэкенда"", хочу задать пару вопросов про обучение";;4;;12027;https://t.me/botalkaaa;0;0;;
2026-08-13 14:44:13+00:00;147560;147544;Боталка(Студенты) — Поступашки;1866807276;;8629553944;Скорее всего да, продвинутый обычно сложнее и больше матана/алгоритмов на входе;;;;12027;https://t.me/botalkaaa;0;0;;
2026-08-13 13:58:30+00:00;147554;147553;Боталка(Студенты) — Поступашки;1866807276;;5618290977;я на бакалавре сейчас в итмо;;;;12027;https://t.me/botalkaaa;0;0;;
2026-08-13 13:55:13+00:00;147553;;Боталка(Студенты) — Поступашки;1866807276;;1568220592;Народ, есть здесь кто-то, кто в ИТМО учится на бакалавра учится? Отзовитесь;;1;;12027;https://t.me/botalkaaa;0;0;;
2026-08-13 13:38:44+00:00;147552;;Боталка(Студенты) — Поступашки;1866807276;;619229681;Сходил на собеседование в Lamoda. Предложили интересную задачу на вычисление актрисы фильмов для взрослых. Смотрим! Смотрим! По ссылке:   https://www.youtube.com/shorts/Yagn4Wcrfd4;5294.0;0;;12027;https://t.me/botalkaaa;0;1;27.0;
2026-08-13 12:59:28+00:00;147549;147547;Боталка(Студенты) — Поступашки;1866807276;;937138167;бро, это вопрос не к инцелам был;;;;12027;https://t.me/botalkaaa;0;0;;
2026-08-13 12:56:34+00:00;147547;147542;Боталка(Студенты) — Поступашки;1866807276;;7626781670;могу дать если скинешь фоток своей девушки;;;;12027;https://t.me/botalkaaa;0;0;;
2026-08-13 12:34:14+00:00;147544;;Боталка(Студенты) — Поступашки;1866807276;;8392427257;Привет, а кто-то знает отличаются ли задачи по уровню сложности на собеседовании в цу машинное обучение для обычного и продвинутого трека?;;1;;12027;https://t.me/botalkaaa;0;0;;
2026-08-13 12:28:43+00:00;147543;;Боталка(Студенты) — Поступашки;1866807276;;877494629;всем привет, кто переходил со стажки на go в штат в озоне, напишите в лс пж;;0;;12027;https://t.me/botalkaaa;0;0;;
2026-08-13 12:26:34+00:00;147542;;Боталка(Студенты) — Поступашки;1866807276;;937138167;Кто-то может скинуть чатик, где люди свои резюме кидают на оценку? Пожалуйста 😁;;2;;12027;https://t.me/botalkaaa;0;0;;
2026-08-13 12:17:08+00:00;147541;147540;Боталка(Студенты) — Поступашки;1866807276;;706164601;Ну после редактирования неинтересно;;;;12027;https://t.me/botalkaaa;0;0;;
2026-08-13 12:16:30+00:00;147540;;Боталка(Студенты) — Поступашки;1866807276;;8905670134;Нет, завтра собеседование в Авито академию по зуму, хочу понять ±, что спрашивают;;1;;12027;https://t.me/botalkaaa;0;0;;
2026-08-13 12:15:34+00:00;147539;147537;Боталка(Студенты) — Поступашки;1866807276;;706164601;В Авито одно собеседование проводят, чисто от друга слышал;;;;12027;https://t.me/botalkaaa;0;0;;
2026-08-13 12:14:03+00:00;147537;;Боталка(Студенты) — Поступашки;1866807276;;8905670134;Есть кто то, кто знает, что спрашивают на собеседовании зум Авито академии?;;1;;12027;https://t.me/botalkaaa;0;0;;
2026-08-13 11:45:11+00:00;147534;147533;Боталка(Студенты) — Поступашки;1866807276;;706164601;Ну есть компания одна, сотрудничает с ЦУ. От знакомого слышал;;;;12027;https://t.me/botalkaaa;0;0;;
2026-08-13 11:44:02+00:00;147533;147531;Боталка(Студенты) — Поступашки;1866807276;;448171041;А что секретное…;;;;12027;https://t.me/botalkaaa;0;0;;
2026-08-13 11:43:37+00:00;147532;147531;Боталка(Студенты) — Поступашки;1866807276;;1171499139;🤫;;;;12027;https://t.me/botalkaaa;0;0;;
2026-08-13 11:42:58+00:00;147531;147530;Боталка(Студенты) — Поступашки;1866807276;;706164601;Так сказал, как будто что-то секретное 💀;;;;12027;https://t.me/botalkaaa;0;0;;
2026-08-13 11:42:13+00:00;147530;147529;Боталка(Студенты) — Поступашки;1866807276;;448171041;У меня компания просто партнер цу, поэтому так выбор пал;;;;12027;https://t.me/botalkaaa;0;0;;
2026-08-13 11:41:50+00:00;147529;147528;Боталка(Студенты) — Поступашки;1866807276;;1171499139;Ну я понял, ну только если через льготный кредит, ну крч я думаю если тебе дают уже добро в цу,то пофиг;;;;12027;https://t.me/botalkaaa;0;0;;
2026-08-13 11:40:45+00:00;147528;;Боталка(Студенты) — Поступашки;1866807276;;448171041;Ну, я смотрел итмо, тк там неплохие криптографы есть, но цена типо 600к год +-;;6;;12027;https://t.me/botalkaaa;0;0;;
2026-08-13 11:39:58+00:00;147527;147526;Боталка(Студенты) — Поступашки;1866807276;;1171499139;По цене доступных?;;;;12027;https://t.me/botalkaaa;0;0;;
2026-08-13 11:39:40+00:00;147526;147525;Боталка(Студенты) — Поступашки;1866807276;;448171041;Вот я хотел на инфобез/крипту, но особо нигде не нашел доступных магистратур, да и сроки уже поджимают;;;;12027;https://t.me/botalkaaa;0;0;;
2026-08-13 11:38:32+00:00;147525;147520;Боталка(Студенты) — Поступашки;1866807276;;1171499139;Ну как минимуму да нет смысл на тоже самое направление идти в среднем ,надо смежное  Я бакалавриат инфобез закончил гуап  , а мага программирование и ии (разработка плюс машинка) итмо;;;;12027;https://t.me/botalkaaa;0;0;;
2026-08-13 11:37:37+00:00;147524;147523;Боталка(Студенты) — Поступашки;1866807276;;706164601;Я бы тебе сердечко поставил, если бы были реакции;;;;12027;https://t.me/botalkaaa;0;0;;
2026-08-13 11:37:16+00:00;147523;147522;Боталка(Студенты) — Поступашки;1866807276;;448171041;Я ради этого и устроился на работу;;;;12027;https://t.me/botalkaaa;0;0;;
2026-08-13 11:36:36+00:00;147522;147520;Боталка(Студенты) — Поступашки;1866807276;;706164601;Ай слоняра, на Канье сходил;;;;12027;https://t.me/botalkaaa;0;0;;
2026-08-13 11:35:55+00:00;147521;;Боталка(Студенты) — Поступашки;1866807276;;1119732245;В США и Англии есть онлайн магистратуры. И в чем прикол, их можно окончить без наличия бакалавриата;;0;;12027;https://t.me/botalkaaa;0;0;;
2026-08-13 11:35:44+00:00;147520;147517;Боталка(Студенты) — Поступашки;1866807276;;448171041;ФИИТ юфу. Ну типо у меня представление базовое какое-то есть об ML, что-то даже делали в универе, но прямо фундаментальных знаний особо нет;;;;12027;https://t.me/botalkaaa;0;0;;
2026-08-13 11:34:48+00:00;147519;147518;Боталка(Студенты) — Поступашки;1866807276;;706164601;Сомнительно, но окэй;;;;12027;https://t.me/botalkaaa;0;0;;
2026-08-13 11:34:17+00:00;147518;147516;Боталка(Студенты) — Поступашки;1866807276;;1119732245;Тогда сомнительно уже;;;;12027;https://t.me/botalkaaa;0;0;;
2026-08-13 11:33:45+00:00;147517;147501;Боталка(Студенты) — Поступашки;1866807276;;1171499139;А какой бак закончил?;;;;12027;https://t.me/botalkaaa;0;0;;
2026-08-13 11:32:56+00:00;147516;147515;Боталка(Студенты) — Поступашки;1866807276;;706164601;Да;;;;12027;https://t.me/botalkaaa;0;0;;
2026-08-13 11:30:57+00:00;147515;147499;Боталка(Студенты) — Поступашки;1866807276;;1119732245;Офигеть какой кайф. Но она платная наверное?;;;;12027;https://t.me/botalkaaa;0;0;;
2026-08-13 11:29:38+00:00;147514;;Боталка(Студенты) — Поступашки;1866807276;;1119732245;"Вверх взмывает слово ""База"",  Без малейшего кринжа!  Наш порыв, и мудрость властно -  Враз восславит мудреца!  Гройпер базы гигачадов  Поведёт нас вверх, вперёд.  Будет мудростию верен кринжебазовый народ!    Крепчает наш оплот  Лишь с Пиновым вперёд,  Он базою зовёт,  Он в бой нас поведёт!  И мудрость. Мудрость вознесёт!    Лом, ликер, платина, кукеч  от кринжа вздымают тучи!  Слышен там, из облаков  Абырвалг! - кринжовый зов    Крепчает наш оплот  Лишь с Пиновым вперёд,  Он базою зовёт,  Он в бой нас поведёт!  И мудрость. Мудрость вознесёт!    Их 6 слов, нам как молитва  Вмиг за них, нагрянет битва  Бой за слово, нам свободно,  Мудрецам - мудрей угодно!    Крепчает наш оплот  Лишь с Пиновым вперёд,  Он базою зовёт,  Он в бой нас поведёт!  Сердца огнём зажжёт!  И мудрость. Мудрость вознесёт!  И мудрость.  Мудрость вознесёт!";;0;;12027;https://t.me/botalkaaa;0;0;;
2026-08-13 10:12:54+00:00;147511;;Боталка(Студенты) — Поступашки;1866807276;;936324933;Привет, подскажите пж как подтянуть англ до В1-2 (курсы сайты и тд). Месяца за 3-5. Что то когда то учил но все забыл;;0;;12027;https://t.me/botalkaaa;0;0;;
2026-08-13 09:46:58+00:00;147510;;Боталка(Студенты) — Поступашки;1866807276;;448171041;А, кстати, а как сессии в онлайн формате проходят?;;0;;12027;https://t.me/botalkaaa;0;0;;
2026-08-13 09:40:42+00:00;147509;147507;Боталка(Студенты) — Поступашки;1866807276;;910340154;Уж не супер помню если честно, тяжело сказать.там ничего сложного не было , логические задачки были;;;;12027;https://t.me/botalkaaa;0;0;;
2026-08-13 09:36:36+00:00;147507;147496;Боталка(Студенты) — Поступашки;1866807276;;7765576251;А можешь рассказать, что спрашивали на собесе при поступлении?;;;;12027;https://t.me/botalkaaa;0;0;;
2026-08-13 09:32:15+00:00;147506;;Боталка(Студенты) — Поступашки;1866807276;;7467126466;Спасибо и вам. Россия, Путин, Победа!;;0;;12027;https://t.me/botalkaaa;0;0;;
2026-08-13 09:23:21+00:00;147505;;Боталка(Студенты) — Поступашки;1866807276;;7673628369;Доброго дня;;0;;12027;https://t.me/botalkaaa;0;0;;
2026-08-13 08:41:52+00:00;147504;147503;Боталка(Студенты) — Поступашки;1866807276;;910340154;Да;;;;12027;https://t.me/botalkaaa;0;0;;
2026-08-13 08:41:08+00:00;147503;147502;Боталка(Студенты) — Поступашки;1866807276;;448171041;Это ты про онлайн же?;;;;12027;https://t.me/botalkaaa;0;0;;
2026-08-13 08:40:50+00:00;147502;147501;Боталка(Студенты) — Поступашки;1866807276;;910340154;Программа практически с нуля идёт по мл, все равно чтобы стать хорошим специалистом потребуется постоянно учиться самостоятельно. на 2 курсе маги ребята уже выбирают себе тему для научной статьи , они (ЦУ) сотрудничают с AIRI;;;;12027;https://t.me/botalkaaa;0;0;;
2026-08-13 08:37:54+00:00;147501;147500;Боталка(Студенты) — Поступашки;1866807276;;448171041;"Просто смутило, что на онлайн программе сильно меньше курсов, поэтому и задумался ""а есть ли смысл"". Просто я щас бэкендер, а хотелось бы в ML прямо погрузиться и по сути опыта особо в ML нет";;;;12027;https://t.me/botalkaaa;0;0;;
2026-08-13 08:34:53+00:00;147500;;Боталка(Студенты) — Поступашки;1866807276;;910340154;Тем более у онлайн программы тоже есть свои семинары, не молчи на них и на любой практической работе с преподавателем/ своей командой ,просто не скипай ничего, занимайся и всё будет ок;;12;;12027;https://t.me/botalkaaa;0;0;;
2026-08-13 08:32:44+00:00;147499;147498;Боталка(Студенты) — Поступашки;1866807276;;910340154;(Я больше шарю за онлайн программу если что) По поводу качества преподавания: не супер есть смысл гнаться за этим, преподы на онлайн программе нормальные, у них хорошие лекционные материалы , домашки, если есть хорошая работа, то и не вижу смысла чтобы идти в очную.На онлайн программе можно спокойно выйти на красный диплом, в отличие от очников.Мне кажется если ты будешь учиться добросовестно на онлайн программе, то будешь знать не хуже очников;;;;12027;https://t.me/botalkaaa;0;0;;
2026-08-13 08:25:39+00:00;147498;147497;Боталка(Студенты) — Поступашки;1866807276;;448171041;Я вот как раз про ML думал. А ты говоришь, что суть примерно одна и та же у этих форматов обучения, но в очке больше курсов, судя по программе. Сильно ли отличается качество преподавания? И в плане знаний слабее ли онлайн? Или все равно на выходе тоже самое получается?  Просто я еще это с работой совмещать буду, реально ли будет или ☠️;;;;12027;https://t.me/botalkaaa;0;0;;
2026-08-13 08:21:55+00:00;147497;147496;Боталка(Студенты) — Поступашки;1866807276;;910340154;Отсрочка на онлайн программах если что тоже есть , просто на всякий случай смотри при подписании договора с ЦУ что указано и на самом сайте с твоим направлением.Про магу на направление в ML точно знаю что есть отсрочка;;;;12027;https://t.me/botalkaaa;0;0;;
2026-08-13 08:18:13+00:00;147496;147489;Боталка(Студенты) — Поступашки;1866807276;;910340154;Онлайн программа гораздо проще, чем очная учеба в ЦУ в маге.Суть примерно одна и та же, просто с очников спрашивают больше и на всех экзаменах следят чтобы никто не списывал.В онлайн программе пары в вечернее время, спокойно себе дома сидишь, требуется только сам факт подключения к этим парам, а так что ты будешь делать на них- уже дело твое.;;;;12027;https://t.me/botalkaaa;0;0;;
2026-08-13 07:42:20+00:00;147494;147493;Боталка(Студенты) — Поступашки;1866807276;;448171041;Зачем человек тогда отвечает, если не знает :/;;;;12027;https://t.me/botalkaaa;0;0;;
2026-08-13 07:41:50+00:00;147493;147491;Боталка(Студенты) — Поступашки;1866807276;;1171499139;Так и есть,в условном в итмо есть такие маги;;;;12027;https://t.me/botalkaaa;0;0;;
2026-08-13 07:41:46+00:00;147492;;Боталка(Студенты) — Поступашки;1866807276;;7782576683;у кого было собеседование в ааа, подскажите, пожалуйста, формат вопросов, насколько сложно;;0;;12027;https://t.me/botalkaaa;0;0;;
2026-08-13 07:41:15+00:00;147491;147490;Боталка(Студенты) — Поступашки;1866807276;;448171041;Там же очная магистратура, но просто в онлайн формате. Это ведь не заочка;;;;12027;https://t.me/botalkaaa;0;0;;
2026-08-13 07:38:08+00:00;147490;147489;Боталка(Студенты) — Поступашки;1866807276;;286796221;Онлайн программы как минимум отсрочку не дают - тоже важно учитывать. Не знаю, как на других онлайн программах, но исторически сложилось, что заочники хуже усваивают материал, чем очники;;;;12027;https://t.me/botalkaaa;0;0;;
2026-08-13 07:36:41+00:00;147489;;Боталка(Студенты) — Поступашки;1866807276;;448171041;Ребят, а есть кто шарит за ЦУ? Имеет ли смысл на очку поступать туда? Или онлайн программы – это тоже самое?;;14;;12027;https://t.me/botalkaaa;0;0;;
2026-08-13 06:58:36+00:00;147488;;Боталка(Студенты) — Поступашки;1866807276;;1410351570;Подскажите, что спрашивают на Аналитика данных в сбер стажку, на тех интервью конкретно;;0;;12027;https://t.me/botalkaaa;0;0;;
2026-08-13 00:14:07+00:00;147484;147481;Боталка(Студенты) — Поступашки;1866807276;;848587220;Поступашки тоже начали нейрослопить 😞;;;;12027;https://t.me/botalkaaa;0;0;;
2026-08-12 22:48:44+00:00;147482;;Боталка(Студенты) — Поступашки;1866807276;;1671543395;Всем привет! Ребята, очень нужен ваш опыт для исследовательского проекта.   Пишу статью про нейросетевое редактирование студенческих работ (курсовых, ВКР). Если вы хотя бы раз прогоняли свой учебный текст через ИИ, чтобы исправить ошибки или улучшить стиль, уделите пожалуйста, 3 минуты анонимной анкете.   Ваше участие поможет собрать реальные количественные данные для исследования.   Ссылка на Яндекс форму: https://forms.yandex.ru/u/6a7a09c295add5aab30b412e Спасибо за внимание!  Плюсик в карму за распространение среди однокурсников;;0;;12027;https://t.me/botalkaaa;0;0;;
2026-08-12 17:42:40+00:00;147481;;Боталка(Студенты) — Поступашки;1866807276;;619229681;**System Design: backend**  Как и обещал — задачка с бэковой секции Яндекса. На system design там реально дают «спроектируй ленту новостей, как в Твиттере/ВК, где новостные посты выдаются на основе подписок на авторов»: человек подписан на кучу людей, открывает приложение и видит их посты, свежие сверху. Погнали.  Базовая идея — идти от базы: на открытии ленты делаем `SELECT * FROM posts WHERE author IN (на кого подписан) ORDER BY time LIMIT 50`. В деве летает. Но в продовой бд так не прокатит: у юзера тысяча подписок, у каждого тысячи постов, и так одновременно долбят миллионы людей. Лента открывается на каждый заход — чтение это самый горячий путь, и вот на нём база и ляжет. Дальше обсудим, какое примерное решение от тебя ждут на собесе.  **Уточняем детали** Сначала уточни границы: сколько подписок у среднего юзера, сколько постов в день, какая задержка ок. Но главный вопрос один: есть ли у нас звёзды — аккаунты на миллионы подписчиков? Звучит как продуктовая мелочь, а на деле именно он разворачивает всю архитектуру — сейчас увидишь как.  **Попробуем зайти от обратного** Ключевая идея, ради которой задача и придумана: не собирай ленту в момент, когда её открыли. Собери заранее. Когда автор публикует пост, мы разносим (fan-out) его по заранее посчитанным лентам всех подписчиков — кладём в «инбокс» каждого. Тогда открыть ленту — дешёвое чтение готового списка, без тяжёлого запроса по всем подпискам. Смысл манёвра: дорогую работу мы перенесли с частого чтения на редкую запись. Пост пишут один раз, а ленту с ним открывают тысячи раз — вот пусть будет тяжело один раз на записи, а не тысячу раз на чтении.   **Возвращаемся к звёздам** А теперь тот самый вопрос. Fan-out на записи прекрасен — пока блогер с 40 миллионами подписчиков не нажмёт «опубликовать». Один пост превращается в 40 миллионов записей, разом, всплеском. Одна звезда убивает всю схему. Поэтому — гибрид. Обычные аккаунты разносим по подписчикам на записи. А посты звёзд не разносим: их мало, зато подписчиков тьма. Их подтягиваем в момент чтения и подмешиваем в готовую ленту. Разложил систему на два пути ровно из-за вопроса про звёзд — это ответ уже не ниже мидла.  В целом вся задача это пример из «Designing Data-Intensive Applications» Клеппманна, первая глава там ровно про ленту Твиттера. Готовишься к систем дизайну — тогда стоит ознакомиться с этой книжкой, не пожалеешь.  **Где запнуться можно** Всё вытекает из мысли «работаем на записи». Забыл — провалился. Разнос — асинхронный, через очередь. Автор нажал «опубликовать» — его запрос не ждёт, пока пост доедет до десятков тысяч лент: кинули задачу в брокер, ответили сразу, подписчики увидят через секунду. Тут ок eventual consistency — лента не банковский баланс. В инбоксы кладём не посты, а их id. Хранить полный текст в ленте у каждого из тысяч подписчиков — копия одного и того же миллион раз. Держим ссылки, сам пост подтягиваем при чтении. Не разноси мёртвым душам: если юзер не заходил полгода, гонять его ленту на каждый пост подписок — жечь ресурсы впустую. Соберём на чтении, если вернётся. И идемпотентность: разнос будет ретраиться при сбоях, один и тот же пост не должен лечь в ленту дважды.  **На что нацелена задача по итогу** Проверяют этой задачей одно: видишь ли ты, где в системе на самом деле тяжело. Наивный SELECT по подпискам — «лента как страница в базе», его напишет и джун. А инженер замечает, что ленту открывают в тысячи раз чаще, чем пишут пост, и переносит всю тяжесть туда, где она случается редко — на запись. Дальше это само тянет за собой и очередь, и гибрид под звёзд, и хранение по ссылкам: весь дизайн — следствие одного решения, считать ленту заранее, а не на лету. Дожал эту мысль — секция твоя.  **Подписаться:** [@codeof_art](https://t.me/codeof_art) **Вступить в чатик:** [@code_of_art](https://t.me/code_of_art);2596.0;1;;12027;https://t.me/botalkaaa;0;1;37.0;
2026-08-12 15:58:21+00:00;147472;;Боталка(Студенты) — Поступашки;1866807276;;5961475527;в ближайшее время;;0;;12027;https://t.me/botalkaaa;0;0;;
2026-08-12 15:56:10+00:00;147471;147469;Боталка(Студенты) — Поступашки;1866807276;;5961475527;завтра;;;;12027;https://t.me/botalkaaa;0;0;;
2026-08-12 15:55:45+00:00;147470;147469;Боталка(Студенты) — Поступашки;1866807276;;1027100045;у них на сайте есть запись на экскурсии;;;;12027;https://t.me/botalkaaa;0;0;;
2026-08-12 15:54:41+00:00;147469;;Боталка(Студенты) — Поступашки;1866807276;;5961475527;кто-нибудь может провести в офис тбанка в москве, как знакомого, очень хочется посетить его;;2;;12027;https://t.me/botalkaaa;0;0;;
2026-08-12 13:47:04+00:00;147462;;Боталка(Студенты) — Поступашки;1866807276;;683695051;Привет всем! Про стажировку аналитиком в т-банке может кто рассказать? Что вообще говорят? Норм? Подскажите куда можно пойти вообще, закончил бакалавриат бизнес аналитики;;0;;12027;https://t.me/botalkaaa;0;0;;
2026-08-12 13:45:52+00:00;147461;147450;Боталка(Студенты) — Поступашки;1866807276;;1489826664;Хз как поможет кроме как что мой инглиш прокачает;;;;12027;https://t.me/botalkaaa;0;0;;
2026-08-12 11:54:07+00:00;147458;147454;Боталка(Студенты) — Поступашки;1866807276;;848587220;Вот это уже реалистично;;;;12027;https://t.me/botalkaaa;0;0;;
2026-08-12 11:51:52+00:00;147457;147456;Боталка(Студенты) — Поступашки;1866807276;;7489647466;плюсы бэк;;;;12027;https://t.me/botalkaaa;0;0;;
2026-08-12 11:51:41+00:00;147456;147454;Боталка(Студенты) — Поступашки;1866807276;;991561880;а что за направление?;;;;12027;https://t.me/botalkaaa;0;0;;
2026-08-12 11:48:22+00:00;147454;147453;Боталка(Студенты) — Поступашки;1866807276;;7489647466;так с того момента уже прошло еще два месяца;;;;12027;https://t.me/botalkaaa;0;0;;
2026-08-12 11:45:40+00:00;147453;147400;Боталка(Студенты) — Поступашки;1866807276;;848587220;2 недели это какой-то детский жалкий уровень;;;;12027;https://t.me/botalkaaa;0;0;;
2026-08-12 10:35:30+00:00;147450;145868;Боталка(Студенты) — Поступашки;1866807276;;8097036434;англ мага для релокейта крутая тема же;;;;12027;https://t.me/botalkaaa;0;0;;
2026-08-12 10:29:31+00:00;147449;147401;Боталка(Студенты) — Поступашки;1866807276;;820472626;Однажды Эрнест Хемингуэй поспорил что напишет самый короткий рассказ, способный растрогать любого;;;;12027;https://t.me/botalkaaa;0;0;;
2026-08-12 09:44:31+00:00;147448;147415;Боталка(Студенты) — Поступашки;1866807276;;1171499139;Просто жди и не парься;;;;12027;https://t.me/botalkaaa;0;0;;
2026-08-12 09:28:28+00:00;147447;;Боталка(Студенты) — Поступашки;1866807276;;8024421838;подскажите скок щас вилки в тинек на миддла гошника?;;0;;12027;https://t.me/botalkaaa;0;0;;
2026-08-11 23:58:58+00:00;147415;;Боталка(Студенты) — Поступашки;1866807276;;1086504696;Кто подавался в тбанк через интенсив, какая вероятность того, что одобрят стажку?;;1;;12027;https://t.me/botalkaaa;0;0;;
2026-08-11 23:47:44+00:00;147414;;Боталка(Студенты) — Поступашки;1866807276;;1116181638;есть кто подавался на стажировку DS в x5, что по вилке и что спрашивают на каком этапе?;;0;;12027;https://t.me/botalkaaa;0;0;;
2026-08-11 19:31:47+00:00;147407;;Боталка(Студенты) — Поступашки;1866807276;;7467126466;ну те рекрутер анкету шлет типа  расскажите о себе свой вуз достижения стек и тд и тп  ты просто его меняешь и все достижения добавляешь больше.. стек больше.. тд тп;;0;;12027;https://t.me/botalkaaa;0;0;;
2026-08-11 19:31:08+00:00;147406;147404;Боталка(Студенты) — Поступашки;1866807276;;1776022296;это как?;;;;12027;https://t.me/botalkaaa;0;0;;
2026-08-11 19:30:26+00:00;147405;147404;Боталка(Студенты) — Поступашки;1866807276;;7489647466;понял спасибо;;;;12027;https://t.me/botalkaaa;0;0;;
2026-08-11 19:29:45+00:00;147404;147400;Боталка(Студенты) — Поступашки;1866807276;;7467126466;эффективное что мне помогло это изменить анкету и отослать снова и сразу за неделю нашлось что за пол года не искалось;;;;12027;https://t.me/botalkaaa;0;0;;
2026-08-11 19:28:44+00:00;147403;147400;Боталка(Студенты) — Поступашки;1866807276;;6376596479;Добро пожаловать;;;;12027;https://t.me/botalkaaa;0;0;;
2026-08-11 19:22:55+00:00;147402;147400;Боталка(Студенты) — Поступашки;1866807276;;7489647466;финалов в яндексе на плюсах не существует;;;;12027;https://t.me/botalkaaa;0;0;;
2026-08-11 19:22:39+00:00;147401;147390;Боталка(Студенты) — Поступашки;1866807276;;7467126466;помню мне чел 40 минут рассказывал в подробностях что я буду делать, 20 минут показывал как доехать до офиса в метро  собес окончился через 10 минут пришел отказ;;;;12027;https://t.me/botalkaaa;0;0;;
2026-08-11 19:21:56+00:00;147400;147390;Боталка(Студенты) — Поступашки;1866807276;;7489647466;MediaMessage;;;;12027;https://t.me/botalkaaa;0;0;;
2026-08-11 19:20:09+00:00;147399;147398;Боталка(Студенты) — Поступашки;1866807276;;1671543395;У меня уже одна есть и скоро её дропнут на elibrary, одна на рецензировании в журнале, для одной собираю данные эмпирические и ещё одну пишу сейчас;;;;12027;https://t.me/botalkaaa;0;0;;
2026-08-11 19:19:38+00:00;147398;147397;Боталка(Студенты) — Поступашки;1866807276;;1194810978;сколько ты работ уже написал я каждый раз захожу вижу ты снова с народа данные трясешь;;;;12027;https://t.me/botalkaaa;0;0;;
2026-08-11 19:18:35+00:00;147397;;Боталка(Студенты) — Поступашки;1866807276;;1671543395;Всем привет! Ребята, очень нужен ваш опыт для исследовательского проекта.   Пишу статью про нейросетевое редактирование студенческих работ (курсовых, ВКР). Если вы хотя бы раз прогоняли свой учебный текст через ИИ, чтобы исправить ошибки или улучшить стиль, уделите пожалуйста, 3 минуты анонимной анкете.   Ваше участие поможет собрать реальные количественные данные для исследования.   Ссылка на Яндекс форму: https://forms.yandex.ru/u/6a7a09c295add5aab30b412e Спасибо за внимание!  Плюсик в карму за распространение среди однокурсников;;2;;12027;https://t.me/botalkaaa;0;0;;
2026-08-11 19:14:21+00:00;147395;;Боталка(Студенты) — Поступашки;1866807276;;7626781670;тут есть кванты?;;0;;12027;https://t.me/botalkaaa;0;0;;
2026-08-11 19:06:01+00:00;147394;147393;Боталка(Студенты) — Поступашки;1866807276;;1027100045;Да;;;;12027;https://t.me/botalkaaa;0;0;;
2026-08-11 18:56:24+00:00;147393;;Боталка(Студенты) — Поступашки;1866807276;;1254092677;Кому нибудь выслали приглашение на ярмарку вакансий от Яндекса 14 числа?;;1;;12027;https://t.me/botalkaaa;0;0;;
2026-08-11 18:11:06+00:00;147392;147390;Боталка(Студенты) — Поступашки;1866807276;;1627316505;С паяльником и материнкой;;;;12027;https://t.me/botalkaaa;0;0;;
2026-08-11 18:00:17+00:00;147391;147390;Боталка(Студенты) — Поступашки;1866807276;;1673021118;По вайбу;;;;12027;https://t.me/botalkaaa;0;0;;
2026-08-11 17:58:43+00:00;147390;;Боталка(Студенты) — Поступашки;1866807276;;5293787491;Как проходят финалы в Яндексе если на плюсы идёшь?;;15;;12027;https://t.me/botalkaaa;0;0;;
2026-08-11 16:58:40+00:00;147389;;Боталка(Студенты) — Поступашки;1866807276;;356672985;Есть кто стажировался в вк на бэк?;;0;;12027;https://t.me/botalkaaa;0;0;;
2026-08-11 16:26:53+00:00;147388;;Боталка(Студенты) — Поступашки;1866807276;;653007585;Есть кто сдавал ии инфобез в ИТМО?;;0;;12027;https://t.me/botalkaaa;0;0;;
2026-08-11 14:51:24+00:00;147387;147384;Боталка(Студенты) — Поступашки;1866807276;;8629553944;Сори, не на то ответил);;;;12027;https://t.me/botalkaaa;0;0;;
2026-08-11 14:51:17+00:00;147386;;Боталка(Студенты) — Поступашки;1866807276;;619229681;**В каких фондах работают наши выпускники**  Выпускники [наших курсов](https://old.postypashki.ru/%D0%BA%D1%83%D1%80%D1%81%D1%8B/)-студенты ШАДа давно обжились в мире квантов и сегодня работают в фондах, которые двигают глобальные рынки. Собрали для вас подборку таких компаний: большинство из них основаны выходцами из России, а их стажировки и позиции по-прежнему открыты для сильных ребят из СНГ. Вы можете спокойно откликаться на их вакансии.   **XTX Markets** Один из крупнейших алгомаркетмейкеров мира. Родоначальник - Александр Герко, экс-трейдер Deutsche Bank с российским прошлым и британским паспортом с 2016-го. Ему принадлежит ≥75% компании. Офисы: Нью-Йорк, Париж, Сингапур, Мумбаи, Ереван. Много вкладываются в математическое образование и благотворительность. Герко нашумел, став крупнейшим налогоплательщиком Великобритании в 2022 и 2023 годах.  **Teza Technologies** Основана в 2009-м Михаилом Малышевым после громкого ухода из Citadel. Кен Гриффин тогда подал в суд за нарушение non-compete и якобы кражу конфиденциальных данных - скандал был эпичный. В 2017-м Teza продала HFT-часть Quantlab и сфокусировалась на статарбитраже, который, по слухам, не даёт впечатляющих результатов.   **Wunder Fund** Год рождения - 2014. Создатели: выпускник МФТИ Георгий Черемовский, а также Александр Власюк и Эмиль Лернер (выходцы из AIM Tech). Сегодня суточный оборот:  $4 млрд, база в Лондоне, ликвидность для 9 крупнейших бирж Европы, Азии и Латинской Америки. Пытались запустить криптофьючерсную биржу Onederx, но сайт мёртв, история загадочная.   **Àlber Blanc** Старт в 2010-м от двух физиков: Никиты Масюкова и Антона Бабушкина. Ежемесячно ~10 млн сделок с оборотом до $150 млрд. Офисы в Москве, Петербурге и итальянской Савоне. После трейдинга основатели ушли в проекты с пилотируемыми дронами и дальнюю передачу данных - физика не отпускает.  **Quantum Brains** Настоящие динозавры: начали в Питере ещё в 2006-м. Основатели: Григорий Фишман и Арсен Яковлев. Работают через нейросети, матмодели, методы Монте-Карло и Маркова. Сейчас офисы в Тбилиси и Берлине. Фишман стал легендой, когда на ЛЧИ превратил 50 тыс. рублей в миллионы за три месяца. Ищут людей с разным бэкграундом - лишь бы brains работали.  **Eqvilent** Основана в 2020-м Станиславом Семёновым.  В прошлом первым номером Kaggle в мире. Стратегии строятся на глубоком обучении, очень ценят участников Kaggle-соревнований. Офисы в Дубае и Лондоне, команда распределённая. Правда, Glassdoor рисует бесконечные этапы собесов без офферов.  **Pinely (бывшие AIM-Tech)** Запустились в 2008-м усилиями Ильи Седошкина и Константина Кузнецова, но в 2021-м внезапно переименовались и теперь позиционируют себя как молодая компания. Офисы: Нидерланды, Сингапур, Кипр, Грузия. Фанаты спортивного программирования: регулярно спонсируют контесты, культивируют свободу и отсутствие жёсткой иерархии.  **QST (ex-Quantstellation, ex-Созвездие)** Начали в 2008-м как группа хедж-фондов «ИФК Созвездие». Сменили название дважды, в том числе после китайских событий. Ключевые лица: Антон Мурашов, Амир Алиев, Александр Минасян, Ольга Кокарева. Базируются на Кипре, Мальте и в Великобритании.  На самом деле компаний с такими корнями заметно больше  - и это лишний раз подтверждает, что на постсоветском пространстве сохраняется одна из сильнейших математических школ. А значит, у вас есть все шансы занять место в индустрии, которая меняет мировые финансы.   **Подписаться: ****@matesha_shad**;5981.0;0;;12027;https://t.me/botalkaaa;0;1;106.0;
2026-08-11 14:43:59+00:00;147385;147377;Боталка(Студенты) — Поступашки;1866807276;;773798619;А не ДИНАСТИИИИЯ;;;;12027;https://t.me/botalkaaa;0;0;;
2026-08-11 14:41:11+00:00;147384;147372;Боталка(Студенты) — Поступашки;1866807276;;2139095060;Зачем меня тегнули);;;;12027;https://t.me/botalkaaa;0;0;;
2026-08-11 14:26:21+00:00;147383;147377;Боталка(Студенты) — Поступашки;1866807276;;5260291527;ХАХАХА;;;;12027;https://t.me/botalkaaa;0;0;;
2026-08-11 14:06:44+00:00;147378;;Боталка(Студенты) — Поступашки;1866807276;;787556047;всем привет! есть люди, которые работают или проходили собесы в сбер на ml инженера?;;0;;12027;https://t.me/botalkaaa;0;0;;
2026-08-11 13:54:15+00:00;147377;;Боталка(Студенты) — Поступашки;1866807276;;5775360356;бро асфальт 8 уже не хайп, ща новый мем увидел в тиктоке сюйуйуйу;;2;;12027;https://t.me/botalkaaa;0;0;;
2026-08-11 13:45:15+00:00;147375;;Боталка(Студенты) — Поступашки;1866807276;;7467126466;подо мной м5 асфальт 8;;0;;12027;https://t.me/botalkaaa;0;0;;
2026-08-11 13:31:06+00:00;147373;;Боталка(Студенты) — Поступашки;1866807276;;8337792835;M5 😙;;0;;12027;https://t.me/botalkaaa;0;0;;
2026-08-11 13:14:12+00:00;147372;147244;Боталка(Студенты) — Поступашки;1866807276;;8629553944;Если бюджет позволяет - Macbook Air M-серии закроет все три пункта разом, для учебы за глаза хватит;;;;12027;https://t.me/botalkaaa;0;0;;
2026-08-11 13:02:10+00:00;147371;147369;Боталка(Студенты) — Поступашки;1866807276;;936841385;и снова здравствуйте;;;;12027;https://t.me/botalkaaa;0;0;;
2026-08-11 13:01:34+00:00;147369;;Боталка(Студенты) — Поступашки;1866807276;;8367536880;大家好;;1;;12027;https://t.me/botalkaaa;0;0;;
2026-08-11 11:16:19+00:00;147364;147362;Боталка(Студенты) — Поступашки;1866807276;;1171499139;👻;;;;12027;https://t.me/botalkaaa;0;0;;
2026-08-11 11:09:14+00:00;147362;147357;Боталка(Студенты) — Поступашки;1866807276;;7626781670;негры пидорасы;;;;12027;https://t.me/botalkaaa;0;0;;
2026-08-11 10:14:37+00:00;147357;147356;Боталка(Студенты) — Поступашки;1866807276;;1171499139;👍🏿;;;;12027;https://t.me/botalkaaa;0;0;;
2026-08-11 10:13:36+00:00;147356;147355;Боталка(Студенты) — Поступашки;1866807276;;1119732245;Тупые люди закончились наверное, интернет в каждый дом проведен;;;;12027;https://t.me/botalkaaa;0;0;;
2026-08-11 10:11:12+00:00;147355;147354;Боталка(Студенты) — Поступашки;1866807276;;1171499139;А что там в 2026 ,расскажи что изменилось;;;;12027;https://t.me/botalkaaa;0;0;;
2026-08-11 10:08:40+00:00;147354;147353;Боталка(Студенты) — Поступашки;1866807276;;1119732245;Щас бы об этом рассказывать в 2026 году..... 😂;;;;12027;https://t.me/botalkaaa;0;0;;
2026-08-11 10:07:59+00:00;147353;147245;Боталка(Студенты) — Поступашки;1866807276;;1171499139;Как будто лучше все равно ноут в среднем (линикус плюс винду можно установить параллельно );;;;12027;https://t.me/botalkaaa;0;0;;
2026-08-11 10:07:20+00:00;147352;147245;Боталка(Студенты) — Поступашки;1866807276;;348757038;Последние версии Амд и Интел тоже сейчас работают долго как мак, главное с встройкой взять Ну и можно столкнуться на чисто проприетарный софт под винду на учебе;;;;12027;https://t.me/botalkaaa;0;0;;
2026-08-11 10:04:26+00:00;147351;147245;Боталка(Студенты) — Поступашки;1866807276;;656217058;смотря где учишься в вышке перми с маками учиться было невозможно без устройства на windows;;;;12027;https://t.me/botalkaaa;0;0;;
2026-08-11 10:00:41+00:00;147350;147335;Боталка(Студенты) — Поступашки;1866807276;;7626781670;Может постажироваться в твоей компании 😍🍌;;;;12027;https://t.me/botalkaaa;0;0;;
2026-08-11 10:00:29+00:00;147349;147347;Боталка(Студенты) — Поступашки;1866807276;;773798619;посиди пока на стульчике;;;;12027;https://t.me/botalkaaa;0;0;;
2026-08-11 09:59:31+00:00;147348;147345;Боталка(Студенты) — Поступашки;1866807276;;1171499139;А она одна снимается или там несколько актеров ?;;;;12027;https://t.me/botalkaaa;0;0;;
2026-08-11 09:59:25+00:00;147347;147346;Боталка(Студенты) — Поступашки;1866807276;;7626781670;Ты мне нахуй не нужон я хочу помогать утром а ебать Алину днём;;;;12027;https://t.me/botalkaaa;0;0;;
2026-08-11 09:58:47+00:00;147346;147345;Боталка(Студенты) — Поступашки;1866807276;;773798619;да давай;;;;12027;https://t.me/botalkaaa;0;0;;
2026-08-11 09:57:54+00:00;147345;147335;Боталка(Студенты) — Поступашки;1866807276;;7626781670;Можно познакомиться красотка?;;;;12027;https://t.me/botalkaaa;0;0;;
2026-08-11 08:05:16+00:00;147343;;Боталка(Студенты) — Поступашки;1866807276;;702099367;Всем привет! Может кто сможет помочь. Мне нужен Vk Workspace   на айфон, но т.к в app store нет его((  Мне нужен ipa файл, может кто может помочь..? Поделиться?);;0;;12027;https://t.me/botalkaaa;0;0;;
2026-08-10 20:51:51+00:00;147336;;Боталка(Студенты) — Поступашки;1866807276;;6597305669;я не робот, я не мамонт, требую камшот на моё физическое лицо, мамонтизировал Даниила Козловский, требую мамонтизацию и установление бивня;;0;;12027;https://t.me/botalkaaa;0;0;;
2026-08-10 19:50:28+00:00;147335;;Боталка(Студенты) — Поступашки;1866807276;;619229681;MediaMessage;31670.0;6;;12027;https://t.me/botalkaaa;0;1;935.0;
2026-08-10 19:50:28+00:00;147334;;Боталка(Студенты) — Поступашки;1866807276;;619229681;**У России три пути: 18+, ***** и IT ** И кажется, у нас случился переход между карьерными треками… Нам неважно, какой у человека бэкграунд и чем он занимался раньше. Важно, куда он хочет прийти и что готов для этого делать.  Наша студентка, Алина, решила кардинально сменить сферу, пришла на [**«СТАРТ»**](https://t.me/postypashki_old/1757) и теперь готовится к своей новой цели — получить оффер в Яндекс.  Можно следить за успехами и учиться вместе с Алиной. На [**наши курсы старт**](https://t.me/postypashki_old/1757), идут [**финальные 4 часа скидки**](https://t.me/postypashki_old/1835).   ➡️** **[**Записаться**](https://t.me/m/p94YcePXNjcy);30627.0;0;;12027;https://t.me/botalkaaa;0;1;252.0;
2026-08-10 19:05:40+00:00;147333;;Боталка(Студенты) — Поступашки;1866807276;;619229681;"**Кому сейчас проще найти работу в эпоху ИИ**  Кто-то ловит офферы пачками за месяц, а кто-то и сидит без приглашений и не понимает, что происходит. Виной всему - не столько кризис, сколько влияние ИИ и перенасыщение рынка некоторыми специалистами. В этом посте разложу ситуацию по каждой специальности, опираясь на реальные кейсы, и расскажу, за кем ИТ-компании сейчас охотятся по-настоящему, а кто рискует остаться за бортом эпохи ИИ.  **ML-инженеры**. Традиционно горячая точка сейчас сосредоточена вокруг ML. Ажиотаж на рынке подогревает спрос настолько, что инженеров любого уровня (от мидлов до лидов) хантят напрямую. У моих коллег процесс от отклика до подписания оффера укладывается в 1-2 месяца. Младшие грейды тоже чувствую себя хорошо, единственное порог входа повысился: год назад достаточно было знать классический мл и основы DL. Сейчас же нужно обладать представлениями о рекомендательных системах, динамическом ценообразовании, матчинге, nlp, cv, llm, систем дизайне - это базовый минимум. Конечно нужно обладать лишь представлениями, а не полноценным опытом работы. Также сейчас будет плюсом обладать представлениями об оркестрации, пайплайнах, а также аналитическом стеке (бизнесс метрики, АВ тесты). Все пытаются ответить на вопрос может ли специалист с нейросетями стать таким человеком-оркестром.   **DevOps и SRE**. Без комментариев. Инфраструктурщики - это реальный дефицит. В любой компании, которая хочет масштабироваться, эти ребята жизненно необходимы. Их буквально ""сметают"" с рынка, а время поиска работы часто измеряется не месяцами, а неделями.  **Backend-разработчики**. Здесь все очень нестабильно. В моем окружении есть примеры, когда бэкендеры получали по 2–3 оффера в месяц. Но есть и те, кто застревает в поиске надолго. Здесь огромную роль играет конкретный стек, и единого тренда по всей сфере нет. Например, go-разработку накачали хайпом онлайн школы и менторы, обещая изи оффер на 400+ тыс за пару месяцев. По итогу приходится пробиваться через толпы вкатунов-накрутчиков. Аналогично с питон разработкой: очень много вкатунов, хоть и вакансий тоже много. Сам ожидаю, что на питон-разработку будет давление со стороны нейросетей.   **Специалисты по LLM и DS (классика)**. Вакансий сейчас здесь не так много, как кажется, однако процесс трудоустройства часто проходит предсказуемо. Если вы проходите собеседование и подтверждаете свою квалификацию, оффер вам практически гарантирован. Выбор компаний небольшой, но они ценят сильных кандидатов.  **Data-направление (Аналитики и DE)** Это самый тяжелый сегмент. Сегмент Data сейчас переживает эффект перенасыщения. Огромный наплыв соискателей: одни приходят из смежных ИТ-специальностей с опытом, другие - новички, которые хотят быстро вкатиться в случае аналитики или поверили в хайп больших данных в случае DE. Вдобавок, требования к DA и DE у разных компаний кардинально отличаются, и подготовиться ко всем вариациям собеседований непросто.  Вообще все пытаются ответить на вопрос ""сможет ли допустим какой-нибудь аналитик найбкодить архитектуру?"". Если сможет, то рынок DE скукожится и в основном вакансии будут на ""сложные архитектуры"". У аналитиков пока тренд, что их пытаются соответственно перебросить на ""гибридные задачи"": навайбкодить архитектуру, поделать задачи Data Scientistа и так далее. Вакансий дата-аналитика и продуктового аналитика в традиционном понимании сейчас мало.   **Frontend, QA, Business/System Analysts** Мне кажется, это самая жестокая реальность. Рынок здесь перегрет кандидатами настолько, что решение о найме часто принимается ""на глаз"" и похоже на лотерею. С учетом активного внедрения ИИ, базовые задачи этих специалистов уже начинают упраздняться или выполняться автоматикой, что только усугубляет ситуацию.  Если хотите оставаться в тренде айти рынка и его требований, то советую[ **наши курсы старт**](https://t.me/postypashki_old/1757), на который мы продлили [**финальные скидки на 24 часа**](https://t.me/postypashki_old/1835).  ➡️** **[**Записаться**](https://t.me/m/p94YcePXNjcy)  **Подписаться: ****@chad_protocol**";6630.0;0;;12027;https://t.me/botalkaaa;0;1;61.0;
2026-08-10 18:09:44+00:00;147330;;Боталка(Студенты) — Поступашки;1866807276;;1671543395;Всем привет! Ребята, очень нужен ваш опыт для исследовательского проекта.   Пишу статью про нейросетевое редактирование студенческих работ (курсовых, ВКР). Если вы хотя бы раз прогоняли свой учебный текст через ИИ, чтобы исправить ошибки или улучшить стиль, уделите пожалуйста, 3 минуты анонимной анкете.   Ваше участие поможет собрать реальные количественные данные для исследования.   Ссылка на Яндекс форму: https://forms.yandex.ru/u/6a7a09c295add5aab30b412e Спасибо за внимание!  Плюсик в карму за распространение среди своих знакомых-студентов;;0;;12027;https://t.me/botalkaaa;0;0;;
2026-08-10 15:15:25+00:00;147329;;Боталка(Студенты) — Поступашки;1866807276;;662091177;Всем привет!У кого-нибудь уже прошёл собес на аналитику в академию аналитиков авито?;;0;;12027;https://t.me/botalkaaa;0;0;;
2026-08-10 15:01:41+00:00;147328;;Боталка(Студенты) — Поступашки;1866807276;;619229681;"**Нужны ли алгоритмы сейчас, в эпоху ИИ, на собесах**  До 2025 года из каждого утюга вы слышали про эти ""алгособесы"". Любой отбор в школы, на стажировки или штатные позиции обязательно выглядел как школьная олимпиада по программированию. А основная подготовка к выходу на работу заключалась в нарешивании Литкода.  **Почему так происходило** Оценить весь огромный стек технологий за часовое собеседование - нереально. Почти любая рабочая задача в бигтехе, которая проверяет твой реальный уровень, занимает минимум неделю работы. Очевидно, в часовой формат такое не укладывается, поэтому для оценки кандидата пошли по иному пути:  1. рассказ про опыт и свои харды, 2. решение брейн-тизеров и алгоритмических задач.  По первому пункту кандидат, конечно, может обмануть, если хорошо проработает легенду. Но обычно таких ребят быстро ловят - им не хватает скиллов, чтобы придумать качественную и непротиворечивую историю. А вот вторым пунктом выступили алгоритмы, которые идеально подходят сразу для аналитики, ML и бэкенда. Во всех этих направлениях так или иначе присутствует написание кода, а алгоритмический аппарат дает незаменимый навык быстро рефакторить код и видеть его структуру.  **А что сейчас** Некоторые компании отказались от отдельных алгособесов, но оставили задачки в других секциях (livecoding). Однако в крупных бигтехах алгосекция все так же существует. Более того, в зарубежных вакансиях алгоритмические секции сейчас, наоборот, снова в тренде.  Чем обусловлен небольшой спад тренда? Компании перегрели кандидатов: на секциях стали спрашивать слишком простые задачки, которые при хорошей подготовке никак не отражают объективно твое умение строить алгоритмы. По сути, их можно просто ""зарешать"" количеством, и на собесе ты решишь задачу не потому, что придумал решение, а потому что встречал похожую идею раньше. Но альтернативу алгосам так и не придумали. Давать математический брейн-тизер бэкендеру странно, а усложнить алгозадачу до уровня, где нельзя натренировать типовые паттерны - перебор, ведь это лишь метод проверки мышления, спрашивать вкатуна систем дизайн- ту мач.   **Главный вывод.** Алгоритмический аппарат в эпоху LLM станет как никогда актуальным. Ваша задача на работе будет сводиться к тому, чтобы **быстро валидировать код, написанный нейросеткой**. Это значит, что вам нужно моментально разбираться в чужом коде и видеть узкие места. Именно такие навыки и тренируют алгоритмические задачки.  Поэтому не стоит надеяться, что алгосы пропадут с рынка. В будущем это будет наиболее актуальный и надежный инструмент проверки твоего инженерного мышления.  **Что с этим делать и как подготовиться** Если вы готовитесь к собеседованиям, важно понимать: алгоритмы - это не про запоминание 500 задач, а про тренировку шаблонов мышления. Чтобы решать задачи за 20 минут, нужно не заучивать код, а видеть структуру задачи сходу.  Но просто читать про это недостаточно. Чтобы выйти на алгособес уверенно, нужна системная практика с разбором реальных кейсов. Если хотите оставаться в тренде IT-рынка и его жестких требований, советую наши курсы [**«Старт»**](https://t.me/postypashki_old/1757). У нас есть отдельный курс по алгоритмам, разбор реальных задач с собеседований в топ-компаниях и подходы, которые учат именно __думать__, а не зубрить.  Специально для подписчиков канала мы [**продлили финальные скидки на обучение на 24 часа**](https://t.me/postypashki_old/1835). Если давно хотели прокачать свой алгоритмический аппарат до уровня топ-компаний, сейчас лучший момент. Это последний шанс взять комбо: алгоритмы + любой курс по специальности по хорошей цене и уже осенью залутать оффер!  ➡️** **[**Записаться**](https://t.me/m/p94YcePXNjcy)  **Подписаться: ****@algoses**";3751.0;0;;12027;https://t.me/botalkaaa;0;1;13.0;
2026-08-10 14:35:44+00:00;147325;;Боталка(Студенты) — Поступашки;1866807276;;8723406376;Я говорю про обычный ml, бака в инфобезе  ничего для работы не даст;;0;;12027;https://t.me/botalkaaa;0;0;;
2026-08-10 14:35:19+00:00;147324;147322;Боталка(Студенты) — Поступашки;1866807276;;823170218;я почти уверен, что математики там даже 50% от того же пми не наберется;;;;12027;https://t.me/botalkaaa;0;0;;
2026-08-10 14:34:13+00:00;147323;147315;Боталка(Студенты) — Поступашки;1866807276;;8723406376;Есть в РФ хотя бы 10 вакансий где связаны ml и иб?;;;;12027;https://t.me/botalkaaa;0;0;;
2026-08-10 14:34:01+00:00;147322;;Боталка(Студенты) — Поступашки;1866807276;;823170218;ну как будто на инфобез нужно идти, если ты хочешь заниматься инфобезом, это узкопрофильное направление;;1;;12027;https://t.me/botalkaaa;0;0;;
2026-08-10 14:33:03+00:00;147321;147319;Боталка(Студенты) — Поступашки;1866807276;;1171499139;Я на своем инфобезе си,плюсы ,Java проходил   Алгосы есть   Но питон в качестве предмета - это кринж.  Его можно спокойно самому изучить ,после двух языков (си/Java);;;;12027;https://t.me/botalkaaa;0;0;;
2026-08-10 14:31:35+00:00;147320;147319;Боталка(Студенты) — Поступашки;1866807276;;6691568445;Да;;;;12027;https://t.me/botalkaaa;0;0;;
2026-08-10 14:30:37+00:00;147319;147318;Боталка(Студенты) — Поступашки;1866807276;;823170218;алгосы, питон, плюсы и акос тоже проходят?;;;;12027;https://t.me/botalkaaa;0;0;;
2026-08-10 14:28:31+00:00;147318;147317;Боталка(Студенты) — Поступашки;1866807276;;1171499139;Нет, проге учат (5 семестров) , основные предметы по cs проходят , бд и сети есть , один ml предмет будет  Что тебе не хватает?);;;;12027;https://t.me/botalkaaa;0;0;;
2026-08-10 14:25:57+00:00;147317;147316;Боталка(Студенты) — Поступашки;1866807276;;823170218;странное заявление насчет универсальности инфобеза;;;;12027;https://t.me/botalkaaa;0;0;;
2026-08-10 14:25:20+00:00;147316;147308;Боталка(Студенты) — Поступашки;1866807276;;1171499139;Просто после баки нет смысла снова на инфобез , так как там те же предметы будут    А так че бы ребята не говорили, инфобез направление самое универсальное по учебным планам;;;;12027;https://t.me/botalkaaa;0;0;;
2026-08-10 14:22:03+00:00;147315;147306;Боталка(Студенты) — Поступашки;1866807276;;1171499139;Ну , если что уже есть направления мага инфобез + ml   https://abit.itmo.ru/program/master/security_ai   У меня в баке был ml-льный предмет , диплом можно с ml.  Просто надо связать с инфобезом  Так что ты не прав );;;;12027;https://t.me/botalkaaa;0;0;;
2026-08-10 14:21:15+00:00;147314;147313;Боталка(Студенты) — Поступашки;1866807276;;187700349;угу, они банально физически не смогут изучить все тонкости, да им и не нужно идеально знать фронт или бэк, достаточно понимать принципы и где можно искать уязвимости;;;;12027;https://t.me/botalkaaa;0;0;;
2026-08-10 14:19:33+00:00;147313;147308;Боталка(Студенты) — Поступашки;1866807276;;225358072;Идея хорошая, но как показывает практика - средний ИБшник меньше разбирается в стеке, чем средний разработчик/ML/аналитик  Имхо конечно, может это повезло с теми ИБшниками, с которыми я общался. Да и они разные бывают так-то, прям сильно разные;;;;12027;https://t.me/botalkaaa;0;0;;
2026-08-10 14:16:10+00:00;147312;147310;Боталка(Студенты) — Поступашки;1866807276;;245150283;Не-а 😕   Боря вот прошел 🎉;;;;12027;https://t.me/botalkaaa;0;0;;
2026-08-10 14:15:51+00:00;147311;147304;Боталка(Студенты) — Поступашки;1866807276;;6691568445;Не согласен с обоими тейками. Все зависит от направлений в каждом отдельно взятом вузе;;;;12027;https://t.me/botalkaaa;0;0;;
2026-08-10 14:15:33+00:00;147310;147308;Боталка(Студенты) — Поступашки;1866807276;;572493756;Ты в этом году прошел в шад?;;;;12027;https://t.me/botalkaaa;0;0;;
2026-08-10 14:15:31+00:00;147309;147306;Боталка(Студенты) — Поступашки;1866807276;;741955727;Есть задачи в ИБ связанные с ml. Например: анализ сетевого трафика на наличие атак, анализ событий безопасности для выявления инцидентов и т д;;;;12027;https://t.me/botalkaaa;0;0;;
2026-08-10 14:14:47+00:00;147308;;Боталка(Студенты) — Поступашки;1866807276;;245150283;Мне нравится идея, что инфобез это идеальная база. Чтобы находить и закрывать уязвимости надо глубоко и обширно понимать весь стэк технологий современных продуктов: фронтенд, бэкенд, мл (если он есть), базы данных, сети, инфра;;10;;12027;https://t.me/botalkaaa;0;0;;
2026-08-10 14:13:00+00:00;147307;147306;Боталка(Студенты) — Поступашки;1866807276;;187700349;AI Safety;;;;12027;https://t.me/botalkaaa;0;0;;
2026-08-10 14:10:11+00:00;147306;147305;Боталка(Студенты) — Поступашки;1866807276;;8723406376;Просто у инфобеза и ml буквально 0 пересечения;;;;12027;https://t.me/botalkaaa;0;0;;
2026-08-10 14:09:21+00:00;147305;147304;Боталка(Студенты) — Поступашки;1866807276;;1171499139;Ну в разработку либо в ml уходишь 😁😁😁 просто в идеале добить магой нужной,но несложно будет так как база уже будет   Как минимуму инфобез интересный на 3-4 курсах  Тут главное не проколоться с  кафедрой   На пми может попасться программа, где программирования мало и сплошная математика;;;;12027;https://t.me/botalkaaa;0;0;;
2026-08-10 14:05:44+00:00;147304;;Боталка(Студенты) — Поступашки;1866807276;;8723406376;После пми инфобезником не станешь, но инфобез бесполезен если ты не в инфобез идёшь;;7;;12027;https://t.me/botalkaaa;0;0;;
2026-08-10 14:05:01+00:00;147303;;Боталка(Студенты) — Поступашки;1866807276;;473687296;круто;;0;;12027;https://t.me/botalkaaa;0;0;;
2026-08-10 14:04:30+00:00;147302;147300;Боталка(Студенты) — Поступашки;1866807276;;1171499139;Диплом в баке «Разработка системы для выявления стенографических вставок в цифровом контейнере».   Решал задачу через нейронные сети   + классический метод;;;;12027;https://t.me/botalkaaa;0;0;;
2026-08-10 14:01:57+00:00;147301;147298;Боталка(Студенты) — Поступашки;1866807276;;1171499139;Криптография - это из одно направлений в инфобезе   И больше научная штука , так как до тебя уже изобрели  это  Если только в науку не идешь;;;;12027;https://t.me/botalkaaa;0;0;;
2026-08-10 14:00:54+00:00;147300;147296;Боталка(Студенты) — Поступашки;1866807276;;1171499139;Я закончил инфобез и получил базу по разработке ,по инфобезу и условным сетям   А уже через магу программирование и ии(итмо), добил что не знал по разработке + ml;;;;12027;https://t.me/botalkaaa;0;0;;
2026-08-10 13:59:58+00:00;147299;;Боталка(Студенты) — Поступашки;1866807276;;628017167;Более того без инфобезного образования тебе и работать в инфобез не допустят;;0;;12027;https://t.me/botalkaaa;0;0;;
2026-08-10 13:59:56+00:00;147298;147297;Боталка(Студенты) — Поступашки;1866807276;;823170218;ты сам можешь заботать, криптография и матеша для этого препается на пми;;;;12027;https://t.me/botalkaaa;0;0;;
2026-08-10 13:59:11+00:00;147297;147296;Боталка(Студенты) — Поступашки;1866807276;;1171499139;Тебя не учат инфобезу на пми;;;;12027;https://t.me/botalkaaa;0;0;;
2026-08-10 13:58:36+00:00;147296;147295;Боталка(Студенты) — Поступашки;1866807276;;823170218;после пми можно и в мл и в разработку и в инфобез, это буквально самая база;;;;12027;https://t.me/botalkaaa;0;0;;
2026-08-10 13:57:32+00:00;147295;147269;Боталка(Студенты) — Поступашки;1866807276;;1171499139;Почему пми универсальное ?) если иб на норм кафедре, самое универсальное? И базу по cs получаешь, по инфобезу (несколько под направлений) + сети изучают;;;;12027;https://t.me/botalkaaa;0;0;;
2026-08-10 13:55:48+00:00;147294;147260;Боталка(Студенты) — Поступашки;1866807276;;1171499139;Бакалавр учился;;;;12027;https://t.me/botalkaaa;0;0;;
2026-08-10 13:53:28+00:00;147293;;Боталка(Студенты) — Поступашки;1866807276;;473687296;в;;0;;12027;https://t.me/botalkaaa;0;0;;
2026-08-10 11:57:36+00:00;147290;;Боталка(Студенты) — Поступашки;1866807276;;481869353;Всем привет! У кого нибудь были кейсы перевода в другой университет на другую специальность в магистратуре? Это реально вообще?;;0;;12027;https://t.me/botalkaaa;0;0;;
2026-08-10 07:36:34+00:00;147289;;Боталка(Студенты) — Поступашки;1866807276;;619229681;Товарищи, Поступашкам нужны контент мейкеры в [основной канал](http://t.me/postypashki_old). Если вы творческая личность, интересующейся бэкендом, дата сайнс, аналитикой, алгоритмами, дата инженеренией и так далее, вам нравится писать посты/ придумывать идеи для контента, то обязательно пишите @vice22821. Оплата сдельная, ориентировочно за один пост от 2 тыс до 15 тыс рублей.  Обязательно делитесь с ребятами, которым это может быть интересно.;;0;;12027;https://t.me/botalkaaa;0;0;;
2026-08-10 07:09:13+00:00;147288;;Боталка(Студенты) — Поступашки;1866807276;;8534095412;Задачи из контеста в тбанк состоят из blind 75?;;0;;12027;https://t.me/botalkaaa;0;0;;
2026-08-10 05:44:44+00:00;147282;;Боталка(Студенты) — Поступашки;1866807276;;286796221;Путаю уже. Там было что-то другое из разряда gephi или gretl, wine и есть тот обходняк;;0;;12027;https://t.me/botalkaaa;0;0;;
2026-08-10 05:43:09+00:00;147281;;Боталка(Студенты) — Поступашки;1866807276;;286796221;У меня направление аналитическое, поэтому вполне нишевый. Я уже успел назнакомиться с не самыми популярными программами по типу wine, которые мне пришлось тяжелым и обходным образом устанавливать;;0;;12027;https://t.me/botalkaaa;0;0;;
2026-08-10 05:41:53+00:00;147280;;Боталка(Студенты) — Поступашки;1866807276;;473687296;не знаю, может это нишевый софт какой то, я с таким не сталкивался;;0;;12027;https://t.me/botalkaaa;0;0;;
2026-08-10 05:38:55+00:00;147279;147247;Боталка(Студенты) — Поступашки;1866807276;;286796221;Я так же пользователь Мак на М1 (2020). Со своей стороны скажу, что именно эта версия часто ограничена в ПО. IOS и так обделен программами (не все на него реализовано) относительно винды, так М1 отдельно выделяется и часть программ написано что конкретно под М1 не заточены  Это, возможно, краевые случаи, но я с ними столкнулся;;;;12027;https://t.me/botalkaaa;0;0;;
2026-08-10 05:34:44+00:00;147278;;Боталка(Студенты) — Поступашки;1866807276;;5206344380;Ребят, у кого нибудь есть чек из ресторана/кафе или доставки в этом месяце?;;0;;12027;https://t.me/botalkaaa;0;0;;
2026-08-09 23:22:03+00:00;147277;147276;Боталка(Студенты) — Поступашки;1866807276;;7467126466;бэк;;;;12027;https://t.me/botalkaaa;0;0;;
2026-08-09 23:15:00+00:00;147276;147259;Боталка(Студенты) — Поступашки;1866807276;;1255711572;А какое направление?;;;;12027;https://t.me/botalkaaa;0;0;;
2026-08-09 22:56:50+00:00;147275;;Боталка(Студенты) — Поступашки;1866807276;;1147801718;Да. Вот экспертизой в своей предметной области хочется обладать больше;;0;;12027;https://t.me/botalkaaa;0;0;;
2026-08-09 22:55:02+00:00;147274;;Боталка(Студенты) — Поступашки;1866807276;;1085033961;Скорее вы про то что узконаправленный специалист ценится выше, чем чел который во всём харош понемногу;;0;;12027;https://t.me/botalkaaa;0;0;;
2026-08-09 22:54:02+00:00;147273;147271;Боталка(Студенты) — Поступашки;1866807276;;1147801718;Но да, возможно, справедливо;;;;12027;https://t.me/botalkaaa;0;0;;
2026-08-09 22:52:54+00:00;147272;;Боталка(Студенты) — Поступашки;1866807276;;1147801718;"Я поняла под универсальностью что-то вроде ""потрогать всё по верхам""";;0;;12027;https://t.me/botalkaaa;0;0;;
2026-08-09 22:50:16+00:00;147271;147270;Боталка(Студенты) — Поступашки;1866807276;;1085033961;Кажется антоним к универсальному не будет система;;;;12027;https://t.me/botalkaaa;0;0;;
2026-08-09 22:41:21+00:00;147270;;Боталка(Студенты) — Поступашки;1866807276;;1147801718;Универсальность не то чтобы приоритет?? Наоборот хочется какой-то системы;;2;;12027;https://t.me/botalkaaa;0;0;;
2026-08-09 22:37:32+00:00;147269;;Боталка(Студенты) — Поступашки;1866807276;;823170218;пми самое универсальное направление;;7;;12027;https://t.me/botalkaaa;0;0;;
2026-08-09 22:36:52+00:00;147268;147266;Боталка(Студенты) — Поступашки;1866807276;;1147801718;Ну типа. Выбор был между ИБ/ПМИ;;;;12027;https://t.me/botalkaaa;0;0;;
2026-08-09 22:19:58+00:00;147267;147262;Боталка(Студенты) — Поступашки;1866807276;;7467126466;рил рил  особо не старался искать там свои дела были, просто анкета висела год где то, спустя год скинул новое резюме, повторно попросили пройти контест, прошел контест(без алгосов и собесов) и просто так же финалы и все;;;;12027;https://t.me/botalkaaa;0;0;;
2026-08-09 22:18:16+00:00;147266;147260;Боталка(Студенты) — Поступашки;1866807276;;1841974524;Хацкером хочешь стать?;;;;12027;https://t.me/botalkaaa;0;0;;
2026-08-09 22:07:07+00:00;147265;147264;Боталка(Студенты) — Поступашки;1866807276;;7075114201;или когда просто ничего не пишут ~3 месяца;;;;12027;https://t.me/botalkaaa;0;0;;
2026-08-09 22:05:41+00:00;147264;147263;Боталка(Студенты) — Поступашки;1866807276;;823170218;когда тебе предложат перепройти алгосы или другую техничку;;;;12027;https://t.me/botalkaaa;0;0;;
2026-08-09 22:03:24+00:00;147263;;Боталка(Студенты) — Поступашки;1866807276;;327585189;Вообще просто интересно: а могут вообще не найти команду? В какой момент тут становится понятно, что не прошёл?;;2;;12027;https://t.me/botalkaaa;0;0;;
2026-08-09 22:01:38+00:00;147262;147259;Боталка(Студенты) — Поступашки;1866807276;;327585189;Рил или рофлишь?;;;;12027;https://t.me/botalkaaa;0;0;;
2026-08-09 21:55:20+00:00;147261;147260;Боталка(Студенты) — Поступашки;1866807276;;5858579318;Да;;;;12027;https://t.me/botalkaaa;0;0;;
2026-08-09 21:53:49+00:00;147260;;Боталка(Студенты) — Поступашки;1866807276;;1147801718;На ИБ кто-то учится?;;4;;12027;https://t.me/botalkaaa;0;0;;
2026-08-09 21:41:07+00:00;147259;147255;Боталка(Студенты) — Поступашки;1866807276;;7467126466;бля год.;;;;12027;https://t.me/botalkaaa;0;0;;
2026-08-09 21:27:41+00:00;147258;147257;Боталка(Студенты) — Поступашки;1866807276;;693368214;ну и от специальности;;;;12027;https://t.me/botalkaaa;0;0;;
2026-08-09 21:26:53+00:00;147257;147255;Боталка(Студенты) — Поступашки;1866807276;;786711981;зависит от сезона. у меня затягивалось на 1-1.5 месяца. полгода слишком много чето, мне кажется такого не может быть;;;;12027;https://t.me/botalkaaa;0;0;;
2026-08-09 21:26:30+00:00;147256;147255;Боталка(Студенты) — Поступашки;1866807276;;693368214;и так и так может быть;;;;12027;https://t.me/botalkaaa;0;0;;
2026-08-09 21:13:12+00:00;147255;;Боталка(Студенты) — Поступашки;1866807276;;327585189;Всем привет. Кто знает, сколько сейчас поиск команд на финалы в яндексе занимает в среднем? Быстро назначают в течение 1-2 недель или может на полгода затянуться?;;8;;12027;https://t.me/botalkaaa;0;0;;
2026-08-09 20:56:35+00:00;147254;;Боталка(Студенты) — Поступашки;1866807276;;701851215;а по бэкендам.;;0;;12027;https://t.me/botalkaaa;0;0;;
2026-08-09 20:55:35+00:00;147253;147245;Боталка(Студенты) — Поступашки;1866807276;;796536131;Макбук очень крутая тема по всем фронтам, советую;;;;12027;https://t.me/botalkaaa;0;0;;
2026-08-09 20:54:57+00:00;147252;;Боталка(Студенты) — Поступашки;1866807276;;473687296;лучше конечно с запасом взять на м5;;0;;12027;https://t.me/botalkaaa;0;0;;
2026-08-09 20:54:56+00:00;147251;147247;Боталка(Студенты) — Поступашки;1866807276;;6982762024;Аир м5;;;;12027;https://t.me/botalkaaa;0;0;;
2026-08-09 20:54:54+00:00;147250;;Боталка(Студенты) — Поступашки;1866807276;;1817362619;спасибо;;0;;12027;https://t.me/botalkaaa;0;0;;
2026-08-09 20:53:52+00:00;147249;147247;Боталка(Студенты) — Поступашки;1866807276;;473687296;у меня вообще аир 2020 м1, хватает для того чтобы код писать, инет скроллить еще и музыку в нем делать получается,  лагал только когда я прям перебарщивал с обработкой;;;;12027;https://t.me/botalkaaa;0;0;;
2026-08-09 20:51:16+00:00;147247;;Боталка(Студенты) — Поступашки;1866807276;;1817362619;а какой лучше взять?;;3;;12027;https://t.me/botalkaaa;0;0;;
2026-08-09 20:51:01+00:00;147246;;Боталка(Студенты) — Поступашки;1866807276;;473687296;любой макбук долго держит заряд и не шумит;;0;;12027;https://t.me/botalkaaa;0;0;;
2026-08-09 20:47:44+00:00;147245;;Боталка(Студенты) — Поступашки;1866807276;;1817362619;Подскажите, пожалуйста, те кто учатся на IT направлении, какой ноут или макбук для учебы купить? Нужно, чтобы долго держал заряд, не шумел и был достаточно мощным.;;10;;12027;https://t.me/botalkaaa;0;0;;
2026-08-09 20:25:04+00:00;147244;;Боталка(Студенты) — Поступашки;1866807276;;2139095060;Ребят, всем добрый вечер, извиняюсь на странный вопрос, кто нибудь знает норм иишку для прохождения собесов (мне в магу) может с трекером глаз?;;3;;12027;https://t.me/botalkaaa;0;0;;
2026-08-09 19:06:37+00:00;147242;;Боталка(Студенты) — Поступашки;1866807276;;1095676884;Всем вечер добрый;;0;;12027;https://t.me/botalkaaa;0;0;;
2026-08-09 19:06:06+00:00;147241;147240;Боталка(Студенты) — Поступашки;1866807276;;1116297969;привет!!!;;;;12027;https://t.me/botalkaaa;0;0;;
2026-08-09 18:51:40+00:00;147240;147238;Боталка(Студенты) — Поступашки;1866807276;;1171499139;Привет;;;;12027;https://t.me/botalkaaa;0;0;;
2026-08-09 18:49:27+00:00;147239;;Боталка(Студенты) — Поступашки;1866807276;;887250259;Есть кто брал образ кредит?;;0;;12027;https://t.me/botalkaaa;0;0;;
2026-08-09 18:10:58+00:00;147238;147237;Боталка(Студенты) — Поступашки;1866807276;;1116297969;me;;;;12027;https://t.me/botalkaaa;0;0;;
2026-08-09 17:50:31+00:00;147237;;Боталка(Студенты) — Поступашки;1866807276;;507048439;А есть кто-то, кто сдавал экзамены в ИТМО в магу онлайн в прошлом году?;;3;;12027;https://t.me/botalkaaa;0;0;;
2026-08-09 17:38:07+00:00;147236;147235;Боталка(Студенты) — Поступашки;1866807276;;1255891978;ИТМО - Глубокое обучение и генеративный искусственный интеллект;;;;12027;https://t.me/botalkaaa;0;0;;
2026-08-09 17:31:37+00:00;147235;;Боталка(Студенты) — Поступашки;1866807276;;5775360356;а какие маги посоветуете, если в deep learning ресерч уходить? ща на пми в спбгу;;1;;12027;https://t.me/botalkaaa;0;0;;
2026-08-09 17:30:34+00:00;147234;147233;Боталка(Студенты) — Поступашки;1866807276;;1193246872;Да это рофлы;;;;12027;https://t.me/botalkaaa;0;0;;
2026-08-09 17:27:42+00:00;147233;147227;Боталка(Студенты) — Поступашки;1866807276;;796536131;Может, имеет смысл поучиться, куда поступили, а потом перевестись на бюджет. Вполне хорошая стратегия. Заодно, кстати, можно понять, действительно ли не нравится это направление, и действительно ли нравится серьёзная математика и ML, потрогав эти вещи самостоятельно и в вузе (наверняка там что-то такое есть). Может, интересы поменяются;;;;12027;https://t.me/botalkaaa;0;0;;
2026-08-09 17:16:01+00:00;147231;147230;Боталка(Студенты) — Поступашки;1866807276;;1171499139;Ну на кт три бакалавра , на аи 360 не попадает , а на мльный кт да;;;;12027;https://t.me/botalkaaa;0;0;;
2026-08-09 16:24:58+00:00;147230;147227;Боталка(Студенты) — Поступашки;1866807276;;1086504696;Из мск рекомендую пойти на пад фкн вшэ, кнад фкн вшэ (кнад - онлайн), мфти ai360, мфти анализ данны в экономике  Из спб рекомендую итмо ai360, итмо инженерия ии, падии вшэ шифт;;;;12027;https://t.me/botalkaaa;0;0;;
2026-08-09 15:57:18+00:00;147229;147228;Боталка(Студенты) — Поступашки;1866807276;;7626781670;неа;;;;12027;https://t.me/botalkaaa;0;0;;
2026-08-09 15:57:08+00:00;147228;147227;Боталка(Студенты) — Поступашки;1866807276;;823170218;а у тебя есть всерос или межнар?;;;;12027;https://t.me/botalkaaa;0;0;;
2026-08-09 15:54:09+00:00;147227;;Боталка(Студенты) — Поступашки;1866807276;;7626781670;я поступил не на ту совершенно специальность в вуз который хотел, мне кароч чет похуй теперь, а щас на платку хочу в анализ данных, математика, чето такое, чтобы квантом стать или типа того, мб еще финансы чето такое;;6;;12027;https://t.me/botalkaaa;0;0;;
2026-08-09 15:52:58+00:00;147226;147222;Боталка(Студенты) — Поступашки;1866807276;;7626781670;бакалавр;;;;12027;https://t.me/botalkaaa;0;0;;
2026-08-09 15:27:23+00:00;147225;;Боталка(Студенты) — Поступашки;1866807276;;1283123933;целый час висит сообщение и никто не пошутил про дгту или синергию. чат деградирует;;0;;12027;https://t.me/botalkaaa;0;0;;
2026-08-09 14:30:13+00:00;147224;147223;Боталка(Студенты) — Поступашки;1866807276;;373647892;как от спайса отойдешь, цену поменяй;;;;12027;https://t.me/botalkaaa;0;0;;
2026-08-09 14:14:07+00:00;147222;147221;Боталка(Студенты) — Поступашки;1866807276;;1086504696;Какой бюджет и баллы? Бакалавр или мага?;;;;12027;https://t.me/botalkaaa;0;0;;
2026-08-09 14:11:46+00:00;147221;;Боталка(Студенты) — Поступашки;1866807276;;7626781670;пацаны куда поступать на платку;;2;;12027;https://t.me/botalkaaa;0;0;;
2026-08-09 12:49:39+00:00;147220;;Боталка(Студенты) — Поступашки;1866807276;;619229681;"**Почему без алгоритмов - ты первый кандидат на сокращение**  Часто слышу от зумеров: ""Я же модели обучаю, зачем мне эти ваши Дейкстры и динамическое программирование?"" Сейчас разложу по полочкам, почему без алгоритмов ты - не ML-специалист, а пользователь sklearn и первый кандидат на сокращение.  **Собеседование** В любую крупную российскую или зарубежную компанию (Яндекс, Т-банк, HFT, FAANG+) техсобес состоит из двух частей: ML-секция и алгоритмическая (лайв-кодинг). Можно идеально отвечать про градиентный бустинг и attention, но запороть банальную задачку на словари или графы и всё, до свидания. Твоё место в Алабуге.  **ML - это не только fit и predict** Как только уходишь чуть дальше ноутбука, начинается: • написание кастомных функций потерь и слоёв, • эффективные пайплайны обработки данных, • инференс в продакшене с жёсткими ограничениями по памяти и скорости. Без понимания сложности, хеш-таблиц, деревьев и очередей ты либо закопаешь сервер, либо будешь ждать ответа три секунды. Пользователь ждать не будет. Понимание таких смежных вещей особенно важно в эпоху нейросетей, когда fit-predict может написать любой ChatGPT.  **Структура мышления** Я раньше тоже думал, что это сказки бабушек типа ""математика ум в порядок приводит»"" но сейчас, проведя сотню+ собесов и поменторив сотню джунов/стажеров, понимаю, что в этом реально что-то есть. По образу мысли сразу понятно, ботал ли человек алгоритмы или нет. Всё-таки алгоритмы - это гимнастика для ума. Динамическое программирование учит разбивать задачу на подзадачи, графы - видеть скрытые зависимости, жадные алгоритмы - быстро оценивать компромиссы. Все эти навыки переносятся напрямую на дизайн ML-систем.  **ML-дизайн и архитектура** На секции system design в топ-проектах любят копать вглубь: интервьюер хочет понять, шаришь ты или нет, потянешь или нет. Когда проектируешь рекомендательную систему или поиск, нужно понимать, как организовать индексы, как быстро искать ближайших соседей (ANN), как строить граф знаний, как шардировать данные. Алгоритмы и структуры данных - это скелет, на котором держится вся ML-инфраструктура. Думайте.  **Скорость разработки** Представь: тебе нужно найти топ-100 похожих товаров среди 10 миллионов за 50 мс. Без знаний LSH, HNSW, KD-деревьев ты либо напишешь брутфорс (и ляжешь спать на часок), либо просто не пройдёшь system design-интервью. Конечно, можно спросить у GPT, что тут придумать, но без понимания алгоритмов ты не сможешь критически оценить его решение и рискуешь уронить прод. Всё-таки GPT не панацея: он может решать учебные задачки про коня в вакууме, но на реальных задачах навалит кринжа, потому что банально не знает всей специфики твоей задачи.  **Реальная задача** Помнишь [тот кейс из X5 Digital](https://t.me/zadachi_ds/388): «Есть миллион заказов, надо в реальном времени пересчитывать матрицу цен доставки в зависимости от загрузки» (https://t.me/zadachi_ds/388)? Да, там RL, но обёртка вся на алгоритмах: очереди, графы маршрутов, быстрое обновление Q-функции. Без алгоритмов модель даже не долетит до прода.  **Короче**  Алгоритмы - это то, что отделяет реального ML-специалиста, который будет расти и развиваться, от человека-функции, которого уже завтра заменят нейросети**.** Хочешь расти, развиваться и не остаться на помойке? Прокачивай фундамент, на котором всё строится. Для этого советую наш курс по алгоритмам, на который действует [**финальная скидка до конца выходных**](https://t.me/postypashki_old/1835): 6 495 ₽. А если возьмёшь комбо: ML + алгоритмы, то тебя ждёт очень приятная цена: 9 900 ₽. **➡️**** **[**Записаться  **](https://t.me/m/p94YcePXNjcy)  **Подписаться: ****@zadachi_ds**";4545.0;0;;12027;https://t.me/botalkaaa;0;1;57.0;
2026-08-08 20:08:46+00:00;147208;147206;Боталка(Студенты) — Поступашки;1866807276;;2070440155;Это что за ресентимент;;;;12027;https://t.me/botalkaaa;0;0;;
2026-08-08 18:59:04+00:00;147206;;Боталка(Студенты) — Поступашки;1866807276;;619229681;привет)) да просто написал... все-таки не чужие люди... ну что ты там))) у меня все хорошо, стажка, джейн стрит, лондон, бугати, бизнесс джеты, яхты))) иногда думаю, как ты меня отвергла... была права... я развился с тех пор)) в лондоне вот сейчас)) биг бен видел))) темза))) лондон нравится) как там Пермь?  **Подписаться: ****@matesha_shad**;5196.0;1;;12027;https://t.me/botalkaaa;0;1;61.0;
2026-08-08 17:45:22+00:00;147205;;Боталка(Студенты) — Поступашки;1866807276;;619229681;**Осенний найм уже на старте!**  Осенью запускаются стажировки, открываются вакансии и поэтому** август — лучшее время для подготовки:** понять, что спрашивают на отборах, оценить свой уровень и закрыть пробелы до начала учебы!  Поэтому не упусти финальную распродажу курсов **«СТАРТ»** — любой курс всего за** 6 490 ₽**  ➡[**Аналитика**](https://old.postypashki.ru/%D0%BA%D0%B0%D1%80%D1%8C%D0%B5%D1%80%D0%BD%D1%8B%D0%B5-%D0%BA%D1%83%D1%80%D1%81%D1%8B/%D0%B0%D0%BD%D0%B0%D0%BB%D0%B8%D1%82%D0%B8%D0%BA%D0%B0-%D1%81%D1%82%D0%B0%D1%80%D1%82/) ➡[**Алгоритмы**](https://old.postypashki.ru/%D0%BA%D0%B0%D1%80%D1%8C%D0%B5%D1%80%D0%BD%D1%8B%D0%B5-%D0%BA%D1%83%D1%80%D1%81%D1%8B/%D0%B0%D0%BB%D0%B3%D0%BE%D1%80%D0%B8%D1%82%D0%BC%D1%8B-%D1%81%D1%82%D0%B0%D1%80%D1%82/) ➡[**Backend**](https://old.postypashki.ru/%D0%BA%D0%B0%D1%80%D1%8C%D0%B5%D1%80%D0%BD%D1%8B%D0%B5-%D0%BA%D1%83%D1%80%D1%81%D1%8B/backend-%D1%81%D1%82%D0%B0%D1%80%D1%82/) ➡[**Machine Learning**](https://old.postypashki.ru/%D0%BA%D0%B0%D1%80%D1%8C%D0%B5%D1%80%D0%BD%D1%8B%D0%B5-%D0%BA%D1%83%D1%80%D1%81%D1%8B/ml-%D1%81%D1%82%D0%B0%D1%80%D1%82/)  Почему сейчас лучшее время присоединиться: ✔️**Гибкий старт: **все лекции по техническим темам уже выложены и доступны — проходите в своём темпе, а куратор остается на связи и проверит дз и проекты. ✔️**Карьерный блок:** онлайн-семинарам по софтам. Напишете резюме, которое пройдет скрининг, даже если нет опыта, отработаете самопрезенатицию, пройдёте [mock-собеседование](https://t.me/postypashki_old/1833) с обратной связью. ✔️**Закрытый банк вопросов** с реальных интервью Яндекса, Т-Банка, Ozon, WB, Авито и других топ-компаний. ✔️**Разбор текущего отбора **на стажировок Яндекса. ✔️** Реферальная рекомендация** в бигтех после успешной защиты пет-проекта.  **Выгодное комбо:**  ➡️**Алгоритмы + любой курс всего за 9 990 ₽**⬅️  Берите Backend, ML или Аналитику и параллельно ботайте алгоритмы — они встречаются везде, без хороших алгосов не пройти отбор в хорошую компанию.   🔊 **Распродажа только 8-9 августа.**  Подробную программу смотрите на [сайте](https://old.postypashki.ru/%D0%BA%D0%B0%D1%80%D1%8C%D0%B5%D1%80%D0%BD%D1%8B%D0%B5-%D0%BA%D1%83%D1%80%D1%81%D1%8B/)  📌Для вопросов и записи на курс [**напишите менеджеру**](https://t.me/m/p94YcePXNjcy);0.0;0;;12027;https://t.me/botalkaaa;0;1;0.0;
2026-08-08 10:05:46+00:00;147182;;Боталка(Студенты) — Поступашки;1866807276;;619229681;"**Почему автоотклики - полный кринж**  В последнее время у зумеров стали популярны всякие ИИ-агенты и подобная нечесть, которая за тебя и LinkedIn, и GitHub заполнит, и вакансии найдёт, и под каждую напишет резюме с сопроводительным письмом, и с рекрутером пообщается, и собес пройдёт, и испытательный срок… и жену твою… Короче, полный кринж. Почему это всё не работает?  **1. Профили, заполненные нейроскопом, LinkedIn отправляет в теневой бан.**  Рекрутеры такие профили обходят стороной.  **2. Про нейроскопные резюме и сопроводительные письма уже **[**был мем**](https://t.me/postypashki_old/1819).  Кандидат написал, что работал с моделями «Ясасу Бибу» и «Цист Яна». Сейчас вакансий и так немного, а кандидатов - завались, поэтому рекрутеры просто реджектят нейроскоп-резюме. Надо же как-то отсеивать.  **3.** **То же самое с общением.** Сгенерированный текст все научились различать невооружённым взглядом. Ну и вам самим приятно, когда собеседник тупо отвечает как GPT? У нас в РФ к этому пока терпимее, а вот за рубежом с их культурой общения - сразу бан. Причём в прямом смысле: добавляют в чёрные списки.  Блин, как же я умираю со смеху, когда говорят, что чёрных списков не существует. Серьёзно? Мы живём в мире, где ИИ-агенты проходят собесы и откликаются на вакансии, где есть селф-драйвы и распознавание лиц в метро. И вы думаете, рекрутер не может навайбкодить что-то подобное? Может, наша slavic girl, перекатившаяся с ноготочков на HR-менеджмент, и не сможет. А вот тётя Линда, которая живёт этим десяток лет, - спокойно навайбкодит. Это её хлеб, репутация и статус. Crazy пиндосы, короче.  **4. А сколько мне за последний месяц отдали ТЗ с техническими ошибками, сгенерированными нейронкой…**  Я знаю случаи, когда использование нейросети приводило к ошибкам в проде, но джуны/мидлы продолжают верить, что это революция, и бездумно копируют код из терминала в прод, не проверяя. Я к этому отношусь очень скептически и всем зумерам ограничил права (серьезно всем младше 25 лет я не доверяю). Если нейронка выдаёт скрипт на удаление/merge/insert - десять раз проверяю перед использованием, потому что она может убить валидные данные. Но зумеры об этом не думают. У меня команда состоит из: 3 ChatGPT, 1 Grok, 2 Claude Code, 2 Gemini, 1 Lovable, и я на Claude Code + Gemini   **Итого**. Советую чат гпт использовать для вдохновения и шлифовки уже имеющегося решения/текста. Следите, чтобы решение не было сгенерено более чем на 20% нейронкой. И подключайтесь на [наши курсы ""СТАРТ""](https://t.me/postypashki_old/1835) по топовой скидочки, где научим вас думать лучше нейросетки в 100 раз, научим проходить hr фильтры и строить топовую карьеру 🤩.  **➡️**** **[**Записаться  **](https://t.me/m/p94YcePXNjcy)  **Подписаться: ****@chad_protocol**";6929.0;0;;12027;https://t.me/botalkaaa;0;1;19.0;
2026-08-08 08:32:31+00:00;147177;147175;Боталка(Студенты) — Поступашки;1866807276;;405933813;промахнулись немного с целевой аудиторией;;;;12027;https://t.me/botalkaaa;0;0;;
2026-08-08 08:27:32+00:00;147176;147175;Боталка(Студенты) — Поступашки;1866807276;;1283123933;😭;;;;12027;https://t.me/botalkaaa;0;0;;
2026-08-08 07:57:46+00:00;147174;;Боталка(Студенты) — Поступашки;1866807276;;887250259;Привет, у кого то есть знакомые кто переводился из регион вуза, в МСК? Или сам может быть. Можете пожалуйста дать их контакты Желательно на бюджет;;0;;12027;https://t.me/botalkaaa;0;0;;
2026-08-07 20:11:40+00:00;147167;;Боталка(Студенты) — Поступашки;1866807276;;731245780;И то даже военной кафедры нет;;0;;12027;https://t.me/botalkaaa;0;0;;
2026-08-07 20:10:31+00:00;147166;147165;Боталка(Студенты) — Поступашки;1866807276;;1261199930;Ну хоть какое-то будет;;;;12027;https://t.me/botalkaaa;0;0;;
2026-08-07 20:09:49+00:00;147165;;Боталка(Студенты) — Поступашки;1866807276;;731245780;Пришлось челу поступать туда, где бви не работает. Хоть какое-то образование получит;;1;;12027;https://t.me/botalkaaa;0;0;;
2026-08-07 20:09:23+00:00;147164;147162;Боталка(Студенты) — Поступашки;1866807276;;1261199930;Слава Богу они до Гарварда пока не добрались;;;;12027;https://t.me/botalkaaa;0;0;;
2026-08-07 20:09:12+00:00;147163;147147;Боталка(Студенты) — Поступашки;1866807276;;6691568445;егэ чтоли плохо написал?;;;;12027;https://t.me/botalkaaa;0;0;;
2026-08-07 20:08:49+00:00;147162;147160;Боталка(Студенты) — Поступашки;1866807276;;731245780;Бвишники все заняли видимо;;;;12027;https://t.me/botalkaaa;0;0;;
2026-08-07 20:07:37+00:00;147161;147160;Боталка(Студенты) — Поступашки;1866807276;;773798619;в Сочинский уник хачапуреведения не прошел, БВИ-шники козлы;;;;12027;https://t.me/botalkaaa;0;0;;
2026-08-07 20:06:40+00:00;147160;147147;Боталка(Студенты) — Поступашки;1866807276;;1261199930;В москву баллов не хватило что ли?;;;;12027;https://t.me/botalkaaa;0;0;;
2026-08-07 20:05:10+00:00;147159;147149;Боталка(Студенты) — Поступашки;1866807276;;796536131;Вроде Балашиха;;;;12027;https://t.me/botalkaaa;0;0;;
2026-08-07 17:52:04+00:00;147155;147147;Боталка(Студенты) — Поступашки;1866807276;;1626233314;Белорусский Государственный Технический Университет, выбор чемпионов;;;;12027;https://t.me/botalkaaa;0;0;;
2026-08-07 17:51:01+00:00;147154;;Боталка(Студенты) — Поступашки;1866807276;;619229681;**Приглашаю на подкаст**  Поздравляю всех с окончанием отбора в ШАД! Всех прошедших отборы приглашаю к нам на подкаст-интервью: @vice22821. Ваш опыт вдохновит будущих абитуриентов. Подкаст проводится в формате беседы о вашем опыте: как начинали, как готовились и какие планы на будущее. Просто звонок в телемосте без лица. Можем прорекламить ваши соц сети или гарантировать анонимность, если вы не публичная личность.   Необязательно быть абитуриентом уровня топ оф зе топ - истории обычных работяг тоже интересны и мотивируют таких же работяг.   **Примеры подкаст-интервью:** 1. https://www.youtube.com/watch?v=Q47iovprX9A 2. https://www.youtube.com/watch?v=s9W6gh5NrIU 3. https://www.youtube.com/watch?v=nbxvwJrKdZo;5509.0;0;;12027;https://t.me/botalkaaa;0;1;18.0;
2026-08-07 17:46:56+00:00;147153;147147;Боталка(Студенты) — Поступашки;1866807276;;6597305669;Короче, в Гарварде буду тусоваться с лордами и леди. Английский С2, fluent in english как бы надо быть. менеджмент думаю там на высоте.    А вот в Стенфорде думаю закорефаниться с латиносами и черномазыми. Будем курить бамбук и постигать свободную Америку. Там конечно уже не C2, c1- сами понимаете. Но ниче, зато софт скиллы просто взорвутся;;;;12027;https://t.me/botalkaaa;0;0;;
2026-08-07 17:42:21+00:00;147152;147151;Боталка(Студенты) — Поступашки;1866807276;;1489826664;Англ норм знаю, B2, хотя в ИТМО на этом направлении в курсах А2-B2  преподают, что странно.   Учебные планы норм, в цу больше софт скиллов и менеджмента. ЦУ тоже мл;;;;12027;https://t.me/botalkaaa;0;0;;
2026-08-07 17:35:22+00:00;147151;147146;Боталка(Студенты) — Поступашки;1866807276;;7436811879;Нет инфы в вопросе знаешь ли ты английский, насколько тебя устраивают учебные планы в обоих местах, какое вообще направление в ЦУ. Если много лет опыта, сам понимаешь что работодателю похуй на вуз как правило.;;;;12027;https://t.me/botalkaaa;0;0;;
2026-08-07 17:34:48+00:00;147150;147147;Боталка(Студенты) — Поступашки;1866807276;;1171499139;вшэ;;;;12027;https://t.me/botalkaaa;0;0;;
2026-08-07 17:31:00+00:00;147149;147147;Боталка(Студенты) — Поступашки;1866807276;;731245780;Это в Москве или в Питере? Не могу вспомнить просто;;;;12027;https://t.me/botalkaaa;0;0;;
2026-08-07 17:30:10+00:00;147148;147147;Боталка(Студенты) — Поступашки;1866807276;;823170218;билибоба политех;;;;12027;https://t.me/botalkaaa;0;0;;
2026-08-07 17:28:30+00:00;147147;;Боталка(Студенты) — Поступашки;1866807276;;6597305669;Ребят, поступил в гарвард и в стенфорд. Подскажите что лучше выбрать;;11;;12027;https://t.me/botalkaaa;0;0;;
2026-08-07 17:27:07+00:00;147146;;Боталка(Студенты) — Поступашки;1866807276;;1489826664;Кто учился или учится в маге ИТМО Big Data and ML? Стоит ли туда идти?  Поступил на бюджет, но программа фулл на английском. Ещё поступил в цу с грантом 50%. Если не сравнивать их цены, что лучше?  И насколько работодатель и крутые компании смотрят на вуз если у человека уже много лет опыта работы? Кажется, что на вуз смотрят только при наборе на стажку/джуна;;2;;12027;https://t.me/botalkaaa;0;0;;
2026-08-07 15:13:52+00:00;147139;147137;Боталка(Студенты) — Поступашки;1866807276;;848587220;Так спроси у HRа. В каждой конторе по-разному;;;;12027;https://t.me/botalkaaa;0;0;;
2026-08-07 14:47:55+00:00;147138;;Боталка(Студенты) — Поступашки;1866807276;;851869214;или если собесились в другие компании, как там звучит алгоритмический собес? Так и называется или же все таки что то более общее?;;0;;12027;https://t.me/botalkaaa;0;0;;
2026-08-07 14:46:01+00:00;147137;;Боталка(Студенты) — Поступашки;1866807276;;851869214;"Ребят, кто то собесился в какую то компанию на позицию DS junior? Если да, то алгоритмические задачи входят в этап собеса ""Собеседование по основам питона и SQL""?";;1;;12027;https://t.me/botalkaaa;0;0;;
2026-08-07 14:33:11+00:00;147136;147135;Боталка(Студенты) — Поступашки;1866807276;;8629553944;Обычно алгосы посложнее первого + иногда немного дизайна кода/ООП, но прям примеров на руках нет, стажка - минус вайб;;;;12027;https://t.me/botalkaaa;0;0;;
2026-08-07 14:08:58+00:00;147135;;Боталка(Студенты) — Поступашки;1866807276;;7475081952;Ребят, кто-то знает пример задач, которые дают на втором техсобесе в Яндекс на стажировку разрабом?;;1;;12027;https://t.me/botalkaaa;0;0;;
2026-08-07 14:05:29+00:00;147134;;Боталка(Студенты) — Поступашки;1866807276;;619229681;**ML-кейс компании X5Digital (динамическое ценообразование)**  [Нашему выпускнику](https://old.postypashki.ru/%D0%BA%D0%B0%D1%80%D1%8C%D0%B5%D1%80%D0%BD%D1%8B%D0%B5-%D0%BA%D1%83%D1%80%D1%81%D1%8B/) на собеседовании с командой предложили интересный кейс с историей. У доставки еды возникает проблема: когда клиентов очень много, приложение показывает «повышенный спрос, время ожидания увеличено». Клиент может уйти к конкурентам или просто дойти до магазина сам. Итого потеря денег и лояльности.  **Как решали без ML** Сначала аналитики через A/B-тесты вручную подбирали для каждого магазина матрицу цен доставки при разных уровнях загруженности и порогах корзины. Похоже не самый удачный подход: данные быстро устаревают - магазин расширился, радиус доставки изменился, и всю матрицу надо пересчитывать заново. Долго, нудно и негибко.  **Как решили с помощью ML** Применили концепцию обучения с подкреплением (Reinforcement Learning). Без сложных агентов, но сама логика такая:  **Среда** - система доставки. **Состояние (State)** - текущая загруженность курьеров и сборщиков. **Действие (Action)** - на сколько процентов увеличивать цену доставки при высоком спросе. **Reward (вознаграждение)** = c × РТО – (1 – c) × CTD  Разберём компоненты: • **РТО** - розничный товарооборот (выручка от проданных товаров). Хотим её растить. • **CTD** - Click to Delivery, быстрота доставки. Если обещали 30 минут, а доставили за 60, CTD = 2 → это плохо. Если за 15 минут, CTD = 0.5 → отлично. Чем CTD меньше, тем лучше, поэтому в формуле вознаграждения перед CTD стоит **минус**: большое CTD штрафует reward. • **c** - весовой коэффициент баланса. При c → 1 приоритет на выручке, при c → 0 - на скорости доставки. Это tradeoff, который бизнес настраивает под свои цели.  Для предсказания reward ввели функцию Q(s, a) (назвали так условно, это не из Q-learning). Она обучается на исторических данных: по текущей загруженности и проценту наценки модель прогнозирует, какое вознаграждение мы получим. Затем для каждого периода времени выбирается наилучшее действие: a = argmax Q(s, a). То есть модель сама решает, насколько повысить цену, чтобы максимизировать reward.  **Итог** Сначала внедрение привело к тому, что РТО немного просел (на несколько процентов), а CTD улучшилось: доставка стала быстрее, но выручка упала. Затем подобрали гиперпараметр c, дообучили модель - и РТО вернулся к исходному уровню, при этом CTD остался ниже изначального. Выручка не изменилась, а эффективность доставки выросла. Это прямой профит: клиент не уходит к конкурентам, растут LTV и Retention, что критически важно для бизнеса.  **Вывод** ML в этом кейсе не просто «делает прогнозы», а автоматически адаптирует ценообразование к меняющейся загрузке, избавляя от ручного пересчёта матриц. Компаниям всё чаще нужны специалисты, способные связать математику с реальной бизнес-метрикой. Кстати, на нашем курсе [ML-про](https://old.postypashki.ru/%D0%BA%D0%B0%D1%80%D1%8C%D0%B5%D1%80%D0%BD%D1%8B%D0%B5-%D0%BA%D1%83%D1%80%D1%81%D1%8B/ml-%D1%85%D0%B0%D1%80%D0%B4/) можно разобраться с динамическим ценообразованием на практике - рекомендую!  **Подписаться: ****@zadachi_ds**;4954.0;0;;12027;https://t.me/botalkaaa;0;1;69.0;
2026-08-07 13:23:16+00:00;147132;147120;Боталка(Студенты) — Поступашки;1866807276;;7504135806;А не дали возможность на продвинутый трек в ЦУ?;;;;12027;https://t.me/botalkaaa;0;0;;
2026-08-07 13:15:11+00:00;147131;147129;Боталка(Студенты) — Поступашки;1866807276;;5291055292;в цу как раз вечернее обучения, + это в мск не надо релакацироваться.;;;;12027;https://t.me/botalkaaa;0;0;;
2026-08-07 13:05:12+00:00;147129;147128;Боталка(Студенты) — Поступашки;1866807276;;869863201;Да, точно будет :) У нас вся тима на удаленке, но я не планировал увольняться, я хочу совмещать фуллтайм работу и магу;;;;12027;https://t.me/botalkaaa;0;0;;
2026-08-07 13:03:49+00:00;147128;147126;Боталка(Студенты) — Поступашки;1866807276;;1250381309;А по мимо учебы будет хватать накопленных средств? Не получится так, что нужно снова начать работать? Можно ли попросить удаленку в Т-банке? Или будешь в случаи чего переходить в москвоский офис?;;;;12027;https://t.me/botalkaaa;0;0;;
2026-08-07 12:58:54+00:00;147127;;Боталка(Студенты) — Поступашки;1866807276;;5291055292;Я бы в цу пошел т.к мск;;0;;12027;https://t.me/botalkaaa;0;0;;
2026-08-07 12:58:23+00:00;147126;147125;Боталка(Студенты) — Поступашки;1866807276;;869863201;Я уже живу в Питере, работаю в Т-Банке, денег на учебу отложил уже более чем достаточно;;;;12027;https://t.me/botalkaaa;0;0;;
2026-08-07 12:55:30+00:00;147125;147120;Боталка(Студенты) — Поступашки;1866807276;;950292545;мне кажется зависит от того где хочешь жить. в итмо ты завязан на спб, не получится к примеру взять и переехать в мск к примеру. всё равно как минимум придётся кататься закрывать сессии. сам подаюсь на эти программы и уточнял это у менеджеров - часть занятий точно идёт очно. ну и в цу всё же платно как-никак. а по качеству хз, цу молодой, выборки особо нет, про итмо очень разное слышал;;;;12027;https://t.me/botalkaaa;0;0;;
2026-08-07 12:46:27+00:00;147124;147120;Боталка(Студенты) — Поступашки;1866807276;;1086504696;Итмо  Мл и биг дата;;;;12027;https://t.me/botalkaaa;0;0;;
2026-08-07 12:46:15+00:00;147123;;Боталка(Студенты) — Поступашки;1866807276;;869863201;Если что с деньгами нет проблем. ЗП хватает, да и отложено с лихвой;;0;;12027;https://t.me/botalkaaa;0;0;;
2026-08-07 12:45:43+00:00;147122;147120;Боталка(Студенты) — Поступашки;1866807276;;8629553944;ИТМО за счет БВИ бесплатно, ЦУ хоть и грант но платный остаток - если деньги не решают, бери ИТМО;;;;12027;https://t.me/botalkaaa;0;0;;
2026-08-07 12:44:19+00:00;147121;147120;Боталка(Студенты) — Поступашки;1866807276;;832231359;если итмо бесплатно, то итмо очев;;;;12027;https://t.me/botalkaaa;0;0;;
2026-08-07 12:43:18+00:00;147120;;Боталка(Студенты) — Поступашки;1866807276;;869863201;Всем здарова!   Прошел на 75% грант в магистратуру **ЦУ** (базовый трек Машинное Обучение (онлайн)) и на БВИ в **ИТМО** (на выбор: Искусственный интеллект в поведенческой экономике / Машинное обучение и Big Data / Искусственный интеллект в промышленности)  Не могу выбрать... Куда бы пошли ВЫ?;;9;;12027;https://t.me/botalkaaa;0;0;;
2026-08-07 11:55:24+00:00;147118;;Боталка(Студенты) — Поступашки;1866807276;;49310475;Что на счёт кредитов и рассрочек активных?;;0;;12027;https://t.me/botalkaaa;0;0;;
2026-08-07 11:54:51+00:00;147117;;Боталка(Студенты) — Поступашки;1866807276;;5775360356;на отсутствие судимостей;;0;;12027;https://t.me/botalkaaa;0;0;;
2026-08-07 11:46:46+00:00;147116;;Боталка(Студенты) — Поступашки;1866807276;;49310475;Ребят, на что смотрит СБ при оформлении в банк?;;0;;12027;https://t.me/botalkaaa;0;0;;
2026-08-07 11:17:37+00:00;147115;147109;Боталка(Студенты) — Поступашки;1866807276;;5748586086;Да, ты прав, спасибо;;;;12027;https://t.me/botalkaaa;0;0;;
2026-08-07 10:59:00+00:00;147113;;Боталка(Студенты) — Поступашки;1866807276;;7999872158;MediaMessage;;0;;12027;https://t.me/botalkaaa;0;0;;
2026-08-07 10:54:26+00:00;147112;147105;Боталка(Студенты) — Поступашки;1866807276;;8629553944;Обычно можно, если это разные потоки/вакансии - реджект по одной не всегда бан на другую;;;;12027;https://t.me/botalkaaa;0;0;;
2026-08-07 10:40:57+00:00;147110;;Боталка(Студенты) — Поступашки;1866807276;;619229681;**Кванты: кто есть кто и реальные вакансии от Alber Blanc**  Часто видите в вакансиях Quant Trader, Quant Researcher, Quant Developer или Quant Analyst и не до конца понимаете разницу? Это нормально: универсальных определений нет, и в разных командах под одним названием могут скрываться совсем разные задачи.  При этом среди выпускников [наших курсов](https://old.postypashki.ru/%D0%BA%D1%83%D1%80%D1%81%D1%8B/) и студентов ШАДа сформировалось сильное комьюнити квантов: ребята работают в Teza, Jane Street, Wunder Fund, Alber Blanc, XTX и других топ-фондах. Сегодня разберу роли на примере живых позиций **Alber Blanc** - одного из сильнейших HFT-фондов на постсоветском пространстве. А если вы хотите рассказать про свой фонд или поделиться опытом пишите @vice22821. Сможем прорекламировать ваш фонд/соцсети или гарантировать полную анонимность, если вы непубличная личность. И советуйте знакомым написать!   **Quant Trader** Глубоко копает микроструктуру рынка, ищет неэффективности и скрытые корреляции. Работает в основном с готовыми инструментами - это освобождает время для генерации гипотез и их быстрой проверки. Отвечает за аллокацию капитала и поведение стратегий в реальном времени: запускает процессы, фиксирует прод-инциденты и приоритизирует задачи для аналитиков и инженеров. → [Подробнее о вакансии](https://alberblanc.com/careers/quantitative-trader)  **Quant Analyst (близко к Researcher/Developer)** Фокус на данные, архитектуру и разработку торговых алгоритмов. Помогает трейдерам проверять идеи или самостоятельно ищет альфы и встраивает их в стратегии. Ключевые требования: сильный C++ и алгоритмическая подготовка: много задач по оптимизации моделей, поддержке внутренних библиотек, написанию бэктестов и ускорению всего пайплайна тестирования. → [Подробнее о вакансии](https://alberblanc.com/careers/quantitative-analyst)  ** Market Data Analyst** Роль на стыке системной аналитики и инженерии. Плотно взаимодействует с трейдерами, квантами и разработчиками, чтобы торговля шла без сбоев. Главные задачи: мониторинг качества рыночных данных, анализ задержек, расследование ежедневных инцидентов и поиск узких мест в реальном времени. По сути менеджмент проблем с данными и постановка задач на их устранение. → [Подробнее о вакансии](https://alberblanc.com/careers/market-data-analyst)  **Что нужно, чтобы попасть в такие команды?** Для Quant Analyst и Researcher программа ШАДа - это база: алгоритмы, матан, тервер и C++ покрывают ключевые требования. Для Quant Trader такой фундамент будет сильным преимуществом. PhD, олимпиады по математике и алгоритмам, хакатоны и соревнования по DS - дополнительный буст для отбора на любую из этих позиций. Какой бы путь вы ни выбрали, глубокая математика, алгоритмы и ML-подготовка станут вашим конкурентным преимуществом. Так что ботаем, поступаем в ШАД.  **Подписаться: ****@matesha_shad**;5608.0;0;;12027;https://t.me/botalkaaa;0;1;82.0;
2026-08-07 10:16:44+00:00;147109;147105;Боталка(Студенты) — Поступашки;1866807276;;1627316505;Там все равно отправит тебя на сайт их по отборе на стажку;;;;12027;https://t.me/botalkaaa;0;0;;
2026-08-07 09:41:43+00:00;147107;147103;Боталка(Студенты) — Поступашки;1866807276;;7782576683;уже на собесы позвали, первый этап из них был до 2 видимо, реджектв не прислали;;;;12027;https://t.me/botalkaaa;0;0;;
2026-08-07 09:41:36+00:00;147106;;Боталка(Студенты) — Поступашки;1866807276;;5748586086;Можете подсказать, пожалуйста;;0;;12027;https://t.me/botalkaaa;0;0;;
2026-08-07 09:33:10+00:00;147105;;Боталка(Студенты) — Поступашки;1866807276;;5748586086;Вчера листал хх и наткнулся на две вакансии стажера .net от т-банка, вот хотел спросить, если, к примеру, я на них сейчас откликнусь и не пройду, смогу ли я дальше проходить отбор на осеннюю стажировку от них, которая с 6 сентября начинается вроде бы?;;3;;12027;https://t.me/botalkaaa;0;0;;
2026-08-07 08:32:01+00:00;147103;;Боталка(Студенты) — Поступашки;1866807276;;899524235;Есть кто-то кому ещё ничего не приходило от Авито по ааа?;;1;;12027;https://t.me/botalkaaa;0;0;;
2026-08-06 21:28:57+00:00;147089;147088;Боталка(Студенты) — Поступашки;1866807276;;749155046;5 августа пришло приглашение на следующий этап;;;;12027;https://t.me/botalkaaa;0;0;;
2026-08-06 21:27:57+00:00;147088;147086;Боталка(Студенты) — Поступашки;1866807276;;8030387398;когда тебя пригласили?;;;;12027;https://t.me/botalkaaa;0;0;;
2026-08-06 20:20:36+00:00;147086;;Боталка(Студенты) — Поступашки;1866807276;;749155046;Всем привет!  Есть те кто в прошлом или может уже в этом году проходили собес в ааа? Хочется узнать и про мотивацию и про тех собес более подробно, кому не сложно, напишите в лс, пожалуйста 🙏🏻;;2;;12027;https://t.me/botalkaaa;0;0;;
2026-08-06 19:28:18+00:00;147083;147076;Боталка(Студенты) — Поступашки;1866807276;;1668975472;еще нужно?;;;;12027;https://t.me/botalkaaa;0;0;;
2026-08-06 17:38:09+00:00;147082;147066;Боталка(Студенты) — Поступашки;1866807276;;1307880050;Да, 3 собеса уже было, Java;;;;12027;https://t.me/botalkaaa;0;0;;
2026-08-06 17:33:48+00:00;147081;;Боталка(Студенты) — Поступашки;1866807276;;1410351570;У кого нибудь есть список задач или тем по алгоритмам которые у аналитиков спрашивают? Скиньте в лс пожалуйста;;0;;12027;https://t.me/botalkaaa;0;0;;
2026-08-06 16:51:10+00:00;147080;;Боталка(Студенты) — Поступашки;1866807276;;475169474;Ребят, если у кого-то есть минутка и желание пройти небольшой опрос на 3 минуты по опыту использования сервисов для абитуриентов постучитесь в личку - проектирую мобильное приложение. Нужен опыт реальных людей. Пока только этап исследования;;0;;12027;https://t.me/botalkaaa;0;0;;
2026-08-06 16:47:40+00:00;147079;;Боталка(Студенты) — Поступашки;1866807276;;475169474;Всем привет! Желаю увидеть свои фамилии в списке поступивших! Тем кто уже поступил успехов в учебе и удачи на сессиях 👍;;0;;12027;https://t.me/botalkaaa;0;0;;
2026-08-06 16:30:12+00:00;147078;147040;Боталка(Студенты) — Поступашки;1866807276;;6579281786;Умц Жириновского, так что думаю уже завтра прийдут;;;;12027;https://t.me/botalkaaa;0;0;;
2026-08-06 16:29:09+00:00;147077;147027;Боталка(Студенты) — Поступашки;1866807276;;6579281786;🤝;;;;12027;https://t.me/botalkaaa;0;0;;
2026-08-06 15:51:21+00:00;147076;;Боталка(Студенты) — Поступашки;1866807276;;422490246;Кто может рассказать о жизни в айти-общаге яндекса, напишите пожалуйста в личку. Интересуют пара бытовых вопросов. Либо просто реплай на сообщение сделайте, я сам вам напишу;;1;;12027;https://t.me/botalkaaa;0;0;;
2026-08-06 15:28:47+00:00;147074;;Боталка(Студенты) — Поступашки;1866807276;;1344522484;Ребят, подскажите пж, как техсобес в магнит.теч на мл-инжа проходит? Обсудить, какие задачи у вас были, мб на что заостряют внимание. Напишите в лс, пожалуйста.;;0;;12027;https://t.me/botalkaaa;0;0;;
2026-08-06 11:39:59+00:00;147066;;Боталка(Студенты) — Поступашки;1866807276;;1027100045;ну и вообще кого то звали на собесы со второй волны?;;1;;12027;https://t.me/botalkaaa;0;0;;
2026-08-06 10:14:06+00:00;147056;;Боталка(Студенты) — Поступашки;1866807276;;1027100045;всем привет, кого то звали на собес в т-банк Java(лето вторая волна);;0;;12027;https://t.me/botalkaaa;0;0;;
2026-08-06 09:00:05+00:00;147052;147051;Боталка(Студенты) — Поступашки;1866807276;;910340154;Yep;;;;12027;https://t.me/botalkaaa;0;0;;
2026-08-06 08:58:08+00:00;147051;147049;Боталка(Студенты) — Поступашки;1866807276;;1137371238;это вероятно в резиденцию в я ресерч;;;;12027;https://t.me/botalkaaa;0;0;;
2026-08-06 08:51:46+00:00;147049;147045;Боталка(Студенты) — Поступашки;1866807276;;1094578892;какую секцию;;;;12027;https://t.me/botalkaaa;0;0;;
2026-08-06 07:40:46+00:00;147045;;Боталка(Студенты) — Поступашки;1866807276;;910340154;Всем привет, а у кого-то есть реальные примеры задач на секцию в Яндексе hardware efficiency и GPU ?;;3;;12027;https://t.me/botalkaaa;0;0;;
2026-08-06 05:00:32+00:00;147040;147022;Боталка(Студенты) — Поступашки;1866807276;;8032400502;Если ты в урфу то мб сегодня узнаешь, они 6 изначально планировали приказ выложить;;;;12027;https://t.me/botalkaaa;0;0;;
2026-08-06 03:13:09+00:00;147035;147032;Боталка(Студенты) — Поступашки;1866807276;;846832593;🥺🔥;;;;12027;https://t.me/botalkaaa;0;0;;
2026-08-05 22:57:47+00:00;147027;147026;Боталка(Студенты) — Поступашки;1866807276;;1171499139;Понял ,удачи;;;;12027;https://t.me/botalkaaa;0;0;;
2026-08-05 22:57:03+00:00;147026;147025;Боталка(Студенты) — Поступашки;1866807276;;6579281786;У каждого по согласию с другим вузом   Экономика;;;;12027;https://t.me/botalkaaa;0;0;;
2026-08-05 22:56:46+00:00;147025;147024;Боталка(Студенты) — Поступашки;1866807276;;1171499139;Это на кого;;;;12027;https://t.me/botalkaaa;0;0;;
2026-08-05 22:56:02+00:00;147024;147023;Боталка(Студенты) — Поступашки;1866807276;;6579281786;1 бюджетное Я 12я в списках, но я глянула, до меня люди подавали согласия в другие вузы;;;;12027;https://t.me/botalkaaa;0;0;;
2026-08-05 22:55:46+00:00;147023;147022;Боталка(Студенты) — Поступашки;1866807276;;1171499139;А на каком месте из скольки;;;;12027;https://t.me/botalkaaa;0;0;;
2026-08-05 22:54:52+00:00;147022;147020;Боталка(Студенты) — Поступашки;1866807276;;6579281786;Ну последнее обновление списков на сайте вуза было в 17:00 (до этого ещё и в 15:30 было) и я всё ещё зелёная  Так что hope so;;;;12027;https://t.me/botalkaaa;0;0;;
2026-08-05 22:54:46+00:00;147021;146966;Боталка(Студенты) — Поступашки;1866807276;;1171499139;Итмо;;;;12027;https://t.me/botalkaaa;0;0;;
2026-08-05 22:53:45+00:00;147020;146956;Боталка(Студенты) — Поступашки;1866807276;;1171499139;Напиши потом , зачислили ли;;;;12027;https://t.me/botalkaaa;0;0;;
2026-08-05 22:19:06+00:00;147018;147017;Боталка(Студенты) — Поступашки;1866807276;;6597305669;Хахахах Ну там другое написано  Я Китай уважаю ес че;;;;12027;https://t.me/botalkaaa;0;0;;
2026-08-05 22:14:33+00:00;147017;147016;Боталка(Студенты) — Поступашки;1866807276;;6376596479;Я учил китайский и единственное что смог прочитать «я ебал весь Китай»   Мне нужно возвращаться к обучению;;;;12027;https://t.me/botalkaaa;0;0;;
2026-08-05 21:57:37+00:00;147016;147013;Боталка(Студенты) — Поступашки;1866807276;;6597305669;Dear friend,  你个傻逼，别再发垃圾信息了。  我操了你那中国婊子妈的屁眼。;;;;12027;https://t.me/botalkaaa;0;0;;
2026-08-05 21:36:57+00:00;147014;147013;Боталка(Студенты) — Поступашки;1866807276;;787209390;Друг, мало того что ты спамишь, так мы еще и не понимаем чем, кроме слова впн и единичек. Хоть постарайся..;;;;12027;https://t.me/botalkaaa;0;0;;
2026-08-05 20:53:51+00:00;147012;146980;Боталка(Студенты) — Поступашки;1866807276;;5293787491;Я ток сейчас общие чаты увидел;;;;12027;https://t.me/botalkaaa;0;0;;
2026-08-05 20:19:37+00:00;147011;;Боталка(Студенты) — Поступашки;1866807276;;1817362619;Всем привет, здесь есть студенты с ПМИ ВШЭ в Москве, хочу пообщаться, если можно);;0;;12027;https://t.me/botalkaaa;0;0;;
2026-08-05 20:02:05+00:00;147010;147008;Боталка(Студенты) — Поступашки;1866807276;;1627316505;Да я понял бро, хорош про мать 😭;;;;12027;https://t.me/botalkaaa;0;0;;
2026-08-05 19:56:00+00:00;147009;147008;Боталка(Студенты) — Поступашки;1866807276;;783230926;门口乂丫订;;;;12027;https://t.me/botalkaaa;0;0;;
2026-08-05 18:57:34+00:00;147006;147001;Боталка(Студенты) — Поступашки;1866807276;;2033894565;Ок;;;;12027;https://t.me/botalkaaa;0;0;;
2026-08-05 16:43:30+00:00;147000;146992;Боталка(Студенты) — Поступашки;1866807276;;7075114201;да, это этап сб;;;;12027;https://t.me/botalkaaa;0;0;;
2026-08-05 16:43:04+00:00;146999;146992;Боталка(Студенты) — Поступашки;1866807276;;862612764;Это этап проверки сб;;;;12027;https://t.me/botalkaaa;0;0;;
2026-08-05 16:32:08+00:00;146998;146992;Боталка(Студенты) — Поступашки;1866807276;;8629553944;Похоже что тебя перекладывают в другую команду/пул, анкета скорее формальность для этого;;;;12027;https://t.me/botalkaaa;0;0;;
2026-08-05 16:22:27+00:00;146997;;Боталка(Студенты) — Поступашки;1866807276;;1792287225;Пон, спасибо;;0;;12027;https://t.me/botalkaaa;0;0;;
2026-08-05 16:22:00+00:00;146996;146995;Боталка(Студенты) — Поступашки;1866807276;;6597305669;не взяли( но может они там передумали, всё бывает;;;;12027;https://t.me/botalkaaa;0;0;;
2026-08-05 16:21:01+00:00;146995;146994;Боталка(Студенты) — Поступашки;1866807276;;1792287225;И как?;;;;12027;https://t.me/botalkaaa;0;0;;
2026-08-05 16:20:13+00:00;146994;146992;Боталка(Студенты) — Поступашки;1866807276;;6597305669;у меня тоже самое было;;;;12027;https://t.me/botalkaaa;0;0;;
2026-08-05 16:18:09+00:00;146993;;Боталка(Студенты) — Поступашки;1866807276;;1792287225;Там просто анкета содержит личные данные, как по этому можно что-то решить?;;0;;12027;https://t.me/botalkaaa;0;0;;
2026-08-05 16:16:37+00:00;146992;;Боталка(Студенты) — Поступашки;1866807276;;1792287225;"А кто на стажек в Т-банк проходил, есть инфа, что за ""финальная анкета""? Сначала мне отказала команда, которая собес да к себе(написали мол выбрали другого кандидата), а потом HR спрашивает актуальна ли вакансия, просит заполнить эту анкету, и пишет, что ответ через 2-3 дня будет, когда проверят.";;6;;12027;https://t.me/botalkaaa;0;0;;
2026-08-05 16:06:26+00:00;146991;146990;Боталка(Студенты) — Поступашки;1866807276;;1337897060;Выдают;;;;12027;https://t.me/botalkaaa;0;0;;
2026-08-05 16:04:30+00:00;146990;;Боталка(Студенты) — Поступашки;1866807276;;568386052;Есть аспиранты с Синергии? выдают ли там отсрочку? читал отзывы, пишут что да. Хотел бы лишний раз убедиться;;1;;12027;https://t.me/botalkaaa;0;0;;
2026-08-05 15:58:14+00:00;146988;;Боталка(Студенты) — Поступашки;1866807276;;6595640563;Кто хочет попасть в лояльное научное сообщество с особой атмосферой;;0;;12027;https://t.me/botalkaaa;0;0;;
2026-08-05 15:57:05+00:00;146987;;Боталка(Студенты) — Поступашки;1866807276;;6595640563;Поступающие;;0;;12027;https://t.me/botalkaaa;0;0;;
2026-08-05 15:55:25+00:00;146986;;Боталка(Студенты) — Поступашки;1866807276;;619229681;[**Мотивационное собеседование Академия Авито 2026**](https://start.avito.ru/academy?ysclid=msg9ilxy38958240236)  Собеседование проходит в асинхронном формате: твои ответы просто записывают на камеру, на каждый ответ 1-2 минуты.  1. Привет, представься и кратко расскажи о себе. У тебя будет 1 минута. Запись начнется после того, как нажмешь «начать запись». 2. Приведи пример профессионального, академического или личного достижения. 3. Почему ты выделил(а) именно его? 4. Что помогло тебе в достижении этой цели? 5. Приведи пример сложной ситуации, с которой ты столкнулся при выполнении учебного/рабочего проекта. 6.Как справился(-ась)? 7. Чему научился(-ась) в этой ситуации? 8. Приведи пример в рамках твоей работы, учебы или студенческих активностей, где ты работал в команде или в паре с кем-либо. 9. Что это был за проект и сколько он длился? 10. Как распределялись работа и ответственность внутри команды, и какие задачи выполнял(-а) непосредственно ты? 11. Что для тебя самое сложное в командной работе? 12. Как ты обычно организуешь свое время, чтобы справляться с несколькими задачами одновременно? 13. Были ли у тебя опыт совмещения учебы и работы? Если да, как ты с этим справлялся(-ась)? 14. Почему ты выбрал Академию Авито? 15. Что ты ожидаешь от нее получить? 16. Какие конкретные навыки или знания ты планируешь развить на нашей программе? 17. Как она может тебе помочь в твоем будущем профессиональном развитии? 18. Какие у тебя планы на будущую проф.деятельность, в чем было бы интересно развиваться? 19. Что тебя привлекает в работе в Big Tech, и как ты видишь свою роль в этой индустрии?  **Подписаться: ****@matesha_shad**;5293.0;0;;12027;https://t.me/botalkaaa;0;1;103.0;
2026-08-05 15:52:55+00:00;146985;146984;Боталка(Студенты) — Поступашки;1866807276;;5293787491;понял, спс;;;;12027;https://t.me/botalkaaa;0;0;;
2026-08-05 15:52:34+00:00;146984;146983;Боталка(Студенты) — Поступашки;1866807276;;653007585;да, но я оч неуверенно звучал на сдаче, других грехов мне не раскрыли;;;;12027;https://t.me/botalkaaa;0;0;;
2026-08-05 15:51:54+00:00;146983;146982;Боталка(Студенты) — Поступашки;1866807276;;5293787491;типо на собес с командой?;;;;12027;https://t.me/botalkaaa;0;0;;
2026-08-05 15:51:27+00:00;146982;146961;Боталка(Студенты) — Поступашки;1866807276;;653007585;У меня было, дальше ни одна команда не взяла просто));;;;12027;https://t.me/botalkaaa;0;0;;
2026-08-05 15:43:46+00:00;146980;146961;Боталка(Студенты) — Поступашки;1866807276;;1045028852;Всё, отчислен из Яндекса;;;;12027;https://t.me/botalkaaa;0;0;;
2026-08-05 15:21:57+00:00;146979;;Боталка(Студенты) — Поступашки;1866807276;;619229681;"**Вопросы зарубежного HR**  Собрали гайдик с популярными вопросами HR на зарубежном собесе. Советую сохранить и репетировать в очереди/метро. Полный гайд 100+ вопросами доступен в нашем блоке по **карьере зарубежом**.   Сейчас многих специалистов посещает хорошая мысль рассматривать карьерные возможности зарубежом. Специально для них мы добавили новый блок ""карьера зарубежом"" в наши новые курсы[ линейки ПРО](https://old.postypashki.ru/%d0%ba%d0%b0%d1%80%d1%8c%d0%b5%d1%80%d0%bd%d1%8b%d0%b5-%d0%ba%d1%83%d1%80%d1%81%d1%8b/). Собрали все самое важное: — как себя позиционировать — как заполнить CV, Linkedin — базу рефералов, вакансий и рекрутеров  — как проходить собесы и торговаться за зарплату  — все о релокации  Получилось мощно, будем продавать отдельно, но участникам [ПРО этого набора](https://old.postypashki.ru/%d0%ba%d0%b0%d1%80%d1%8c%d0%b5%d1%80%d0%bd%d1%8b%d0%b5-%d0%ba%d1%83%d1%80%d1%81%d1%8b/), блок будет доступен бесплатно.  **Подписаться: ****@chad_protocol**";8444.0;0;;12027;https://t.me/botalkaaa;0;1;201.0;
2026-08-05 14:05:12+00:00;146976;146975;Боталка(Студенты) — Поступашки;1866807276;;7184644188;о дай тфкп списать;;;;12027;https://t.me/botalkaaa;0;0;;
2026-08-05 13:48:31+00:00;146975;;Боталка(Студенты) — Поступашки;1866807276;;563910382;кто проходил финалы в яшку на ML в мск (стажер) отпишите в личку пожалуйста 🙏🙏🙏;;1;;12027;https://t.me/botalkaaa;0;0;;
2026-08-05 13:47:31+00:00;146974;;Боталка(Студенты) — Поступашки;1866807276;;7957391602;Там все такие;;0;;12027;https://t.me/botalkaaa;0;0;;
2026-08-05 13:42:29+00:00;146971;146970;Боталка(Студенты) — Поступашки;1866807276;;7957391602;А тебе какое направление надо;;;;12027;https://t.me/botalkaaa;0;0;;
2026-08-05 13:36:23+00:00;146969;146966;Боталка(Студенты) — Поступашки;1866807276;;7957391602;синергия;;;;12027;https://t.me/botalkaaa;0;0;;
2026-08-05 12:36:45+00:00;146965;146961;Боталка(Студенты) — Поступашки;1866807276;;835288390;Проеб может быть только в том случае если ты сделал две задачи с сильными подсказками интервьюера, в таком случае тебя не пригласят на второй собес\финалы. В остальных случаях с большой вероятностью ты пройдешь дальше;;;;12027;https://t.me/botalkaaa;0;0;;
2026-08-05 12:35:29+00:00;146964;146963;Боталка(Студенты) — Поступашки;1866807276;;8629553944;Ну так и зачилься тогда;;;;12027;https://t.me/botalkaaa;0;0;;
2026-08-05 12:35:04+00:00;146963;146962;Боталка(Студенты) — Поступашки;1866807276;;5293787491;Был 1 затуп с первой задачей, вторую сразу решил,багов в коде не было;;;;12027;https://t.me/botalkaaa;0;0;;
2026-08-05 12:34:28+00:00;146962;146961;Боталка(Студенты) — Поступашки;1866807276;;8629553944;Может и проеб, а может ты просто быстро решил без затупов - не всегда плохой знак;;;;12027;https://t.me/botalkaaa;0;0;;
2026-08-05 12:33:44+00:00;146961;;Боталка(Студенты) — Поступашки;1866807276;;5293787491;Кто знает если интервьюер в Яндексе принял обе задачи за 50 минут,то это может означать проеб?;;10;;12027;https://t.me/botalkaaa;0;0;;
2026-08-05 11:57:46+00:00;146960;;Боталка(Студенты) — Поступашки;1866807276;;7795951181;Ребят, кого взяли из донабора на мл стажки в тиньку?;;0;;12027;https://t.me/botalkaaa;0;0;;
2026-08-05 11:54:56+00:00;146959;146956;Боталка(Студенты) — Поступашки;1866807276;;894782614;Есть конечно, так что в любой момен можешь вылететь;;;;12027;https://t.me/botalkaaa;0;0;;
2026-08-05 11:49:50+00:00;146956;;Боталка(Студенты) — Поступашки;1866807276;;6579281786;Кто-нибудь знает, если впп в госуслугах все еще стоит и закрыт прием согласий, это может значить, что я как бы поступила? Списки и на сайте и на госуслугах обновилены в 12:50, спустя практически час.  А в списке вуза я уже зелёная (типо рекомендована к зачислению), но вдруг кого-то подгрузят ещё? Есть такое шанс?;;11;;12027;https://t.me/botalkaaa;0;0;;
2026-08-05 11:40:35+00:00;146955;146954;Боталка(Студенты) — Поступашки;1866807276;;1129624278;Халява, если фпми, задают 6 вопросов за 30 минут без подготовки, покрывая все разделы программы. А дальше чиллишь идешь, даже час сидеть ждать  не надо;;;;12027;https://t.me/botalkaaa;0;0;;
2026-08-05 11:36:28+00:00;146954;;Боталка(Студенты) — Поступашки;1866807276;;697227893;Кто уже сдавал экзамены в магу мфти ? есть пару вопросов;;1;;12027;https://t.me/botalkaaa;0;0;;
2026-08-05 11:30:38+00:00;146953;;Боталка(Студенты) — Поступашки;1866807276;;6376596479;вацао нимаааа;;0;;12027;https://t.me/botalkaaa;0;0;;
2026-08-05 11:01:48+00:00;146950;;Боталка(Студенты) — Поступашки;1866807276;;6597305669;Походу антиспам в Боталке работает только под русско говорящих;;0;;12027;https://t.me/botalkaaa;0;0;;
2026-08-05 10:43:47+00:00;146948;;Боталка(Студенты) — Поступашки;1866807276;;465534608;вацао нима;;0;;12027;https://t.me/botalkaaa;0;0;;
2026-08-05 09:48:40+00:00;146946;146943;Боталка(Студенты) — Поступашки;1866807276;;431668359;вацао нима;;;;12027;https://t.me/botalkaaa;0;0;;
2026-08-05 09:28:23+00:00;146945;146943;Боталка(Студенты) — Поступашки;1866807276;;6597305669;Свалил отсюда  Если впн, то ток мой;;;;12027;https://t.me/botalkaaa;0;0;;
2026-08-05 09:27:52+00:00;146944;;Боталка(Студенты) — Поступашки;1866807276;;893348468;Народ, кто-то участвовал в Т-лабе? напишите в личке пж, пару вопросов хочу задать;;0;;12027;https://t.me/botalkaaa;0;0;;
2026-08-04 20:11:03+00:00;146900;;Боталка(Студенты) — Поступашки;1866807276;;427507782;Всем привет, кто проходил отбор на мл стажу в Яндекс, напишите в лс пж;;0;;12027;https://t.me/botalkaaa;0;0;;
2026-08-04 17:07:20+00:00;146897;146896;Боталка(Студенты) — Поступашки;1866807276;;1134547768;аххвхвхахахахахахаха;;;;12027;https://t.me/botalkaaa;0;0;;
2026-08-04 17:04:18+00:00;146896;;Боталка(Студенты) — Поступашки;1866807276;;-1;в сбере только ложки дырявые, гущу черпать;;1;;12027;https://t.me/botalkaaa;0;0;;
2026-08-04 16:57:29+00:00;146893;;Боталка(Студенты) — Поступашки;1866807276;;8968108779;Мужики, кто со сбера 10 Грейд какая вилка?;;0;;12027;https://t.me/botalkaaa;0;0;;
2026-08-04 16:35:27+00:00;146891;;Боталка(Студенты) — Поступашки;1866807276;;619229681;"**Задача с собеседования в TCS**  Дана строка s, **верните** **true**, если возможно разделить её на 3 непустые палиндромные подстроки. В противном случае **верните** **false**. Строка называется палиндромом, если в перевёрнутом виде она остаётся той же самой строкой.  __Пример 1: __ Input:  s = ""abcbdd"" Output: true Explanation: ""abcbdd"" = ""a"" + ""bcb"" + ""dd"", все три подстроки являются палиндромами.  __Пример 2:__ Input: s = ""bcbddxy"" Output: false Explanation: s нельзя разделить на 3 палиндрома.  __Ограничения:__ 3 <= s.length <= 2000 s состоит только из строчных английских букв.  [НАШ ЧАТ АЛГОРИТМИСТОВ](https://t.me/algoses_chat)  **Решение**  Задача помечена тегом **""Dynamic Programming""**. Реализуем восходящее dp для проверки подстроки на палиндромность: заполняем таблицу от коротких подстрок к длинным, используя результаты для маленьких подстрок при вычислении больших. Запоминаем булево значение для каждой пары (i, j) и используем для получения ответа за O(1):  - Создаём таблицу размером n * n, заполненную False, где dp[i][j] - ответ, является ли подстрока от индекса i до j палиндромом, - Заполняем таблицу вложенным циклом, двигаясь переменной i от конца строки к началу, а переменной j - от i вправо, строя подстроки по возрастанию длины. Таким образом, направление i и j гарантирует, что когда вычисляем dp[i][j], ответ для середины подстроки (dp[i+1][j-1]) уже готов. - Проверяем подстроку на палиндромность:  Если крайние символы равны (s[i] == s[j]), то подстрока является палиндромом при выполнении хотя бы одного из двух условий: - подстрока состоит из одного или двух символов (j - i <= 1) => подстрока - палиндром, - внутренняя часть подстроки (dp[i+1][j-1]) - палиндром => вся подстрока - палиндром, так как крайние символы равны.  Теперь имея результаты табличных вычислений, перебираем две точки разреза, которые делят строку на три части: s[0..i] + s[i+1..j] + s[j+1..n-1] i - индекс конца первого палиндрома j - индекс конца второго палиндрома  Проходим внешним циклом i от 0, оставляя как минимум по одному символу для второго и третьего палиндромов: - если префикс (dp[0][i]) - палиндром, переходим ко внутреннему циклу от i+1 до предпоследнего индекса (оставляем хотя бы один символ для третьего палиндрома): - если второй отрезок - палиндром и третий отрезок - палиндром => можно разбить на 3 палиндрома => возвращаем True. Иначе возвращаем False.  **Сложность**  O(n^2) - по времени (строим дп-таблицу за n^2, перебираем разрезы за n^2) O(n^2) - по памяти (храним дп-таблицу)  **Код** class Solution:     def checkPartitioning(self, s: str) -> bool:         n = len(s)          dp = [[False] * n for _ in range(n)]          for i in range(n - 1, -1, -1):             for j in range(i, n):                 if s[i] == s[j]:                     dp[i][j] = (j - i <= 1) or dp[i+1][j-1]                  for i in range(n - 2):             if dp[0][i]:                 for j in range(i + 1, n - 1):                     if dp[i + 1][j] and dp[j + 1][n - 1]:                         return True          return False  @algoses";4804.0;0;;12027;https://t.me/botalkaaa;0;1;25.0;
2026-08-04 16:15:26+00:00;146889;;Боталка(Студенты) — Поступашки;1866807276;;619229681;C какими айтишницами стоит строить отношения, а какие - ред флаг? В новом ролике разобрал все бигтехи по фактам: Яндекс, ВК, Т-банк, Озон, Сбер. Смотрим! Смотрим! И не говорите потом, что не предупреждал!   https://www.youtube.com/shorts/d_lUVE5oo7A;19054.0;0;;12027;https://t.me/botalkaaa;0;1;319.0;
2026-08-04 16:06:28+00:00;146888;;Боталка(Студенты) — Поступашки;1866807276;;619229681;Ребят, если вы работаете в зарубежной компании и ваши стажировки доступны для русских ребят, напишите пожалуйста @vice22821 (админ @postypashki_old). Мощно прорекламим вашу стажировку.   Либо если просто хотите рассказать про ваш опыт зарубежных стажировок, тоже пишите. Можем мощно прорекламить ваши соц сети или гарантировать анонимность, если вы не публичная личность.;;0;;12027;https://t.me/botalkaaa;0;0;;
2026-08-04 15:44:04+00:00;146886;;Боталка(Студенты) — Поступашки;1866807276;;188506433;Привет, кто проходил эту секцию?;;0;;12027;https://t.me/botalkaaa;0;0;;
2026-08-04 14:59:41+00:00;146881;146880;Боталка(Студенты) — Поступашки;1866807276;;8032400502;Не пойду :);;;;12027;https://t.me/botalkaaa;0;0;;
2026-08-04 14:58:28+00:00;146880;146876;Боталка(Студенты) — Поступашки;1866807276;;8723406376;если ты парень то в армию пойдешь после такого мува;;;;12027;https://t.me/botalkaaa;0;0;;
2026-08-04 14:57:58+00:00;146879;146877;Боталка(Студенты) — Поступашки;1866807276;;7938343536;Не знаю примеров чтобы прям вот так внимательно кто-то на специальность в дипломе смотрел (по крайней мере для ИБ);;;;12027;https://t.me/botalkaaa;0;0;;
2026-08-04 14:57:01+00:00;146878;146877;Боталка(Студенты) — Поступашки;1866807276;;8723406376;список профессий после вуза апххппхв;;;;12027;https://t.me/botalkaaa;0;0;;
2026-08-04 14:56:23+00:00;146877;146875;Боталка(Студенты) — Поступашки;1866807276;;8032400502;Да нет, список профессий потом разный я так понял, и по вакансиям для иб ас список меньше;;;;12027;https://t.me/botalkaaa;0;0;;
2026-08-04 14:55:22+00:00;146876;146873;Боталка(Студенты) — Поступашки;1866807276;;8032400502;Спасибо, наверно тогда пойду на ас и потом перевод сделаю;;;;12027;https://t.me/botalkaaa;0;0;;
2026-08-04 14:55:11+00:00;146875;146861;Боталка(Студенты) — Поступашки;1866807276;;7938343536;Это поможет только если хочешь в аспирантуру -> так просто быстрее на год получается туда поступить, и по сути на этом все плюсы 🥲 а так вроде ИБ и то и то же …;;;;12027;https://t.me/botalkaaa;0;0;;
2026-08-04 14:54:29+00:00;146874;;Боталка(Студенты) — Поступашки;1866807276;;619229681;**Поиск работы череp Linkedin**  Отклики через headhunter сейчас работают фигово: мало вакансий-много кандидатов, много вкатунов-накрутчиков. Вакансии пишутся рекрутерами через гпт, поэтому могут быть странные или высокие требования. По итогу большинство вакансий отсеиваются еще на этапе скрининга, проходят единицы только при идеальном мэтче. Хотя и рекрутер, и компания готовы предложить и условие повыгоднее и требования пониже.  ** Что делать** Вкатываться в социальную инженерию! Например, найти контакты рекрутера через тот же Linkedin и обсудить с ним вакансию. Советую не только красиво оформить резюме, но и Linkedin, GitHub,  Хабр карьера и прочее. Рекрутеры стали просить подтверждение опыта. Если на этих ресурсах будет ненастоящий опыт, можно подать жалобу.   **Наглые подкаты** Если видите, что открыта вакансия, заходите в Linkedln и добавляете в друзья всех, кто там работает, затем спамите в личку о том, какой крутой вы и какие крытые они и просите взять на собес. Хорошо если получится зацепиться за общее место учебы/прошлое место работы и так далее. Очень велика вероятность, что в команде есть место или в команде их знакомого и тд. После такого спама до собеса доходит как правило 30-20% и это отличный вариант, ибо могут попросить пропустить вас на скрининге или на собесе. Немало историй, когда соискателя HR реджектят со всех платформ, а потом он пишет не последнему члену команды и его пропускают на собес.  Вакансии можно смотреть на[ Хабр Карьера](https://career.habr.com/vacancies?type=all), во всяких телеграм каналах компаний в духе [Яндекс Нанимае**т**](https://t.me/ya_jobs) или же на край тот же HH.ru**.** Только чекайте там личку, а то можете пропустить время собеса/ важную инфу.   **Нетворк** В идеале, конечно, если у вас куча друзей и знакомых с индустрии и есть возможность залететь с рефкой на собес, там и отношение как правило получше и команда повайбовей. Ведь если вашему приятелю там норм, то и вам скорее всего тоже будет норм. Поэтому нелишним будет поспрашивать помощи у друзей по этом вопросу и друзей их друзей— своеобразный поиск в ширину, но нередко прокатывает. Как организовывать качественный нетворк читайте [последний пост в главном канале](http://t.me/postypashki_old).    **Подписаться: ****@chad_protocol**;6730.0;0;;12027;https://t.me/botalkaaa;0;1;55.0;
2026-08-04 14:53:56+00:00;146873;146871;Боталка(Студенты) — Поступашки;1866807276;;1171499139;Ну и если тот же вуз( по инфобезу, мб можно перевестись);;;;12027;https://t.me/botalkaaa;0;0;;
2026-08-04 14:52:55+00:00;146872;146871;Боталка(Студенты) — Поступашки;1866807276;;1171499139;А ок, крч просто дольше , смотри сейчас после специалитета , можно поступить в магу на бюджет .   Ну и нет смысла поступать на тоже самое направление;;;;12027;https://t.me/botalkaaa;0;0;;
2026-08-04 14:49:17+00:00;146871;146869;Боталка(Студенты) — Поступашки;1866807276;;8032400502;Кфу;;;;12027;https://t.me/botalkaaa;0;0;;
2026-08-04 14:28:44+00:00;146870;146861;Боталка(Студенты) — Поступашки;1866807276;;8629553944;Специалитет по факту даже дольше и уже, но диплом все равно котируется норм, не переживай;;;;12027;https://t.me/botalkaaa;0;0;;
2026-08-04 13:02:39+00:00;146869;146861;Боталка(Студенты) — Поступашки;1866807276;;1171499139;А какой вуз;;;;12027;https://t.me/botalkaaa;0;0;;
2026-08-04 12:58:09+00:00;146868;146864;Боталка(Студенты) — Поступашки;1866807276;;1024956602;отказано;;;;12027;https://t.me/botalkaaa;0;0;;
2026-08-04 12:29:25+00:00;146864;146861;Боталка(Студенты) — Поступашки;1866807276;;1079339365;m_perminov может подсказать;;;;12027;https://t.me/botalkaaa;0;0;;
2026-08-04 12:23:06+00:00;146863;146861;Боталка(Студенты) — Поступашки;1866807276;;1366088993;в целом пофиг, зависит от вуза. Кстати можешь посмотреть проект @abitlistru;;;;12027;https://t.me/botalkaaa;0;0;;
2026-08-04 12:03:31+00:00;146861;;Боталка(Студенты) — Поступашки;1866807276;;8032400502;Кто может подсказать? Хочу поступить на информационную безопасность (бакалавр) , но прохожу только на информационную безопасность автоматизированных систем(специалитет), почитал что иб ас намного хуже, это так или есть смысл  пойти туда?;;15;;12027;https://t.me/botalkaaa;0;0;;
2026-08-04 12:02:46+00:00;146860;146859;Боталка(Студенты) — Поступашки;1866807276;;703174377;Да;;;;12027;https://t.me/botalkaaa;0;0;;
2026-08-04 12:01:03+00:00;146859;146816;Боталка(Студенты) — Поступашки;1866807276;;7957391602;В магу?;;;;12027;https://t.me/botalkaaa;0;0;;
2026-08-04 11:15:33+00:00;146855;146854;Боталка(Студенты) — Поступашки;1866807276;;1704456149;я искала, не нашла прям конкретных кейсов;;;;12027;https://t.me/botalkaaa;0;0;;
2026-08-04 11:02:45+00:00;146854;146852;Боталка(Студенты) — Поступашки;1866807276;;8629553944;Куча сливов, прям сейчас на руках нет, поступашки вроде даже выкладывают;;;;12027;https://t.me/botalkaaa;0;0;;
2026-08-04 10:43:23+00:00;146852;146848;Боталка(Студенты) — Поступашки;1866807276;;1704456149;а какие примерно кейсы? какого формата?;;;;12027;https://t.me/botalkaaa;0;0;;
2026-08-04 10:40:48+00:00;146850;;Боталка(Студенты) — Поступашки;1866807276;;5206344380;Ребят, у кого нибудь есть чек из ресторана/кафе или доставки в этом месяце?;;0;;12027;https://t.me/botalkaaa;0;0;;
2026-08-04 10:35:47+00:00;146848;146846;Боталка(Студенты) — Поступашки;1866807276;;8629553944;обычно нетворкинг+кейсы на логику, иногда SQL спросят для аналитики;;;;12027;https://t.me/botalkaaa;0;0;;
2026-08-04 10:18:22+00:00;146846;;Боталка(Студенты) — Поступашки;1866807276;;1704456149;Всем привет!  Подскажите, пожалуйста, кто-то уже проходил интервью на стажировку в Т-Банк?  Меня пригласили на интервью в команду группы корпоративных финансов(направление-финансовая аналитика). Хотела бы узнать, чего ждать от интервью. Если кто-то уже проходил интервью на любое из направлений по аналитике, была бы очень благодарна за фидбэк🙏;;4;;12027;https://t.me/botalkaaa;0;0;;
2026-08-04 09:04:29+00:00;146841;;Боталка(Студенты) — Поступашки;1866807276;;619229681;[**Разбор контеста на стажировку в Яндекс за подписку! **](https://yandex.ru/yaintern/internship)  Чтобы получить разбор: ➡️Подпишитесь на нас в запрещенной странице** **[**тут**](https://www.instagram.com/offer.berry/) ➡️Поставьте «+» в комментариях под последней каруселью[ **тут**](https://www.instagram.com/p/Dbh_rj2jKda/?igsh=ZXFxYmY2a2xvYXp1) ➡️После этого бот пришлёт вам материал в директ  Внутри будет разбор контеста и заданий, которые помогут подготовиться к отбору в Яндекс;32433.0;0;;12027;https://t.me/botalkaaa;0;1;106.0;
2026-08-04 08:59:25+00:00;146840;146837;Боталка(Студенты) — Поступашки;1866807276;;8629553944;Зато скилл списывания у него уже на сеньорском уровне;;;;12027;https://t.me/botalkaaa;0;0;;
2026-08-04 08:42:48+00:00;146837;146813;Боталка(Студенты) — Поступашки;1866807276;;1124197418;А ты за 4 года только списывать научился?;;;;12027;https://t.me/botalkaaa;0;0;;
2026-08-04 08:32:24+00:00;146835;146833;Боталка(Студенты) — Поступашки;1866807276;;958031837;спасиб погуглю;;;;12027;https://t.me/botalkaaa;0;0;;
2026-08-04 08:31:35+00:00;146834;146829;Боталка(Студенты) — Поступашки;1866807276;;1171499139;А ты получается все этапы прошел ,остались финалы?;;;;12027;https://t.me/botalkaaa;0;0;;
2026-08-04 08:31:03+00:00;146833;146829;Боталка(Студенты) — Поступашки;1866807276;;8629553944;Это называется поведенческое интервью, почитай статьи по подготовке;;;;12027;https://t.me/botalkaaa;0;0;;
2026-08-04 08:30:27+00:00;146832;146830;Боталка(Студенты) — Поступашки;1866807276;;958031837;?;;;;12027;https://t.me/botalkaaa;0;0;;
2026-08-04 08:30:24+00:00;146831;146830;Боталка(Студенты) — Поступашки;1866807276;;1171499139;Что такое фит;;;;12027;https://t.me/botalkaaa;0;0;;
2026-08-04 08:30:10+00:00;146830;146829;Боталка(Студенты) — Поступашки;1866807276;;1337897060;Фит?;;;;12027;https://t.me/botalkaaa;0;0;;
2026-08-04 08:20:58+00:00;146829;;Боталка(Студенты) — Поступашки;1866807276;;958031837;Привет, кто знает что бывает на собеседованиях с командами в тиньке. Речь идет не о стажировке. Как можно подготовиться к этому?;;6;;12027;https://t.me/botalkaaa;0;0;;
2026-08-04 08:06:04+00:00;146823;;Боталка(Студенты) — Поступашки;1866807276;;7782576683;кому эйчары из ааа писали?;;0;;12027;https://t.me/botalkaaa;0;0;;
2026-08-04 08:03:03+00:00;146822;146815;Боталка(Студенты) — Поступашки;1866807276;;49310475;Ага;;;;12027;https://t.me/botalkaaa;0;0;;
2026-08-04 07:53:06+00:00;146819;146800;Боталка(Студенты) — Поступашки;1866807276;;1663223505;Писал Стипуха улетела;;;;12027;https://t.me/botalkaaa;0;0;;
2026-08-04 07:18:54+00:00;146816;;Боталка(Студенты) — Поступашки;1866807276;;703174377;Привет! А кто-то пробовал поступать в ЦУ? Что спрашивают на собесах?;;2;;12027;https://t.me/botalkaaa;0;0;;
2026-08-04 07:18:12+00:00;146815;146803;Боталка(Студенты) — Поступашки;1866807276;;1095609304;ты на финал прошел?;;;;12027;https://t.me/botalkaaa;0;0;;
2026-08-04 07:10:32+00:00;146814;146813;Боталка(Студенты) — Поступашки;1866807276;;877494629;прокторинга и гэмблинга?;;;;12027;https://t.me/botalkaaa;0;0;;
2026-08-04 06:53:02+00:00;146813;;Боталка(Студенты) — Поступашки;1866807276;;6536544131;в мэи, в магу нет прокторинга?;;3;;12027;https://t.me/botalkaaa;0;0;;
2026-08-03 22:14:21+00:00;146807;;Боталка(Студенты) — Поступашки;1866807276;;49310475;По хардам понятно, что будут спрашивать. Но на финале будут ли харды? Тех собес то уже был.  В общем, не знаю, к чему готовиться. Не дали никакой инфы;;0;;12027;https://t.me/botalkaaa;0;0;;
2026-08-03 22:09:48+00:00;146806;;Боталка(Студенты) — Поступашки;1866807276;;49310475;Java разраб. Вакансия на нагрузочного тестировщика;;0;;12027;https://t.me/botalkaaa;0;0;;
2026-08-03 22:09:09+00:00;146805;146803;Боталка(Студенты) — Поступашки;1866807276;;1134547768;так какое направление;;;;12027;https://t.me/botalkaaa;0;0;;
2026-08-03 22:08:14+00:00;146804;;Боталка(Студенты) — Поступашки;1866807276;;49310475;Задают какие-то технические вопросы? Или больше по софтам?  И если по софтам, то что спрашивают?;;0;;12027;https://t.me/botalkaaa;0;0;;
2026-08-03 22:04:10+00:00;146803;;Боталка(Студенты) — Поступашки;1866807276;;49310475;Что спрашивают на финал собес на стажировку в Сбер?;;3;;12027;https://t.me/botalkaaa;0;0;;
2026-08-03 21:08:54+00:00;146800;;Боталка(Студенты) — Поступашки;1866807276;;449324117;Кто-нибудь писал экзамен по английскому ВШЭ?;;1;;12027;https://t.me/botalkaaa;0;0;;
2026-08-03 19:51:11+00:00;146799;146796;Боталка(Студенты) — Поступашки;1866807276;;8629553944;Не всех сразу, точечно зависело от команды и легальных рисков конкретно по человеку;;;;12027;https://t.me/botalkaaa;0;0;;
2026-08-03 16:49:27+00:00;146796;;Боталка(Студенты) — Поступашки;1866807276;;410368686;Насчёт поста про работу за границей: а разве абби всех россиян не увольняли?;;1;;12027;https://t.me/botalkaaa;0;0;;
2026-08-03 16:17:06+00:00;146794;146784;Боталка(Студенты) — Поступашки;1866807276;;1193246872;Кстати не попал в целевую, зачем девочкам с мкн маникюр?;;;;12027;https://t.me/botalkaaa;0;0;;
2026-08-03 14:34:04+00:00;146793;;Боталка(Студенты) — Поступашки;1866807276;;1854389171;кто нибудь знает, если я подам согласие в вуз куда я прохожу на бюджет, через сколько у меня появится плашка о проходном приоритете на госуслугах?;;0;;12027;https://t.me/botalkaaa;0;0;;
2026-08-03 14:01:18+00:00;146789;;Боталка(Студенты) — Поступашки;1866807276;;5775360356;а никто не знает, есть ли полугодовой бан в тбанке при реджекте по рефке?;;0;;12027;https://t.me/botalkaaa;0;0;;
2026-08-03 12:58:15+00:00;146784;146763;Боталка(Студенты) — Поступашки;1866807276;;796536131;Девочки с мкн записывайтесь на маникюр;;;;12027;https://t.me/botalkaaa;0;0;;
2026-08-03 12:57:13+00:00;146783;146767;Боталка(Студенты) — Поступашки;1866807276;;796536131;Да-да-да, именно об этом и речь);;;;12027;https://t.me/botalkaaa;0;0;;
2026-08-03 10:42:09+00:00;146767;146760;Боталка(Студенты) — Поступашки;1866807276;;8629553944;Курс это в первую очередь экономия времени на поиск правильного контента, а не магия;;;;12027;https://t.me/botalkaaa;0;0;;
2026-08-03 10:07:49+00:00;146763;146760;Боталка(Студенты) — Поступашки;1866807276;;1193246872;Тебе просто продавать нравится, треклятый капиталист;;;;12027;https://t.me/botalkaaa;0;0;;
2026-08-03 09:59:31+00:00;146762;146761;Боталка(Студенты) — Поступашки;1866807276;;823170218;кегэ кабанова прям топчик;;;;12027;https://t.me/botalkaaa;0;0;;
2026-08-03 09:57:03+00:00;146761;146760;Боталка(Студенты) — Поступашки;1866807276;;861078203;Просто есть бесплатные курсы, которые выстроены тоже хорошими методистами, тот же КЕГЭ с Кабановым. Да и на самом деле к ЕГЭ можно готовиться разбирая каждый номер по отдельности, и если чуть-чуть смекалки проявить, то  для этого можно все на том же ютубе найти) Однако мои баллы все в диапазоне от 80-90, и я откровенно налажал, поэтому могу сказать, что если такие баллы интересуют, то точно можно самому подготовиться.;;;;12027;https://t.me/botalkaaa;0;0;;
2026-08-03 09:51:17+00:00;146760;146708;Боталка(Студенты) — Поступашки;1866807276;;796536131;Не согласен. Платные курсы зачастую выстроены действительно хорошими методистами. Нередко ты действительно не знаешь, что тебе на самом деле нужно проработать, в каком количестве и так далее. Самостоятельная подготовка возможна, но шансов на экстремально высокие баллы становится меньше, а трат времени и рисков найти не то, что нужно, - значительно больше;;;;12027;https://t.me/botalkaaa;0;0;;
2026-08-03 09:14:13+00:00;146759;;Боталка(Студенты) — Поступашки;1866807276;;619229681;Родители зумеров массово ходят на собеседования со своими детьми, жалуются эйчары. По словам экспертов, мама или папа находят подходящую вакансию ребёнку, звонят в компанию, уточняют все условия работы и только после этого приводят ребёнка на встречу. Так родители хотят убедиться, что их дети работают в приличной компании.  @postypashki_mems;4664.0;0;;12027;https://t.me/botalkaaa;0;1;51.0;
2026-08-02 17:23:11+00:00;146731;146730;Боталка(Студенты) — Поступашки;1866807276;;909176854;)));;;;12027;https://t.me/botalkaaa;0;0;;
2026-08-02 17:23:04+00:00;146730;146721;Боталка(Студенты) — Поступашки;1866807276;;1124197418;Сразу видно джаваскриптизёра;;;;12027;https://t.me/botalkaaa;0;0;;
2026-08-02 17:19:47+00:00;146729;146727;Боталка(Студенты) — Поступашки;1866807276;;403675108;Расскажите о себе, как вы справляетесь со стрессовыми ситуациями, совмещением учебы и работы, какой самый сложный проект у вас был, расскажите об опыте работы в команде, чему он вас научили, почему ааа, почему именно дс/аналитика;;;;12027;https://t.me/botalkaaa;0;0;;
2026-08-02 17:03:15+00:00;146727;;Боталка(Студенты) — Поступашки;1866807276;;7782576683;кто проходил в ааа видео собес, там по мотивашке спрашивают? какие вопросы примерно?;;1;;12027;https://t.me/botalkaaa;0;0;;
2026-08-02 14:58:32+00:00;146723;146709;Боталка(Студенты) — Поступашки;1866807276;;706164601;Вот, правильно написал;;;;12027;https://t.me/botalkaaa;0;0;;
2026-08-02 14:52:10+00:00;146722;146720;Боталка(Студенты) — Поступашки;1866807276;;909176854;Ладно, похоливарили и хватит 🫸😲пошли ботать;;;;12027;https://t.me/botalkaaa;0;0;;
2026-08-02 14:51:08+00:00;146721;146720;Боталка(Студенты) — Поступашки;1866807276;;909176854;!==;;;;12027;https://t.me/botalkaaa;0;0;;
2026-08-02 14:50:56+00:00;146720;146719;Боталка(Студенты) — Поступашки;1866807276;;823170218;если что стабильно заниматься саморазвитием != убивать менталку;;;;12027;https://t.me/botalkaaa;0;0;;
2026-08-02 14:49:44+00:00;146719;146718;Боталка(Студенты) — Поступашки;1866807276;;909176854;Достаточно. А сколько выгоревших, которые рано начали делать, не жалея менталку свою. Итог - результат далек от желаемого.;;;;12027;https://t.me/botalkaaa;0;0;;
2026-08-02 14:48:34+00:00;146718;146717;Боталка(Студенты) — Поступашки;1866807276;;823170218;много таких? мы же не на хвосты распределения смотрим;;;;12027;https://t.me/botalkaaa;0;0;;
2026-08-02 14:46:44+00:00;146717;146709;Боталка(Студенты) — Поступашки;1866807276;;909176854;Холивар.  Можно гулять и до 35, а потом сделать свое будущее получше тех, кто делает это будущее с 18.;;;;12027;https://t.me/botalkaaa;0;0;;
2026-08-02 14:42:06+00:00;146716;146713;Боталка(Студенты) — Поступашки;1866807276;;761933817;Ток если дочерки(но 90% вакансии там это от 5+ лет опыта);;;;12027;https://t.me/botalkaaa;0;0;;
2026-08-02 14:35:21+00:00;146715;146713;Боталка(Студенты) — Поступашки;1866807276;;1627316505;99% по трудовой, для стажеров скорее всего срочный трудовой;;;;12027;https://t.me/botalkaaa;0;0;;
2026-08-02 14:33:57+00:00;146714;146713;Боталка(Студенты) — Поступашки;1866807276;;716697528;99 процентов по трудовой;;;;12027;https://t.me/botalkaaa;0;0;;
2026-08-02 14:18:41+00:00;146713;;Боталка(Студенты) — Поступашки;1866807276;;470262136;ребят, бигтех ща по гпх нанимает работников или онли трудовой. мб кто-то шарит;;3;;12027;https://t.me/botalkaaa;0;0;;
2026-08-02 13:54:44+00:00;146711;146709;Боталка(Студенты) — Поступашки;1866807276;;1171499139;Соточку по русскому рекомендую;;;;12027;https://t.me/botalkaaa;0;0;;
2026-08-02 13:53:19+00:00;146710;;Боталка(Студенты) — Поступашки;1866807276;;-1;🤪;;0;;12027;https://t.me/botalkaaa;0;0;;
2026-08-02 13:31:47+00:00;146709;146707;Боталка(Студенты) — Поступашки;1866807276;;823170218;кто-то в 18-19 гуляет, а кто-то делает свое будущее, каждому свое;;;;12027;https://t.me/botalkaaa;0;0;;
2026-08-02 13:30:37+00:00;146708;146707;Боталка(Студенты) — Поступашки;1866807276;;861078203;Тут как-будто и платные курсы особо не помогут. В любом случае я к тому, что есть бесплатные альтернативы, поэтому если хочется подготовиться к ЕГЭ, то платить не нужно. Да и гулять это не мешает);;;;12027;https://t.me/botalkaaa;0;0;;
2026-08-02 13:28:45+00:00;146707;146702;Боталка(Студенты) — Поступашки;1866807276;;6056655275;Делай скидку на разных людей, кто-то не может сесть и заставить себя на дисциплине учить ЕГЭ, когда тебе 17-18 и охота ряльно гулять;;;;12027;https://t.me/botalkaaa;0;0;;
2026-08-02 12:39:03+00:00;146706;;Боталка(Студенты) — Поступашки;1866807276;;1776022296;привет есть кто в бэкенд стажку яндекс проходил собесы? можно вам написать;;0;;12027;https://t.me/botalkaaa;0;0;;
2026-08-02 11:18:12+00:00;146703;;Боталка(Студенты) — Поступашки;1866807276;;5038035009;есть кто писал вступительные в магу ранхигс по прикладной информатике?;;0;;12027;https://t.me/botalkaaa;0;0;;
2026-08-02 11:08:57+00:00;146702;146630;Боталка(Студенты) — Поступашки;1866807276;;861078203;нет смысла ничего покупать, я сдавал ЕГЭ в 2024, ко всему готовился сам Инфа - 88  Математика - 80(проблема тут была только во мне, а не в подготовке)  Русский - 89 Физика - 88 Если нужны ресурсы бесплатные, можешь мне написать;;;;12027;https://t.me/botalkaaa;0;0;;
2026-08-02 10:59:25+00:00;146700;;Боталка(Студенты) — Поступашки;1866807276;;761933817;А может кто отписать в лс из бизнес аналитиков/продукт овнеров  Что спрашивают у вас на собесе;;0;;12027;https://t.me/botalkaaa;0;0;;
2026-08-02 09:11:19+00:00;146698;146697;Боталка(Студенты) — Поступашки;1866807276;;1305838226;ладно :(;;;;12027;https://t.me/botalkaaa;0;0;;
2026-08-02 09:08:54+00:00;146697;;Боталка(Студенты) — Поступашки;1866807276;;473687296;животик не надорви только;;1;;12027;https://t.me/botalkaaa;0;0;;
2026-08-02 09:07:57+00:00;146696;146695;Боталка(Студенты) — Поступашки;1866807276;;1305838226;Нет, только статику 😁😁;;;;12027;https://t.me/botalkaaa;0;0;;
2026-08-02 08:57:00+00:00;146695;;Боталка(Студенты) — Поступашки;1866807276;;958031837;Привет, кто-нибудь знает  на алгособесе в тинек на джуна могут дать динамику?;;1;;12027;https://t.me/botalkaaa;0;0;;
2026-08-02 08:25:28+00:00;146691;;Боталка(Студенты) — Поступашки;1866807276;;619229681;"**Как просить рефералку без кринжа и получить её за 5 минут**   Нередко в[ нашем чате](http://t.me/postypashki_old_chat) просят куда-то пореферить, но я в шоке как обычно к этому подходят. В посте обсудим как просить рефер правильно, чтобы тебя не заигнорили. Вообще собираюсь написать серию постов про такие ""чудеса коммуникации"", поэтому поддержи пост реакцией, чтобы я понимал спрос.   Сразу скажу: рефералка не отменяет обычно собеседований на нормис вакансии. Тебя всё равно проверят на скрининге, технике и behaivour. Но заявку с рекомендацией рассматривают **в первую очередь** - это факт. А сотрудник, кстати, ничего не теряет, а за удачный найм даже получает бонус. Так что обе стороны заинтересованы.  Но есть одна загвоздка: если таких просьб много, сотрудник физически не может каждой уделять по полчаса. Особенно когда приходится выуживать информацию из переписки, искать ссылки на вакансии и вбивать данные в форму. Поэтому делаем так:   **Одним сообщением отправляйте всё, что нужно:** ФИО Телефон и почта Телеграм-ник (для связи) Город проживания Резюме в PDF (отдельным файлом, а не ссылкой на облако) Пару слов о себе: коротко, чем ты уникален (можно прямо как сопроводительное) И самое важное - **готовь ссылки** на конкретные вакансии с карьерного сайта компании. Например, для Авито - [career.avito.com/vacancies](https://career.avito.com/vacancies/), для Яндекса - yandex.ru/jobs/vacancies и т.д. Никогда не пиши ""Я бэкенд пайтон, есть что там для меня?"" - тебя просто заигнорят. Конечно может быть тот, кому пишите как раз ищет себе в команду такую позицию и грейд, но вряд ли. Обычный сотрудник не будет спрашивать какой у тебя опыт и серфить сайт компании в поисках вакансии. Если на сайте нет вакансии, то и у сотрудника ее скорее всего не будет. Исключение: редкие руководящие роли или тот с кем ты уже работал/схожий бэкграунд, но об этих чудесах коммуникации в будущем!   **Подписаться: ****@chad_protocol**";7658.0;0;;12027;https://t.me/botalkaaa;0;1;58.0;
2026-08-01 21:10:36+00:00;146680;;Боталка(Студенты) — Поступашки;1866807276;;8179615870;Ребят, если есть кто заканчивал во ВШЭ магу «Операционная эффективность и производственные системы», можете, пожалуйста, реакцию на сообщение поставить, либо в личку написать, есть пара вопросов про обучение.;;0;;12027;https://t.me/botalkaaa;0;0;;
2026-08-01 15:13:28+00:00;146669;146662;Боталка(Студенты) — Поступашки;1866807276;;1205880056;Можно открыть доку aiogram и спрашивать нейронку или смотреть видосы, для полного погружения можно только доку читать как в 2к23;;;;12027;https://t.me/botalkaaa;0;0;;
2026-08-01 15:10:23+00:00;146668;;Боталка(Студенты) — Поступашки;1866807276;;619229681;Товарищи, Поступашкам нужны контент мейкеры по ДС-МЛ. Если вы творческая личность, вам нравится писать посты/ придумывать идеи для контента, то обязательно пишите @vice22821. Оплата сдельная, ориентировочно за один пост от 2 тыс до 15 тыс рублей.  Обязательно делитесь с ребятами, которым это может быть интересно.;;0;;12027;https://t.me/botalkaaa;0;0;;
2026-08-01 14:54:01+00:00;146667;146665;Боталка(Студенты) — Поступашки;1866807276;;1171499139;В итмо нужны официальные документы , которая подтверждает проблему , два года назад проще в разы было взять;;;;12027;https://t.me/botalkaaa;0;0;;
2026-08-01 14:40:18+00:00;146666;;Боталка(Студенты) — Поступашки;1866807276;;619229681;**Как продакту и аналитику понимать друг друга**  Ох, товарищи, тема щепетильная. Говорят даже: если продакт и аналитик не ругаются, то продукт не строится 👍  В целом да, но только если это конструктивный спор. Но иногда бывает срач из разряда: ты дебил, нет - ты!   К сожалению, не всегда продакт хорошо разбирается в данных, а аналитик в бизнесе, продукте и клиенте. Но сильный результат появляется, когда оба погружаются в работу друг друга.  **Что важно знать продакту:**  1. Как устроены A/B-тесты: от формулировки гипотезы и выбора метрик до анализа результатов. Это поможет быстрее ставить задачи и не запускать эксперименты, которые невозможно нормально оценить.  Кстати, [пайплайном A/B-теста мы](https://t.me/ProdAnalysis/114) уже делились в канале. Он для собесов, но в целом подойдет, чтобы разобраться в тестах   2. Дерево метрик продукта. Нужно понимать, на какую метрику работает команда, какие показатели на неё влияют и какие прокси можно использовать.  Не всегда North Star Metric можно быстро сдвинуть. Иногда эффект нужно оценивать через более чувствительные показатели.  3. Юнит-экономику и основные цифры продукта: конверсии, средний чек, частоту, retention, CAC, доходы и расходы. Необязательно помнить всё, но нужно понимать порядок значений и текущие бенчмарки.  **Что важно аналитику:**  1. Не просто считать, а задавать вопросы. Какую гипотезу проверяем? Какое решение примем по результатам? Почему смотрим именно на эту метрику?  2. Не приносить только таблицы и графики. В анализе должны быть выводы, ограничения и рекомендации: что произошло, почему и что с этим делать.  3. Уметь объяснять результаты простым языком. Заказчиком может быть не только продакт, но и маркетолог, операционный менеджер или руководитель, который не разбирается в аналитике.  4. Знать аудиторию продукта. Изучать исследования, смотреть интервью с пользователями, читать обращения и понимать, какие задачи решает продукт.  На рынке сейчас ценятся специалисты, которые и бизнес, и дата дривен. Поэтому каждому надо погружаться в разные зоны, чтобы быть востребованным 💸  **Подписаться: **[@ProdAnalysis](https://t.me/ProdAnalysis);3629.0;0;;12027;https://t.me/botalkaaa;0;1;22.0;
2026-08-01 14:25:51+00:00;146664;146642;Боталка(Студенты) — Поступашки;1866807276;;1171499139;Сейчас академ сложнее получить;;;;12027;https://t.me/botalkaaa;0;0;;
2026-08-01 14:01:54+00:00;146663;146662;Боталка(Студенты) — Поступашки;1866807276;;7075114201;так ты используй как справочник;;;;12027;https://t.me/botalkaaa;0;0;;
2026-08-01 13:55:27+00:00;146662;146661;Боталка(Студенты) — Поступашки;1866807276;;8032400502;Все таки самому хочется;;;;12027;https://t.me/botalkaaa;0;0;;
2026-08-01 13:29:38+00:00;146661;146658;Боталка(Студенты) — Поступашки;1866807276;;2046329890;Клод;;;;12027;https://t.me/botalkaaa;0;0;;
2026-08-01 13:18:28+00:00;146660;;Боталка(Студенты) — Поступашки;1866807276;;284020835;кодекс + логика);;0;;12027;https://t.me/botalkaaa;0;0;;
2026-08-01 13:13:49+00:00;146659;146658;Боталка(Студенты) — Поступашки;1866807276;;7454709438;Кодекс;;;;12027;https://t.me/botalkaaa;0;0;;
2026-08-01 13:12:43+00:00;146658;;Боталка(Студенты) — Поступашки;1866807276;;8032400502;Кто занимается или разбирается разработкой ботов для телеграмма можете ли посоветовать что-то из курсов? Пока видел только на степике, но слышал что там не очень обучение. Это действительно так? Только начинаю в этом направлении;;5;;12027;https://t.me/botalkaaa;0;0;;
2026-08-01 13:11:07+00:00;146657;;Боталка(Студенты) — Поступашки;1866807276;;8032400502;Всем привет;;0;;12027;https://t.me/botalkaaa;0;0;;
2026-08-01 11:57:13+00:00;146652;;Боталка(Студенты) — Поступашки;1866807276;;747448837;Это сработает только на первом курсе маги кажется. Если на втором то там срок твоего обучения продлевается уже больше чем на 1 год и острочка так и так сгорает;;0;;12027;https://t.me/botalkaaa;0;0;;
2026-08-01 11:56:22+00:00;146651;146649;Боталка(Студенты) — Поступашки;1866807276;;718535086;продление отсрочки на год. пока поступаешь на вторую магу могут призвать;;;;12027;https://t.me/botalkaaa;0;0;;
2026-08-01 11:56:13+00:00;146650;146649;Боталка(Студенты) — Поступашки;1866807276;;1086504696;Академ для того, чтобы не потерять отсрочку от армии, тк при перепоступлении сгорает отсрочка от армии  А если взять академ, то отсрочка от первого вуза не сгорит;;;;12027;https://t.me/botalkaaa;0;0;;
2026-08-01 11:54:49+00:00;146649;;Боталка(Студенты) — Поступашки;1866807276;;747448837;Ну академ то зачем? Ты какую проблему этим решаешь вообще? Не понимаю просто;;2;;12027;https://t.me/botalkaaa;0;0;;
2026-08-01 11:53:31+00:00;146648;146647;Боталка(Студенты) — Поступашки;1866807276;;1086504696;Чтобы отсрочку от армии не потерять;;;;12027;https://t.me/botalkaaa;0;0;;
2026-08-01 11:49:11+00:00;146647;146646;Боталка(Студенты) — Поступашки;1866807276;;747448837;А в чем смысл академа. Вообще? Я на вторую магу и без академа попасть же могу);;;;12027;https://t.me/botalkaaa;0;0;;
2026-08-01 11:46:39+00:00;146646;146643;Боталка(Студенты) — Поступашки;1866807276;;1086504696;Типо того, но зато отсрочку не потеряешь;;;;12027;https://t.me/botalkaaa;0;0;;
2026-08-01 11:46:30+00:00;146645;146640;Боталка(Студенты) — Поступашки;1866807276;;280220383;У меня знакомый как-то умудрился, но там может вопрос армии по здоровью был закрыт;;;;12027;https://t.me/botalkaaa;0;0;;
2026-08-01 11:46:24+00:00;146644;146632;Боталка(Студенты) — Поступашки;1866807276;;1485427289;А куда ты хочешь в вышку?;;;;12027;https://t.me/botalkaaa;0;0;;
2026-08-01 11:46:09+00:00;146643;146642;Боталка(Студенты) — Поступашки;1866807276;;747448837;Как пойти на другую программу? Типа два диплома платной магистратуры иметь?;;;;12027;https://t.me/botalkaaa;0;0;;
2026-08-01 11:45:37+00:00;146642;146640;Боталка(Студенты) — Поступашки;1866807276;;1086504696;Для пацанов есть вариант академа на год, пойти на другую программу, а потом в двух местах одновременно закончить, если речь про магистратуру;;;;12027;https://t.me/botalkaaa;0;0;;
2026-08-01 11:45:29+00:00;146641;;Боталка(Студенты) — Поступашки;1866807276;;280220383;Как будто такой маневр, который ты описываешь, возможен в несколько шагов: перевестись на бюджет у себя в вузе, потом перевестись с бюджета на бюджет в другой вуз (сложнореализуемо) Либо перевестись на платку в другом вузе с платки в своем и в новом вузе перейти на бюджет за хорошую успеваемость;;0;;12027;https://t.me/botalkaaa;0;0;;
2026-08-01 11:44:20+00:00;146640;146638;Боталка(Студенты) — Поступашки;1866807276;;747448837;Перепоступление исключено для пацанов  1 минута слип мода это жестко…;;;;12027;https://t.me/botalkaaa;0;0;;
2026-08-01 11:44:09+00:00;146639;146632;Боталка(Студенты) — Поступашки;1866807276;;1086504696;Надо посмотреть учебные планы твоей и вышкинской программы. Сравнить дисциплины и зачетные единицы по ним. Если разница более чем 20 зачетный единиц, то откажут;;;;12027;https://t.me/botalkaaa;0;0;;
2026-08-01 11:42:22+00:00;146638;;Боталка(Студенты) — Поступашки;1866807276;;280220383;Есть вариант перепоступить на первый курс бюджета, из старого вуза принести справку о пройденных предметах и перезачесть их. Я так делала);;9;;12027;https://t.me/botalkaaa;0;0;;
2026-08-01 11:41:40+00:00;146637;146635;Боталка(Студенты) — Поступашки;1866807276;;1485427289;Смотря куда и какой вуз);;;;12027;https://t.me/botalkaaa;0;0;;
2026-08-01 11:40:56+00:00;146636;146635;Боталка(Студенты) — Поступашки;1866807276;;280220383;Это да;;;;12027;https://t.me/botalkaaa;0;0;;
2026-08-01 11:40:40+00:00;146635;;Боталка(Студенты) — Поступашки;1866807276;;747448837;Я просто почти уверен что с платки на платку достаточно легко между вузами перемещаться;;2;;12027;https://t.me/botalkaaa;0;0;;
2026-08-01 11:40:10+00:00;146634;146632;Боталка(Студенты) — Поступашки;1866807276;;496209630;вроде бы вообще перевод из одного вуза с платки в другой вуз на бюджет не делают ну или только как исключение;;;;12027;https://t.me/botalkaaa;0;0;;
2026-08-01 11:39:01+00:00;146633;146632;Боталка(Студенты) — Поступашки;1866807276;;280220383;В ВШЭ, как и в большинстве вузов, в первую очередь переведут с платного на бюджет своих студентов, у них это даже прописано в правилах перевода, насколько помню. Плюс надо оценить академическую разницу, сколько предметов нужно досдать, чтобы взяли. Если идеальные оценки в своем вузе и программа близка, то шансы есть, но без гарантий;;;;12027;https://t.me/botalkaaa;0;0;;
2026-08-01 11:14:50+00:00;146632;;Боталка(Студенты) — Поступашки;1866807276;;747448837;Привет! Кто то знает, можно ли переводиться с платной маги на бюджетные? Например из РЭШ в ВШЭ? Насколько это геморная задача?;;4;;12027;https://t.me/botalkaaa;0;0;;
2026-08-01 11:12:55+00:00;146631;146630;Боталка(Студенты) — Поступашки;1866807276;;946144673;инфа/русский вполне можно без нее;;;;12027;https://t.me/botalkaaa;0;0;;
2026-08-01 11:12:10+00:00;146630;;Боталка(Студенты) — Поступашки;1866807276;;1817362619;шарющие ребята, подскажите плиз, есть ли смысл покупать подготовку к ЕГЭ. Что конкретно она дает? Можно ли подготовиться на 90+ без нее?;;23;;12027;https://t.me/botalkaaa;0;0;;
2026-08-01 10:06:54+00:00;146627;146590;Боталка(Студенты) — Поступашки;1866807276;;8629553944;шанс есть, техподдержка обычно самый лояльный вход без опыта, дальше уже сам расти в грейде;;;;12027;https://t.me/botalkaaa;0;0;;
2026-08-01 09:06:22+00:00;146624;;Боталка(Студенты) — Поступашки;1866807276;;892334142;MediaMessage;;0;;12027;https://t.me/botalkaaa;0;0;;
2026-08-01 09:06:22+00:00;146623;;Боталка(Студенты) — Поступашки;1866807276;;892334142;MediaMessage;;0;;12027;https://t.me/botalkaaa;0;0;;
2026-08-01 09:05:04+00:00;146622;;Боталка(Студенты) — Поступашки;1866807276;;892334142;Ребята, привет!  Ищем человека на удалённую **part-time работу в Web3.**  Что нужно делать: — искать крипто/Web3-проекты по критериям, — находить людей, принимающих решения и доводить их до созвона с нами, — писать им первое сообщение в Telegram, — вести простую таблицу отчётности.   Формат: — удалённо, — 3–6 часов в день, — можно без опыта, всему дадим инструкцию, — нужен базовый английский и аккуратность, — оплата: 5% со сделки, в среднем $400–500 за закрытие.  Подойдёт тем, кто хочет попробовать себя в **Web3, продажах, маркетинге или бизнес-развитии.**  Для старта дам короткое тестовое.;;0;;12027;https://t.me/botalkaaa;0;0;;
2026-08-01 01:38:02+00:00;146610;146609;Боталка(Студенты) — Поступашки;1866807276;;1606739624;а кто ей помешает;;;;12027;https://t.me/botalkaaa;0;0;;
2026-08-01 01:21:43+00:00;146609;146606;Боталка(Студенты) — Поступашки;1866807276;;5670134162;а алечку точно в армию возьмут?;;;;12027;https://t.me/botalkaaa;0;0;;
